path,label,source
..\..\DATA\datasetv2_TrainClean\train\ambulance\218315928.jpg,ambulance,..\..\DATA\datasetv2_TrainClean\train
..\..\DATA\datasetv2_TrainClean\clean\ambulance\216685886.jpg,ambulance,..\..\DATA\datasetv2_TrainClean\clean
..\..\DATA\datasetv2_TrainClean\train\kamyun\218585529.jpg,kamyun,..\..\DATA\datasetv2_TrainClean\train
..\..\DATA\datasetv2_TrainClean\train\ambulance\219078591.jpg,ambulance,..\..\DATA\datasetv2_TrainClean\train
..\..\DATA\datasetv2_TrainClean\train\vanet\216797745.jpg,vanet,..\..\DATA\datasetv2_TrainClean\train
..\..\DATA\dataset\train\minibus\215610138.jpg,minibus,..\..\DATA\dataset\train
..\..\DATA\dataset\clean\autobus\193813673.jpg,autobus,..\..\DATA\dataset\clean
..\..\DATA\datasetv2_TrainClean\clean\savari\217243561.jpg,savari,..\..\DATA\datasetv2_TrainClean\clean
..\..\DATA\datasetv2_TrainClean\train\autobus\218060991.jpg,autobus,..\..\DATA\datasetv2_TrainClean\train
..\..\DATA\datasetv2_TrainClean\clean\vanet\204556090.jpg,vanet,..\..\DATA\datasetv2_TrainClean\clean
..\..\DATA\datasetv2_TrainClean\clean\minibus\204541641.jpg,minibus,..\..\DATA\datasetv2_TrainClean\clean
..\..\DATA\datasetv2_TrainClean\clean\kamyun\218795910.jpg,kamyun,..\..\DATA\datasetv2_TrainClean\clean
..\..\DATA\datasetv2_TrainClean\train\minibus\215989638.jpg,minibus,..\..\DATA\datasetv2_TrainClean\train
..\..\DATA\datasetv2_TrainClean\train\kamyun\216483357.jpg,kamyun,..\..\DATA\datasetv2_TrainClean\train
..\..\DATA\dataset\train\taxi\198048598.jpg,taxi,..\..\DATA\dataset\train
..\..\DATA\datasetv2_TrainClean\train\kamyun\215780691.jpg,kamyun,..\..\DATA\datasetv2_TrainClean\train
..\..\DATA\datasetv2_TrainClean\train\taxi\217548779.jpg,taxi,..\..\DATA\datasetv2_TrainClean\train
..\..\DATA\datasetv2_TrainClean\clean\vanet\212468834.jpg,vanet,..\..\DATA\datasetv2_TrainClean\clean
..\..\DATA\datasetv2_TrainClean\clean\savari\210591541.jpg,savari,..\..\DATA\datasetv2_TrainClean\clean
..\..\DATA\datasetv2_TrainClean\clean\savari\202162130.jpg,savari,..\..\DATA\datasetv2_TrainClean\clean
..\..\DATA\datasetv2_TrainClean\train\savari\208516040.jpg,savari,..\..\DATA\datasetv2_TrainClean\train
..\..\DATA\datasetv2_TrainClean\train\autobus\216623717.jpg,autobus,..\..\DATA\datasetv2_TrainClean\train
..\..\DATA\datasetv2_TrainClean\clean\kamyun\216829724.jpg,kamyun,..\..\DATA\datasetv2_TrainClean\clean
..\..\DATA\datasetv2_TrainClean\train\kamyun\214617464.jpg,kamyun,..\..\DATA\datasetv2_TrainClean\train
..\..\DATA\dataset\clean\kamyun\216850292.jpg,kamyun,..\..\DATA\dataset\clean
..\..\DATA\datasetv2_TrainClean\train\vanet\202121208.jpg,vanet,..\..\DATA\datasetv2_TrainClean\train
..\..\DATA\datasetv2_TrainClean\clean\vanet\202758553.jpg,vanet,..\..\DATA\datasetv2_TrainClean\clean
..\..\DATA\datasetv2_TrainClean\train\ambulance\217986910.jpg,ambulance,..\..\DATA\datasetv2_TrainClean\train
..\..\DATA\datasetv2_TrainClean\clean\kamyun\219012783.jpg,kamyun,..\..\DATA\datasetv2_TrainClean\clean
..\..\DATA\datasetv2_TrainClean\train\taxi\199994844.jpg,taxi,..\..\DATA\datasetv2_TrainClean\train
..\..\DATA\datasetv2_TrainClean\clean\kamyun\216061754.jpg,kamyun,..\..\DATA\datasetv2_TrainClean\clean
..\..\DATA\datasetv2_TrainClean\train\kamyun\218532550.jpg,kamyun,..\..\DATA\datasetv2_TrainClean\train
..\..\DATA\datasetv2_TrainClean\clean\autobus\215710729.jpg,autobus,..\..\DATA\datasetv2_TrainClean\clean
..\..\DATA\datasetv2_TrainClean\train\autobus\217769175.jpg,autobus,..\..\DATA\datasetv2_TrainClean\train
..\..\DATA\datasetv2_TrainClean\train\autobus\218540163.jpg,autobus,..\..\DATA\datasetv2_TrainClean\train
..\..\DATA\dataset\clean\ambulance\219046558.jpg,ambulance,..\..\DATA\dataset\clean
..\..\DATA\datasetv2_TrainClean\train\savari\213545578.jpg,savari,..\..\DATA\datasetv2_TrainClean\train
..\..\DATA\datasetv2_TrainClean\clean\taxi\218687795.jpg,taxi,..\..\DATA\datasetv2_TrainClean\clean
..\..\DATA\datasetv2_TrainClean\clean\savari\201795618.jpg,savari,..\..\DATA\datasetv2_TrainClean\clean
..\..\DATA\datasetv2_TrainClean\train\savari\217403096.jpg,savari,..\..\DATA\datasetv2_TrainClean\train
..\..\DATA\dataset\clean\taxi\219091412.jpg,taxi,..\..\DATA\dataset\clean
..\..\DATA\datasetv2_TrainClean\clean\kamyun\217350352.jpg,kamyun,..\..\DATA\datasetv2_TrainClean\clean
..\..\DATA\datasetv2_TrainClean\clean\kamyun\218927452.jpg,kamyun,..\..\DATA\datasetv2_TrainClean\clean
..\..\DATA\datasetv2_TrainClean\train\taxi\196271367.jpg,taxi,..\..\DATA\datasetv2_TrainClean\train
..\..\DATA\datasetv2_TrainClean\train\kamyun\210749256.jpg,kamyun,..\..\DATA\datasetv2_TrainClean\train
..\..\DATA\datasetv2_TrainClean\train\savari\219084529.jpg,savari,..\..\DATA\datasetv2_TrainClean\train
..\..\DATA\datasetv2_TrainClean\clean\taxi\218243226.jpg,taxi,..\..\DATA\datasetv2_TrainClean\clean
..\..\DATA\datasetv2_TrainClean\clean\kamyun\216748572.jpg,kamyun,..\..\DATA\datasetv2_TrainClean\clean
..\..\DATA\datasetv2_TrainClean\clean\taxi\213723238.jpg,taxi,..\..\DATA\datasetv2_TrainClean\clean
..\..\DATA\datasetv2_TrainClean\train\ambulance\200805520.jpg,ambulance,..\..\DATA\datasetv2_TrainClean\train
..\..\DATA\datasetv2_TrainClean\clean\kamyun\215715240.jpg,kamyun,..\..\DATA\datasetv2_TrainClean\clean
..\..\DATA\datasetv2_TrainClean\train\kamyun\216062010.jpg,kamyun,..\..\DATA\datasetv2_TrainClean\train
..\..\DATA\datasetv2_TrainClean\clean\autobus\214543193.jpg,autobus,..\..\DATA\datasetv2_TrainClean\clean
..\..\DATA\datasetv2_TrainClean\train\minibus\218740708.jpg,minibus,..\..\DATA\datasetv2_TrainClean\train
..\..\DATA\datasetv2_TrainClean\train\minibus\216736603.jpg,minibus,..\..\DATA\datasetv2_TrainClean\train
..\..\DATA\datasetv2_TrainClean\clean\savari\216079866.jpg,savari,..\..\DATA\datasetv2_TrainClean\clean
..\..\DATA\dataset\clean\kamyun\203161511.jpg,kamyun,..\..\DATA\dataset\clean
..\..\DATA\datasetv2_TrainClean\clean\kamyun\219066213.jpg,kamyun,..\..\DATA\datasetv2_TrainClean\clean
..\..\DATA\dataset\train\kamyun\215673011.jpg,kamyun,..\..\DATA\dataset\train
..\..\DATA\datasetv2_TrainClean\clean\autobus\218486197.jpg,autobus,..\..\DATA\datasetv2_TrainClean\clean
..\..\DATA\datasetv2_TrainClean\clean\kamyun\216013680.jpg,kamyun,..\..\DATA\datasetv2_TrainClean\clean
..\..\DATA\datasetv2_TrainClean\clean\kamyun\217831667.jpg,kamyun,..\..\DATA\datasetv2_TrainClean\clean
..\..\DATA\dataset\clean\kamyun\218903080.jpg,kamyun,..\..\DATA\dataset\clean
..\..\DATA\datasetv2_TrainClean\train\minibus\210170230.jpg,minibus,..\..\DATA\datasetv2_TrainClean\train
..\..\DATA\dataset\train\taxi\217951846.jpg,taxi,..\..\DATA\dataset\train
..\..\DATA\datasetv2_TrainClean\train\vanet\199339196.jpg,vanet,..\..\DATA\datasetv2_TrainClean\train
..\..\DATA\dataset\clean\ambulance\218644798.jpg,ambulance,..\..\DATA\dataset\clean
..\..\DATA\datasetv2_TrainClean\train\autobus\216714407.jpg,autobus,..\..\DATA\datasetv2_TrainClean\train
..\..\DATA\dataset\train\ambulance\216224583.jpg,ambulance,..\..\DATA\dataset\train
..\..\DATA\datasetv2_TrainClean\clean\kamyun\218771525.jpg,kamyun,..\..\DATA\datasetv2_TrainClean\clean
..\..\DATA\datasetv2_TrainClean\clean\taxi\218140851.jpg,taxi,..\..\DATA\datasetv2_TrainClean\clean
..\..\DATA\datasetv2_TrainClean\train\vanet\199942704.jpg,vanet,..\..\DATA\datasetv2_TrainClean\train
..\..\DATA\datasetv2_TrainClean\train\autobus\218417318.jpg,autobus,..\..\DATA\datasetv2_TrainClean\train
..\..\DATA\dataset\train\vanet\199411077.jpg,vanet,..\..\DATA\dataset\train
..\..\DATA\datasetv2_TrainClean\train\kamyun\218161653.jpg,kamyun,..\..\DATA\datasetv2_TrainClean\train
..\..\DATA\datasetv2_TrainClean\train\vanet\197050396.jpg,vanet,..\..\DATA\datasetv2_TrainClean\train
..\..\DATA\datasetv2_TrainClean\train\taxi\218832954.jpg,taxi,..\..\DATA\datasetv2_TrainClean\train
..\..\DATA\datasetv2_TrainClean\clean\vanet\198838713.jpg,vanet,..\..\DATA\datasetv2_TrainClean\clean
..\..\DATA\datasetv2_TrainClean\clean\minibus\218252019.jpg,minibus,..\..\DATA\datasetv2_TrainClean\clean
..\..\DATA\dataset\clean\minibus\218466798.jpg,minibus,..\..\DATA\dataset\clean
..\..\DATA\datasetv2_TrainClean\train\autobus\216559230.jpg,autobus,..\..\DATA\datasetv2_TrainClean\train
..\..\DATA\datasetv2_TrainClean\train\vanet\203265997.jpg,vanet,..\..\DATA\datasetv2_TrainClean\train
..\..\DATA\dataset\clean\savari\210494128.jpg,savari,..\..\DATA\dataset\clean
..\..\DATA\datasetv2_TrainClean\clean\vanet\208840760.jpg,vanet,..\..\DATA\datasetv2_TrainClean\clean
..\..\DATA\dataset\clean\savari\216860877.jpg,savari,..\..\DATA\dataset\clean
..\..\DATA\datasetv2_TrainClean\train\kamyun\215933911.jpg,kamyun,..\..\DATA\datasetv2_TrainClean\train
..\..\DATA\dataset\clean\taxi\218212988.jpg,taxi,..\..\DATA\dataset\clean
..\..\DATA\datasetv2_TrainClean\train\autobus\196513999.jpg,autobus,..\..\DATA\datasetv2_TrainClean\train
..\..\DATA\dataset\clean\minibus\218542930.jpg,minibus,..\..\DATA\dataset\clean
..\..\DATA\datasetv2_TrainClean\clean\vanet\208131330.jpg,vanet,..\..\DATA\datasetv2_TrainClean\clean
..\..\DATA\datasetv2_TrainClean\clean\vanet\197629171.jpg,vanet,..\..\DATA\datasetv2_TrainClean\clean
..\..\DATA\datasetv2_TrainClean\train\savari\218745687.jpg,savari,..\..\DATA\datasetv2_TrainClean\train
..\..\DATA\datasetv2_TrainClean\train\kamyun\197346827.jpg,kamyun,..\..\DATA\datasetv2_TrainClean\train
..\..\DATA\datasetv2_TrainClean\clean\savari\201454407.jpg,savari,..\..\DATA\datasetv2_TrainClean\clean
..\..\DATA\datasetv2_TrainClean\clean\kamyun\215809055.jpg,kamyun,..\..\DATA\datasetv2_TrainClean\clean
..\..\DATA\datasetv2_TrainClean\clean\taxi\197862478.jpg,taxi,..\..\DATA\datasetv2_TrainClean\clean
..\..\DATA\datasetv2_TrainClean\clean\kamyun\217189439.jpg,kamyun,..\..\DATA\datasetv2_TrainClean\clean
..\..\DATA\datasetv2_TrainClean\clean\savari\209690806.jpg,savari,..\..\DATA\datasetv2_TrainClean\clean
..\..\DATA\datasetv2_TrainClean\train\savari\213298031.jpg,savari,..\..\DATA\datasetv2_TrainClean\train
..\..\DATA\datasetv2_TrainClean\train\ambulance\218384303.jpg,ambulance,..\..\DATA\datasetv2_TrainClean\train
..\..\DATA\datasetv2_TrainClean\clean\vanet\200794546.jpg,vanet,..\..\DATA\datasetv2_TrainClean\clean
..\..\DATA\datasetv2_TrainClean\clean\autobus\216933271.jpg,autobus,..\..\DATA\datasetv2_TrainClean\clean
..\..\DATA\datasetv2_TrainClean\train\minibus\210108171.jpg,minibus,..\..\DATA\datasetv2_TrainClean\train
..\..\DATA\datasetv2_TrainClean\train\ambulance\215998859.jpg,ambulance,..\..\DATA\datasetv2_TrainClean\train
..\..\DATA\datasetv2_TrainClean\train\savari\208698681.jpg,savari,..\..\DATA\datasetv2_TrainClean\train
..\..\DATA\dataset\clean\kamyun\216023451.jpg,kamyun,..\..\DATA\dataset\clean
..\..\DATA\datasetv2_TrainClean\train\savari\216912005.jpg,savari,..\..\DATA\datasetv2_TrainClean\train
..\..\DATA\datasetv2_TrainClean\train\vanet\195691366.jpg,vanet,..\..\DATA\datasetv2_TrainClean\train
..\..\DATA\datasetv2_TrainClean\train\savari\218569843.jpg,savari,..\..\DATA\datasetv2_TrainClean\train
..\..\DATA\datasetv2_TrainClean\clean\kamyun\216673880.jpg,kamyun,..\..\DATA\datasetv2_TrainClean\clean
..\..\DATA\datasetv2_TrainClean\clean\autobus\216649816.jpg,autobus,..\..\DATA\datasetv2_TrainClean\clean
..\..\DATA\datasetv2_TrainClean\train\kamyun\218974741.jpg,kamyun,..\..\DATA\datasetv2_TrainClean\train
..\..\DATA\dataset\clean\vanet\198661396.jpg,vanet,..\..\DATA\dataset\clean
..\..\DATA\datasetv2_TrainClean\clean\vanet\195371292.jpg,vanet,..\..\DATA\datasetv2_TrainClean\clean
..\..\DATA\datasetv2_TrainClean\clean\vanet\218251629.jpg,vanet,..\..\DATA\datasetv2_TrainClean\clean
..\..\DATA\datasetv2_TrainClean\train\ambulance\211966435.jpg,ambulance,..\..\DATA\datasetv2_TrainClean\train
..\..\DATA\datasetv2_TrainClean\train\taxi\215741938.jpg,taxi,..\..\DATA\datasetv2_TrainClean\train
..\..\DATA\dataset\train\kamyun\210064050.jpg,kamyun,..\..\DATA\dataset\train
..\..\DATA\datasetv2_TrainClean\train\kamyun\219021636.jpg,kamyun,..\..\DATA\datasetv2_TrainClean\train
..\..\DATA\dataset\clean\taxi\212556511.jpg,taxi,..\..\DATA\dataset\clean
..\..\DATA\datasetv2_TrainClean\clean\kamyun\215647485.jpg,kamyun,..\..\DATA\datasetv2_TrainClean\clean
..\..\DATA\datasetv2_TrainClean\clean\kamyun\216962905.jpg,kamyun,..\..\DATA\datasetv2_TrainClean\clean
..\..\DATA\datasetv2_TrainClean\train\autobus\213844436.jpg,autobus,..\..\DATA\datasetv2_TrainClean\train
..\..\DATA\dataset\clean\vanet\207758538.jpg,vanet,..\..\DATA\dataset\clean
..\..\DATA\dataset\clean\ambulance\200396165.jpg,ambulance,..\..\DATA\dataset\clean
..\..\DATA\dataset\train\ambulance\217477434.jpg,ambulance,..\..\DATA\dataset\train
..\..\DATA\datasetv2_TrainClean\train\ambulance\213805984.jpg,ambulance,..\..\DATA\datasetv2_TrainClean\train
..\..\DATA\datasetv2_TrainClean\clean\kamyun\208307172.jpg,kamyun,..\..\DATA\datasetv2_TrainClean\clean
..\..\DATA\datasetv2_TrainClean\clean\kamyun\214490765.jpg,kamyun,..\..\DATA\datasetv2_TrainClean\clean
..\..\DATA\datasetv2_TrainClean\clean\vanet\218022599.jpg,vanet,..\..\DATA\datasetv2_TrainClean\clean
..\..\DATA\datasetv2_TrainClean\clean\savari\211872752.jpg,savari,..\..\DATA\datasetv2_TrainClean\clean
..\..\DATA\dataset\train\autobus\213843804.jpg,autobus,..\..\DATA\dataset\train
..\..\DATA\datasetv2_TrainClean\train\kamyun\217758646.jpg,kamyun,..\..\DATA\datasetv2_TrainClean\train
..\..\DATA\datasetv2_TrainClean\train\kamyun\216491496.jpg,kamyun,..\..\DATA\datasetv2_TrainClean\train
..\..\DATA\datasetv2_TrainClean\train\taxi\193797292.jpg,taxi,..\..\DATA\datasetv2_TrainClean\train
..\..\DATA\datasetv2_TrainClean\train\kamyun\196943134.jpg,kamyun,..\..\DATA\datasetv2_TrainClean\train
..\..\DATA\dataset\clean\autobus\216324107.jpg,autobus,..\..\DATA\dataset\clean
..\..\DATA\datasetv2_TrainClean\clean\vanet\213323692.jpg,vanet,..\..\DATA\datasetv2_TrainClean\clean
..\..\DATA\datasetv2_TrainClean\clean\savari\210955415.jpg,savari,..\..\DATA\datasetv2_TrainClean\clean
..\..\DATA\datasetv2_TrainClean\clean\taxi\218443077.jpg,taxi,..\..\DATA\datasetv2_TrainClean\clean
..\..\DATA\datasetv2_TrainClean\train\kamyun\200467078.jpg,kamyun,..\..\DATA\datasetv2_TrainClean\train
..\..\DATA\datasetv2_TrainClean\clean\vanet\195311741.jpg,vanet,..\..\DATA\datasetv2_TrainClean\clean
..\..\DATA\datasetv2_TrainClean\clean\kamyun\218279230.jpg,kamyun,..\..\DATA\datasetv2_TrainClean\clean
..\..\DATA\datasetv2_TrainClean\train\vanet\215621022.jpg,vanet,..\..\DATA\datasetv2_TrainClean\train
..\..\DATA\datasetv2_TrainClean\clean\ambulance\214644650.jpg,ambulance,..\..\DATA\datasetv2_TrainClean\clean
..\..\DATA\datasetv2_TrainClean\clean\taxi\216828711.jpg,taxi,..\..\DATA\datasetv2_TrainClean\clean
..\..\DATA\datasetv2_TrainClean\clean\autobus\218933062.jpg,autobus,..\..\DATA\datasetv2_TrainClean\clean
..\..\DATA\datasetv2_TrainClean\train\autobus\216264423.jpg,autobus,..\..\DATA\datasetv2_TrainClean\train
..\..\DATA\datasetv2_TrainClean\clean\savari\200499854.jpg,savari,..\..\DATA\datasetv2_TrainClean\clean
..\..\DATA\datasetv2_TrainClean\clean\taxi\213192920.jpg,taxi,..\..\DATA\datasetv2_TrainClean\clean
..\..\DATA\datasetv2_TrainClean\clean\savari\217249647.jpg,savari,..\..\DATA\datasetv2_TrainClean\clean
..\..\DATA\datasetv2_TrainClean\clean\minibus\197446621.jpg,minibus,..\..\DATA\datasetv2_TrainClean\clean
..\..\DATA\datasetv2_TrainClean\clean\taxi\218076751.jpg,taxi,..\..\DATA\datasetv2_TrainClean\clean
..\..\DATA\datasetv2_TrainClean\train\kamyun\215951709.jpg,kamyun,..\..\DATA\datasetv2_TrainClean\train
..\..\DATA\datasetv2_TrainClean\clean\taxi\217212092.jpg,taxi,..\..\DATA\datasetv2_TrainClean\clean
..\..\DATA\datasetv2_TrainClean\clean\autobus\216947203.jpg,autobus,..\..\DATA\datasetv2_TrainClean\clean
..\..\DATA\dataset\train\ambulance\215691126.jpg,ambulance,..\..\DATA\dataset\train
..\..\DATA\datasetv2_TrainClean\clean\ambulance\217998219.jpg,ambulance,..\..\DATA\datasetv2_TrainClean\clean
..\..\DATA\datasetv2_TrainClean\clean\kamyun\216891505.jpg,kamyun,..\..\DATA\datasetv2_TrainClean\clean
..\..\DATA\dataset\clean\kamyun\217998174.jpg,kamyun,..\..\DATA\dataset\clean
..\..\DATA\datasetv2_TrainClean\train\minibus\215984229.jpg,minibus,..\..\DATA\datasetv2_TrainClean\train
..\..\DATA\datasetv2_TrainClean\train\savari\216426931.jpg,savari,..\..\DATA\datasetv2_TrainClean\train
..\..\DATA\datasetv2_TrainClean\train\savari\213336730.jpg,savari,..\..\DATA\datasetv2_TrainClean\train
..\..\DATA\datasetv2_TrainClean\train\minibus\216127555.jpg,minibus,..\..\DATA\datasetv2_TrainClean\train
..\..\DATA\datasetv2_TrainClean\clean\vanet\198180001.jpg,vanet,..\..\DATA\datasetv2_TrainClean\clean
..\..\DATA\datasetv2_TrainClean\clean\vanet\207534276.jpg,vanet,..\..\DATA\datasetv2_TrainClean\clean
..\..\DATA\datasetv2_TrainClean\clean\autobus\218010594.jpg,autobus,..\..\DATA\datasetv2_TrainClean\clean
..\..\DATA\datasetv2_TrainClean\train\autobus\193143598.jpg,autobus,..\..\DATA\datasetv2_TrainClean\train
..\..\DATA\datasetv2_TrainClean\train\kamyun\213332262.jpg,kamyun,..\..\DATA\datasetv2_TrainClean\train
..\..\DATA\datasetv2_TrainClean\clean\kamyun\216533545.jpg,kamyun,..\..\DATA\datasetv2_TrainClean\clean
..\..\DATA\datasetv2_TrainClean\train\ambulance\218204858.jpg,ambulance,..\..\DATA\datasetv2_TrainClean\train
..\..\DATA\dataset\train\minibus\197490596.jpg,minibus,..\..\DATA\dataset\train
..\..\DATA\dataset\train\autobus\205343679.jpg,autobus,..\..\DATA\dataset\train
..\..\DATA\datasetv2_TrainClean\train\taxi\216016502.jpg,taxi,..\..\DATA\datasetv2_TrainClean\train
..\..\DATA\datasetv2_TrainClean\train\kamyun\219082928.jpg,kamyun,..\..\DATA\datasetv2_TrainClean\train
..\..\DATA\datasetv2_TrainClean\train\minibus\214730971.jpg,minibus,..\..\DATA\datasetv2_TrainClean\train
..\..\DATA\datasetv2_TrainClean\train\kamyun\216010811.jpg,kamyun,..\..\DATA\datasetv2_TrainClean\train
..\..\DATA\datasetv2_TrainClean\clean\autobus\198451326.jpg,autobus,..\..\DATA\datasetv2_TrainClean\clean
..\..\DATA\datasetv2_TrainClean\clean\autobus\216103002.jpg,autobus,..\..\DATA\datasetv2_TrainClean\clean
..\..\DATA\datasetv2_TrainClean\clean\autobus\215769366.jpg,autobus,..\..\DATA\datasetv2_TrainClean\clean
..\..\DATA\datasetv2_TrainClean\train\taxi\217747000.jpg,taxi,..\..\DATA\datasetv2_TrainClean\train
..\..\DATA\dataset\train\vanet\218579053.jpg,vanet,..\..\DATA\dataset\train
..\..\DATA\datasetv2_TrainClean\clean\kamyun\218028621.jpg,kamyun,..\..\DATA\datasetv2_TrainClean\clean
..\..\DATA\dataset\train\ambulance\205326290.jpg,ambulance,..\..\DATA\dataset\train
..\..\DATA\datasetv2_TrainClean\train\minibus\205924190.jpg,minibus,..\..\DATA\datasetv2_TrainClean\train
..\..\DATA\datasetv2_TrainClean\clean\autobus\212866341.jpg,autobus,..\..\DATA\datasetv2_TrainClean\clean
..\..\DATA\dataset\clean\vanet\208014246.jpg,vanet,..\..\DATA\dataset\clean
..\..\DATA\datasetv2_TrainClean\clean\autobus\215872433.jpg,autobus,..\..\DATA\datasetv2_TrainClean\clean
..\..\DATA\datasetv2_TrainClean\clean\kamyun\218378715.jpg,kamyun,..\..\DATA\datasetv2_TrainClean\clean
..\..\DATA\datasetv2_TrainClean\train\kamyun\218231967.jpg,kamyun,..\..\DATA\datasetv2_TrainClean\train
..\..\DATA\datasetv2_TrainClean\train\kamyun\216071433.jpg,kamyun,..\..\DATA\datasetv2_TrainClean\train
..\..\DATA\datasetv2_TrainClean\clean\minibus\217217959.jpg,minibus,..\..\DATA\datasetv2_TrainClean\clean
..\..\DATA\dataset\train\autobus\216802875.jpg,autobus,..\..\DATA\dataset\train
..\..\DATA\datasetv2_TrainClean\clean\savari\200931514.jpg,savari,..\..\DATA\datasetv2_TrainClean\clean
..\..\DATA\datasetv2_TrainClean\train\kamyun\218884618.jpg,kamyun,..\..\DATA\datasetv2_TrainClean\train
..\..\DATA\dataset\clean\taxi\214761981.jpg,taxi,..\..\DATA\dataset\clean
..\..\DATA\dataset\train\kamyun\217960658.jpg,kamyun,..\..\DATA\dataset\train
..\..\DATA\datasetv2_TrainClean\clean\taxi\215730723.jpg,taxi,..\..\DATA\datasetv2_TrainClean\clean
..\..\DATA\datasetv2_TrainClean\clean\kamyun\207598810.jpg,kamyun,..\..\DATA\datasetv2_TrainClean\clean
..\..\DATA\datasetv2_TrainClean\train\minibus\216912246.jpg,minibus,..\..\DATA\datasetv2_TrainClean\train
..\..\DATA\datasetv2_TrainClean\clean\ambulance\211881113.jpg,ambulance,..\..\DATA\datasetv2_TrainClean\clean
..\..\DATA\datasetv2_TrainClean\train\autobus\217140059.jpg,autobus,..\..\DATA\datasetv2_TrainClean\train
..\..\DATA\datasetv2_TrainClean\train\taxi\216373693.jpg,taxi,..\..\DATA\datasetv2_TrainClean\train
..\..\DATA\datasetv2_TrainClean\train\autobus\216010502.jpg,autobus,..\..\DATA\datasetv2_TrainClean\train
..\..\DATA\datasetv2_TrainClean\clean\autobus\218988618.jpg,autobus,..\..\DATA\datasetv2_TrainClean\clean
..\..\DATA\datasetv2_TrainClean\clean\kamyun\218720842.jpg,kamyun,..\..\DATA\datasetv2_TrainClean\clean
..\..\DATA\dataset\clean\savari\217510361.jpg,savari,..\..\DATA\dataset\clean
..\..\DATA\datasetv2_TrainClean\train\autobus\217971815.jpg,autobus,..\..\DATA\datasetv2_TrainClean\train
..\..\DATA\datasetv2_TrainClean\clean\minibus\195418798.jpg,minibus,..\..\DATA\datasetv2_TrainClean\clean
..\..\DATA\datasetv2_TrainClean\train\autobus\211692128.jpg,autobus,..\..\DATA\datasetv2_TrainClean\train
..\..\DATA\datasetv2_TrainClean\train\taxi\215875418.jpg,taxi,..\..\DATA\datasetv2_TrainClean\train
..\..\DATA\datasetv2_TrainClean\train\vanet\216608800.jpg,vanet,..\..\DATA\datasetv2_TrainClean\train
..\..\DATA\datasetv2_TrainClean\train\kamyun\217170352.jpg,kamyun,..\..\DATA\datasetv2_TrainClean\train
..\..\DATA\datasetv2_TrainClean\clean\vanet\198165650.jpg,vanet,..\..\DATA\datasetv2_TrainClean\clean
..\..\DATA\dataset\clean\ambulance\219048928.jpg,ambulance,..\..\DATA\dataset\clean
..\..\DATA\datasetv2_TrainClean\clean\kamyun\218097257.jpg,kamyun,..\..\DATA\datasetv2_TrainClean\clean
..\..\DATA\dataset\clean\minibus\215872386.jpg,minibus,..\..\DATA\dataset\clean
..\..\DATA\datasetv2_TrainClean\clean\kamyun\219084652.jpg,kamyun,..\..\DATA\datasetv2_TrainClean\clean
..\..\DATA\datasetv2_TrainClean\train\taxi\196903889.jpg,taxi,..\..\DATA\datasetv2_TrainClean\train
..\..\DATA\datasetv2_TrainClean\train\taxi\218887865.jpg,taxi,..\..\DATA\datasetv2_TrainClean\train
..\..\DATA\dataset\train\taxi\218937266.jpg,taxi,..\..\DATA\dataset\train
..\..\DATA\datasetv2_TrainClean\train\taxi\216435100.jpg,taxi,..\..\DATA\datasetv2_TrainClean\train
..\..\DATA\dataset\train\savari\214361998.jpg,savari,..\..\DATA\dataset\train
..\..\DATA\datasetv2_TrainClean\train\vanet\210379308.jpg,vanet,..\..\DATA\datasetv2_TrainClean\train
..\..\DATA\datasetv2_TrainClean\train\savari\216157894.jpg,savari,..\..\DATA\datasetv2_TrainClean\train
..\..\DATA\datasetv2_TrainClean\train\savari\198600953.jpg,savari,..\..\DATA\datasetv2_TrainClean\train
..\..\DATA\datasetv2_TrainClean\train\vanet\213474257.jpg,vanet,..\..\DATA\datasetv2_TrainClean\train
..\..\DATA\datasetv2_TrainClean\clean\kamyun\209576488.jpg,kamyun,..\..\DATA\datasetv2_TrainClean\clean
..\..\DATA\datasetv2_TrainClean\clean\savari\201795933.jpg,savari,..\..\DATA\datasetv2_TrainClean\clean
..\..\DATA\datasetv2_TrainClean\clean\kamyun\218167231.jpg,kamyun,..\..\DATA\datasetv2_TrainClean\clean
..\..\DATA\dataset\clean\minibus\215617838.jpg,minibus,..\..\DATA\dataset\clean
..\..\DATA\datasetv2_TrainClean\clean\autobus\217979622.jpg,autobus,..\..\DATA\datasetv2_TrainClean\clean
..\..\DATA\dataset\clean\vanet\197495997.jpg,vanet,..\..\DATA\dataset\clean
..\..\DATA\datasetv2_TrainClean\clean\taxi\217978353.jpg,taxi,..\..\DATA\datasetv2_TrainClean\clean
..\..\DATA\datasetv2_TrainClean\clean\vanet\205272178.jpg,vanet,..\..\DATA\datasetv2_TrainClean\clean
..\..\DATA\datasetv2_TrainClean\train\kamyun\217219987.jpg,kamyun,..\..\DATA\datasetv2_TrainClean\train
..\..\DATA\dataset\train\minibus\218049788.jpg,minibus,..\..\DATA\dataset\train
..\..\DATA\datasetv2_TrainClean\clean\taxi\215610691.jpg,taxi,..\..\DATA\datasetv2_TrainClean\clean
..\..\DATA\datasetv2_TrainClean\train\savari\211163295.jpg,savari,..\..\DATA\datasetv2_TrainClean\train
..\..\DATA\datasetv2_TrainClean\train\minibus\218901213.jpg,minibus,..\..\DATA\datasetv2_TrainClean\train
..\..\DATA\datasetv2_TrainClean\clean\kamyun\218685223.jpg,kamyun,..\..\DATA\datasetv2_TrainClean\clean
..\..\DATA\datasetv2_TrainClean\clean\ambulance\214851600.jpg,ambulance,..\..\DATA\datasetv2_TrainClean\clean
..\..\DATA\dataset\clean\savari\215723061.jpg,savari,..\..\DATA\dataset\clean
..\..\DATA\datasetv2_TrainClean\clean\savari\215537143.jpg,savari,..\..\DATA\datasetv2_TrainClean\clean
..\..\DATA\datasetv2_TrainClean\clean\savari\199838206.jpg,savari,..\..\DATA\datasetv2_TrainClean\clean
..\..\DATA\datasetv2_TrainClean\train\savari\206140594.jpg,savari,..\..\DATA\datasetv2_TrainClean\train
..\..\DATA\dataset\clean\minibus\215771082.jpg,minibus,..\..\DATA\dataset\clean
..\..\DATA\datasetv2_TrainClean\clean\taxi\213293394.jpg,taxi,..\..\DATA\datasetv2_TrainClean\clean
..\..\DATA\dataset\train\minibus\216769695.jpg,minibus,..\..\DATA\dataset\train
..\..\DATA\datasetv2_TrainClean\train\savari\216019459.jpg,savari,..\..\DATA\datasetv2_TrainClean\train
..\..\DATA\datasetv2_TrainClean\clean\taxi\216041867.jpg,taxi,..\..\DATA\datasetv2_TrainClean\clean
..\..\DATA\dataset\train\minibus\198108578.jpg,minibus,..\..\DATA\dataset\train
..\..\DATA\datasetv2_TrainClean\train\autobus\218333729.jpg,autobus,..\..\DATA\datasetv2_TrainClean\train
..\..\DATA\datasetv2_TrainClean\train\savari\205354762.jpg,savari,..\..\DATA\datasetv2_TrainClean\train
..\..\DATA\dataset\clean\minibus\215692736.jpg,minibus,..\..\DATA\dataset\clean
..\..\DATA\datasetv2_TrainClean\train\taxi\211808656.jpg,taxi,..\..\DATA\datasetv2_TrainClean\train
..\..\DATA\datasetv2_TrainClean\train\kamyun\218729502.jpg,kamyun,..\..\DATA\datasetv2_TrainClean\train
..\..\DATA\datasetv2_TrainClean\clean\savari\217699390.jpg,savari,..\..\DATA\datasetv2_TrainClean\clean
..\..\DATA\datasetv2_TrainClean\clean\minibus\218717370.jpg,minibus,..\..\DATA\datasetv2_TrainClean\clean
..\..\DATA\datasetv2_TrainClean\train\minibus\217995231.jpg,minibus,..\..\DATA\datasetv2_TrainClean\train
..\..\DATA\datasetv2_TrainClean\train\vanet\203138968.jpg,vanet,..\..\DATA\datasetv2_TrainClean\train
..\..\DATA\datasetv2_TrainClean\train\ambulance\209741797.jpg,ambulance,..\..\DATA\datasetv2_TrainClean\train
..\..\DATA\datasetv2_TrainClean\train\taxi\217285903.jpg,taxi,..\..\DATA\datasetv2_TrainClean\train
..\..\DATA\datasetv2_TrainClean\clean\vanet\209320911.jpg,vanet,..\..\DATA\datasetv2_TrainClean\clean
..\..\DATA\dataset\clean\minibus\195904076.jpg,minibus,..\..\DATA\dataset\clean
..\..\DATA\datasetv2_TrainClean\train\vanet\206739448.jpg,vanet,..\..\DATA\datasetv2_TrainClean\train
..\..\DATA\datasetv2_TrainClean\train\minibus\216127047.jpg,minibus,..\..\DATA\datasetv2_TrainClean\train
..\..\DATA\datasetv2_TrainClean\train\kamyun\218828446.jpg,kamyun,..\..\DATA\datasetv2_TrainClean\train
..\..\DATA\datasetv2_TrainClean\clean\taxi\215970135.jpg,taxi,..\..\DATA\datasetv2_TrainClean\clean
..\..\DATA\datasetv2_TrainClean\clean\vanet\217493909.jpg,vanet,..\..\DATA\datasetv2_TrainClean\clean
..\..\DATA\datasetv2_TrainClean\train\kamyun\197919393.jpg,kamyun,..\..\DATA\datasetv2_TrainClean\train
..\..\DATA\datasetv2_TrainClean\train\minibus\218147720.jpg,minibus,..\..\DATA\datasetv2_TrainClean\train
..\..\DATA\datasetv2_TrainClean\clean\minibus\194268546.jpg,minibus,..\..\DATA\datasetv2_TrainClean\clean
..\..\DATA\datasetv2_TrainClean\train\taxi\217478871.jpg,taxi,..\..\DATA\datasetv2_TrainClean\train
..\..\DATA\datasetv2_TrainClean\clean\kamyun\216045130.jpg,kamyun,..\..\DATA\datasetv2_TrainClean\clean
..\..\DATA\datasetv2_TrainClean\train\minibus\215690344.jpg,minibus,..\..\DATA\datasetv2_TrainClean\train
..\..\DATA\datasetv2_TrainClean\train\taxi\216618122.jpg,taxi,..\..\DATA\datasetv2_TrainClean\train
..\..\DATA\datasetv2_TrainClean\clean\kamyun\217070577.jpg,kamyun,..\..\DATA\datasetv2_TrainClean\clean
..\..\DATA\dataset\clean\vanet\208586813.jpg,vanet,..\..\DATA\dataset\clean
..\..\DATA\datasetv2_TrainClean\train\taxi\196019684.jpg,taxi,..\..\DATA\datasetv2_TrainClean\train
..\..\DATA\datasetv2_TrainClean\train\savari\217066965.jpg,savari,..\..\DATA\datasetv2_TrainClean\train
..\..\DATA\datasetv2_TrainClean\train\kamyun\218866893.jpg,kamyun,..\..\DATA\datasetv2_TrainClean\train
..\..\DATA\datasetv2_TrainClean\train\vanet\208593884.jpg,vanet,..\..\DATA\datasetv2_TrainClean\train
..\..\DATA\datasetv2_TrainClean\train\minibus\210100594.jpg,minibus,..\..\DATA\datasetv2_TrainClean\train
..\..\DATA\datasetv2_TrainClean\train\ambulance\218701191.jpg,ambulance,..\..\DATA\datasetv2_TrainClean\train
..\..\DATA\datasetv2_TrainClean\train\savari\218827119.jpg,savari,..\..\DATA\datasetv2_TrainClean\train
..\..\DATA\datasetv2_TrainClean\clean\vanet\216335667.jpg,vanet,..\..\DATA\datasetv2_TrainClean\clean
..\..\DATA\datasetv2_TrainClean\clean\vanet\208044083.jpg,vanet,..\..\DATA\datasetv2_TrainClean\clean
..\..\DATA\datasetv2_TrainClean\clean\ambulance\216056611.jpg,ambulance,..\..\DATA\datasetv2_TrainClean\clean
..\..\DATA\datasetv2_TrainClean\train\kamyun\217007653.jpg,kamyun,..\..\DATA\datasetv2_TrainClean\train
..\..\DATA\datasetv2_TrainClean\clean\kamyun\196513453.jpg,kamyun,..\..\DATA\datasetv2_TrainClean\clean
..\..\DATA\datasetv2_TrainClean\clean\minibus\210102500.jpg,minibus,..\..\DATA\datasetv2_TrainClean\clean
..\..\DATA\dataset\train\autobus\218787299.jpg,autobus,..\..\DATA\dataset\train
..\..\DATA\datasetv2_TrainClean\train\minibus\216024184.jpg,minibus,..\..\DATA\datasetv2_TrainClean\train
..\..\DATA\dataset\clean\savari\218689207.jpg,savari,..\..\DATA\dataset\clean
..\..\DATA\datasetv2_TrainClean\train\autobus\218778454.jpg,autobus,..\..\DATA\datasetv2_TrainClean\train
..\..\DATA\datasetv2_TrainClean\train\savari\218569012.jpg,savari,..\..\DATA\datasetv2_TrainClean\train
..\..\DATA\datasetv2_TrainClean\clean\kamyun\216536045.jpg,kamyun,..\..\DATA\datasetv2_TrainClean\clean
..\..\DATA\datasetv2_TrainClean\clean\taxi\198126746.jpg,taxi,..\..\DATA\datasetv2_TrainClean\clean
..\..\DATA\datasetv2_TrainClean\train\minibus\193880181.jpg,minibus,..\..\DATA\datasetv2_TrainClean\train
..\..\DATA\datasetv2_TrainClean\train\savari\210403204.jpg,savari,..\..\DATA\datasetv2_TrainClean\train
..\..\DATA\datasetv2_TrainClean\clean\vanet\207848730.jpg,vanet,..\..\DATA\datasetv2_TrainClean\clean
..\..\DATA\dataset\clean\minibus\215893666.jpg,minibus,..\..\DATA\dataset\clean
..\..\DATA\datasetv2_TrainClean\train\minibus\198466093.jpg,minibus,..\..\DATA\datasetv2_TrainClean\train
..\..\DATA\dataset\train\ambulance\217506368.jpg,ambulance,..\..\DATA\dataset\train
..\..\DATA\dataset\train\kamyun\216965741.jpg,kamyun,..\..\DATA\dataset\train
..\..\DATA\datasetv2_TrainClean\train\savari\218591795.jpg,savari,..\..\DATA\datasetv2_TrainClean\train
..\..\DATA\datasetv2_TrainClean\train\vanet\198246401.jpg,vanet,..\..\DATA\datasetv2_TrainClean\train
..\..\DATA\datasetv2_TrainClean\train\autobus\215186162.jpg,autobus,..\..\DATA\datasetv2_TrainClean\train
..\..\DATA\datasetv2_TrainClean\train\kamyun\218063376.jpg,kamyun,..\..\DATA\datasetv2_TrainClean\train
..\..\DATA\datasetv2_TrainClean\clean\autobus\217923117.jpg,autobus,..\..\DATA\datasetv2_TrainClean\clean
..\..\DATA\datasetv2_TrainClean\clean\kamyun\218699915.jpg,kamyun,..\..\DATA\datasetv2_TrainClean\clean
..\..\DATA\datasetv2_TrainClean\train\kamyun\218760762.jpg,kamyun,..\..\DATA\datasetv2_TrainClean\train
..\..\DATA\dataset\clean\vanet\207857872.jpg,vanet,..\..\DATA\dataset\clean
..\..\DATA\datasetv2_TrainClean\clean\minibus\217952305.jpg,minibus,..\..\DATA\datasetv2_TrainClean\clean
..\..\DATA\datasetv2_TrainClean\train\kamyun\219057756.jpg,kamyun,..\..\DATA\datasetv2_TrainClean\train
..\..\DATA\datasetv2_TrainClean\clean\kamyun\215829124.jpg,kamyun,..\..\DATA\datasetv2_TrainClean\clean
..\..\DATA\dataset\clean\ambulance\218771670.jpg,ambulance,..\..\DATA\dataset\clean
..\..\DATA\datasetv2_TrainClean\train\kamyun\216779337.jpg,kamyun,..\..\DATA\datasetv2_TrainClean\train
..\..\DATA\datasetv2_TrainClean\clean\minibus\206047844.jpg,minibus,..\..\DATA\datasetv2_TrainClean\clean
..\..\DATA\datasetv2_TrainClean\clean\minibus\218798066.jpg,minibus,..\..\DATA\datasetv2_TrainClean\clean
..\..\DATA\datasetv2_TrainClean\clean\taxi\214811342.jpg,taxi,..\..\DATA\datasetv2_TrainClean\clean
..\..\DATA\datasetv2_TrainClean\clean\vanet\206292031.jpg,vanet,..\..\DATA\datasetv2_TrainClean\clean
..\..\DATA\dataset\clean\kamyun\218176905.jpg,kamyun,..\..\DATA\dataset\clean
..\..\DATA\datasetv2_TrainClean\clean\taxi\217953643.jpg,taxi,..\..\DATA\datasetv2_TrainClean\clean
..\..\DATA\datasetv2_TrainClean\clean\ambulance\212360232.jpg,ambulance,..\..\DATA\datasetv2_TrainClean\clean
..\..\DATA\dataset\train\minibus\218145650.jpg,minibus,..\..\DATA\dataset\train
..\..\DATA\datasetv2_TrainClean\train\taxi\216006259.jpg,taxi,..\..\DATA\datasetv2_TrainClean\train
..\..\DATA\datasetv2_TrainClean\clean\savari\217737227.jpg,savari,..\..\DATA\datasetv2_TrainClean\clean
..\..\DATA\datasetv2_TrainClean\clean\savari\217709880.jpg,savari,..\..\DATA\datasetv2_TrainClean\clean
..\..\DATA\datasetv2_TrainClean\train\kamyun\217189003.jpg,kamyun,..\..\DATA\datasetv2_TrainClean\train
..\..\DATA\datasetv2_TrainClean\train\vanet\209501291.jpg,vanet,..\..\DATA\datasetv2_TrainClean\train
..\..\DATA\datasetv2_TrainClean\clean\taxi\217253719.jpg,taxi,..\..\DATA\datasetv2_TrainClean\clean
..\..\DATA\datasetv2_TrainClean\clean\savari\216634139.jpg,savari,..\..\DATA\datasetv2_TrainClean\clean
..\..\DATA\datasetv2_TrainClean\train\vanet\207749551.jpg,vanet,..\..\DATA\datasetv2_TrainClean\train
..\..\DATA\dataset\train\autobus\215992943.jpg,autobus,..\..\DATA\dataset\train
..\..\DATA\datasetv2_TrainClean\train\ambulance\216834352.jpg,ambulance,..\..\DATA\datasetv2_TrainClean\train
..\..\DATA\datasetv2_TrainClean\train\vanet\198119089.jpg,vanet,..\..\DATA\datasetv2_TrainClean\train
..\..\DATA\datasetv2_TrainClean\train\kamyun\217826064.jpg,kamyun,..\..\DATA\datasetv2_TrainClean\train
..\..\DATA\datasetv2_TrainClean\train\taxi\211997826.jpg,taxi,..\..\DATA\datasetv2_TrainClean\train
..\..\DATA\dataset\train\ambulance\214803565.jpg,ambulance,..\..\DATA\dataset\train
..\..\DATA\datasetv2_TrainClean\train\autobus\216143998.jpg,autobus,..\..\DATA\datasetv2_TrainClean\train
..\..\DATA\dataset\train\taxi\214833819.jpg,taxi,..\..\DATA\dataset\train
..\..\DATA\datasetv2_TrainClean\train\minibus\218553813.jpg,minibus,..\..\DATA\datasetv2_TrainClean\train
..\..\DATA\dataset\clean\savari\216751233.jpg,savari,..\..\DATA\dataset\clean
..\..\DATA\datasetv2_TrainClean\clean\vanet\212764267.jpg,vanet,..\..\DATA\datasetv2_TrainClean\clean
..\..\DATA\datasetv2_TrainClean\train\taxi\216398127.jpg,taxi,..\..\DATA\datasetv2_TrainClean\train
..\..\DATA\datasetv2_TrainClean\clean\minibus\218288861.jpg,minibus,..\..\DATA\datasetv2_TrainClean\clean
..\..\DATA\datasetv2_TrainClean\clean\kamyun\216104141.jpg,kamyun,..\..\DATA\datasetv2_TrainClean\clean
..\..\DATA\datasetv2_TrainClean\train\kamyun\219011995.jpg,kamyun,..\..\DATA\datasetv2_TrainClean\train
..\..\DATA\datasetv2_TrainClean\train\vanet\217178596.jpg,vanet,..\..\DATA\datasetv2_TrainClean\train
..\..\DATA\datasetv2_TrainClean\clean\vanet\207573757.jpg,vanet,..\..\DATA\datasetv2_TrainClean\clean
..\..\DATA\datasetv2_TrainClean\clean\savari\208215002.jpg,savari,..\..\DATA\datasetv2_TrainClean\clean
..\..\DATA\datasetv2_TrainClean\train\savari\214754706.jpg,savari,..\..\DATA\datasetv2_TrainClean\train
..\..\DATA\datasetv2_TrainClean\clean\taxi\214429642.jpg,taxi,..\..\DATA\datasetv2_TrainClean\clean
..\..\DATA\datasetv2_TrainClean\clean\taxi\217016702.jpg,taxi,..\..\DATA\datasetv2_TrainClean\clean
..\..\DATA\datasetv2_TrainClean\clean\savari\215899289.jpg,savari,..\..\DATA\datasetv2_TrainClean\clean
..\..\DATA\datasetv2_TrainClean\train\savari\218493796.jpg,savari,..\..\DATA\datasetv2_TrainClean\train
..\..\DATA\dataset\clean\ambulance\215818698.jpg,ambulance,..\..\DATA\dataset\clean
..\..\DATA\datasetv2_TrainClean\train\vanet\214048101.jpg,vanet,..\..\DATA\datasetv2_TrainClean\train
..\..\DATA\datasetv2_TrainClean\clean\vanet\208031990.jpg,vanet,..\..\DATA\datasetv2_TrainClean\clean
..\..\DATA\dataset\train\ambulance\217155355.jpg,ambulance,..\..\DATA\dataset\train
..\..\DATA\datasetv2_TrainClean\clean\kamyun\216165956.jpg,kamyun,..\..\DATA\datasetv2_TrainClean\clean
..\..\DATA\datasetv2_TrainClean\train\ambulance\218193739.jpg,ambulance,..\..\DATA\datasetv2_TrainClean\train
..\..\DATA\datasetv2_TrainClean\train\autobus\216797527.jpg,autobus,..\..\DATA\datasetv2_TrainClean\train
..\..\DATA\datasetv2_TrainClean\clean\minibus\210101333.jpg,minibus,..\..\DATA\datasetv2_TrainClean\clean
..\..\DATA\dataset\clean\taxi\217502539.jpg,taxi,..\..\DATA\dataset\clean
..\..\DATA\datasetv2_TrainClean\clean\vanet\218743756.jpg,vanet,..\..\DATA\datasetv2_TrainClean\clean
..\..\DATA\datasetv2_TrainClean\train\autobus\218658621.jpg,autobus,..\..\DATA\datasetv2_TrainClean\train
..\..\DATA\datasetv2_TrainClean\train\minibus\216077073.jpg,minibus,..\..\DATA\datasetv2_TrainClean\train
..\..\DATA\datasetv2_TrainClean\clean\vanet\204002318.jpg,vanet,..\..\DATA\datasetv2_TrainClean\clean
..\..\DATA\datasetv2_TrainClean\clean\kamyun\201501771.jpg,kamyun,..\..\DATA\datasetv2_TrainClean\clean
..\..\DATA\datasetv2_TrainClean\clean\kamyun\216637785.jpg,kamyun,..\..\DATA\datasetv2_TrainClean\clean
..\..\DATA\dataset\clean\vanet\201652374.jpg,vanet,..\..\DATA\dataset\clean
..\..\DATA\dataset\clean\ambulance\216702100.jpg,ambulance,..\..\DATA\dataset\clean
..\..\DATA\datasetv2_TrainClean\train\kamyun\217824671.jpg,kamyun,..\..\DATA\datasetv2_TrainClean\train
..\..\DATA\datasetv2_TrainClean\train\taxi\218805085.jpg,taxi,..\..\DATA\datasetv2_TrainClean\train
..\..\DATA\datasetv2_TrainClean\clean\taxi\215689485.jpg,taxi,..\..\DATA\datasetv2_TrainClean\clean
..\..\DATA\dataset\train\taxi\212110018.jpg,taxi,..\..\DATA\dataset\train
..\..\DATA\datasetv2_TrainClean\clean\vanet\218587266.jpg,vanet,..\..\DATA\datasetv2_TrainClean\clean
..\..\DATA\dataset\clean\vanet\216245889.jpg,vanet,..\..\DATA\dataset\clean
..\..\DATA\dataset\train\vanet\212199241.jpg,vanet,..\..\DATA\dataset\train
..\..\DATA\datasetv2_TrainClean\train\autobus\216283106.jpg,autobus,..\..\DATA\datasetv2_TrainClean\train
..\..\DATA\datasetv2_TrainClean\clean\kamyun\210034335.jpg,kamyun,..\..\DATA\datasetv2_TrainClean\clean
..\..\DATA\datasetv2_TrainClean\train\savari\218362132.jpg,savari,..\..\DATA\datasetv2_TrainClean\train
..\..\DATA\datasetv2_TrainClean\clean\kamyun\215416939.jpg,kamyun,..\..\DATA\datasetv2_TrainClean\clean
..\..\DATA\datasetv2_TrainClean\clean\kamyun\197132093.jpg,kamyun,..\..\DATA\datasetv2_TrainClean\clean
..\..\DATA\datasetv2_TrainClean\train\vanet\214758714.jpg,vanet,..\..\DATA\datasetv2_TrainClean\train
..\..\DATA\datasetv2_TrainClean\clean\vanet\215575111.jpg,vanet,..\..\DATA\datasetv2_TrainClean\clean
..\..\DATA\datasetv2_TrainClean\clean\kamyun\216596453.jpg,kamyun,..\..\DATA\datasetv2_TrainClean\clean
..\..\DATA\dataset\clean\vanet\218352401.jpg,vanet,..\..\DATA\dataset\clean
..\..\DATA\datasetv2_TrainClean\clean\vanet\202019896.jpg,vanet,..\..\DATA\datasetv2_TrainClean\clean
..\..\DATA\datasetv2_TrainClean\train\autobus\216560648.jpg,autobus,..\..\DATA\datasetv2_TrainClean\train
..\..\DATA\datasetv2_TrainClean\clean\vanet\208337677.jpg,vanet,..\..\DATA\datasetv2_TrainClean\clean
..\..\DATA\datasetv2_TrainClean\clean\savari\214697912.jpg,savari,..\..\DATA\datasetv2_TrainClean\clean
..\..\DATA\datasetv2_TrainClean\clean\vanet\214846176.jpg,vanet,..\..\DATA\datasetv2_TrainClean\clean
..\..\DATA\datasetv2_TrainClean\clean\kamyun\218596968.jpg,kamyun,..\..\DATA\datasetv2_TrainClean\clean
..\..\DATA\dataset\clean\minibus\216061853.jpg,minibus,..\..\DATA\dataset\clean
..\..\DATA\dataset\train\savari\218522644.jpg,savari,..\..\DATA\dataset\train
..\..\DATA\datasetv2_TrainClean\clean\vanet\208331769.jpg,vanet,..\..\DATA\datasetv2_TrainClean\clean
..\..\DATA\dataset\clean\kamyun\216696969.jpg,kamyun,..\..\DATA\dataset\clean
..\..\DATA\datasetv2_TrainClean\clean\autobus\214708296.jpg,autobus,..\..\DATA\datasetv2_TrainClean\clean
..\..\DATA\datasetv2_TrainClean\train\ambulance\199587392.jpg,ambulance,..\..\DATA\datasetv2_TrainClean\train
..\..\DATA\datasetv2_TrainClean\clean\vanet\216425162.jpg,vanet,..\..\DATA\datasetv2_TrainClean\clean
..\..\DATA\dataset\clean\kamyun\218915243.jpg,kamyun,..\..\DATA\dataset\clean
..\..\DATA\datasetv2_TrainClean\clean\kamyun\192927834.jpg,kamyun,..\..\DATA\datasetv2_TrainClean\clean
..\..\DATA\datasetv2_TrainClean\clean\kamyun\219050932.jpg,kamyun,..\..\DATA\datasetv2_TrainClean\clean
..\..\DATA\datasetv2_TrainClean\clean\taxi\218189795.jpg,taxi,..\..\DATA\datasetv2_TrainClean\clean
..\..\DATA\datasetv2_TrainClean\train\taxi\216524007.jpg,taxi,..\..\DATA\datasetv2_TrainClean\train
..\..\DATA\datasetv2_TrainClean\train\minibus\216166252.jpg,minibus,..\..\DATA\datasetv2_TrainClean\train
..\..\DATA\dataset\clean\vanet\218594379.jpg,vanet,..\..\DATA\dataset\clean
..\..\DATA\datasetv2_TrainClean\train\vanet\209014176.jpg,vanet,..\..\DATA\datasetv2_TrainClean\train
..\..\DATA\datasetv2_TrainClean\clean\vanet\218984817.jpg,vanet,..\..\DATA\datasetv2_TrainClean\clean
..\..\DATA\datasetv2_TrainClean\clean\savari\207938297.jpg,savari,..\..\DATA\datasetv2_TrainClean\clean
..\..\DATA\datasetv2_TrainClean\clean\savari\216956677.jpg,savari,..\..\DATA\datasetv2_TrainClean\clean
..\..\DATA\datasetv2_TrainClean\train\vanet\216976584.jpg,vanet,..\..\DATA\datasetv2_TrainClean\train
..\..\DATA\dataset\train\kamyun\215912012.jpg,kamyun,..\..\DATA\dataset\train
..\..\DATA\datasetv2_TrainClean\train\taxi\218159183.jpg,taxi,..\..\DATA\datasetv2_TrainClean\train
..\..\DATA\datasetv2_TrainClean\train\vanet\212465016.jpg,vanet,..\..\DATA\datasetv2_TrainClean\train
..\..\DATA\datasetv2_TrainClean\clean\savari\218307784.jpg,savari,..\..\DATA\datasetv2_TrainClean\clean
..\..\DATA\datasetv2_TrainClean\train\vanet\194942215.jpg,vanet,..\..\DATA\datasetv2_TrainClean\train
..\..\DATA\datasetv2_TrainClean\train\autobus\218283778.jpg,autobus,..\..\DATA\datasetv2_TrainClean\train
..\..\DATA\dataset\train\kamyun\210504161.jpg,kamyun,..\..\DATA\dataset\train
..\..\DATA\datasetv2_TrainClean\train\autobus\210184901.jpg,autobus,..\..\DATA\datasetv2_TrainClean\train
..\..\DATA\datasetv2_TrainClean\train\autobus\217413615.jpg,autobus,..\..\DATA\datasetv2_TrainClean\train
..\..\DATA\datasetv2_TrainClean\train\ambulance\219046578.jpg,ambulance,..\..\DATA\datasetv2_TrainClean\train
..\..\DATA\datasetv2_TrainClean\clean\vanet\218635722.jpg,vanet,..\..\DATA\datasetv2_TrainClean\clean
..\..\DATA\datasetv2_TrainClean\clean\savari\197726987.jpg,savari,..\..\DATA\datasetv2_TrainClean\clean
..\..\DATA\datasetv2_TrainClean\clean\minibus\216584796.jpg,minibus,..\..\DATA\datasetv2_TrainClean\clean
..\..\DATA\datasetv2_TrainClean\clean\vanet\194960996.jpg,vanet,..\..\DATA\datasetv2_TrainClean\clean
..\..\DATA\datasetv2_TrainClean\clean\vanet\198067483.jpg,vanet,..\..\DATA\datasetv2_TrainClean\clean
..\..\DATA\datasetv2_TrainClean\train\vanet\203739270.jpg,vanet,..\..\DATA\datasetv2_TrainClean\train
..\..\DATA\datasetv2_TrainClean\clean\vanet\217212790.jpg,vanet,..\..\DATA\datasetv2_TrainClean\clean
..\..\DATA\datasetv2_TrainClean\clean\vanet\218258133.jpg,vanet,..\..\DATA\datasetv2_TrainClean\clean
..\..\DATA\datasetv2_TrainClean\clean\savari\218355363.jpg,savari,..\..\DATA\datasetv2_TrainClean\clean
..\..\DATA\dataset\clean\kamyun\213511840.jpg,kamyun,..\..\DATA\dataset\clean
..\..\DATA\datasetv2_TrainClean\clean\vanet\208228643.jpg,vanet,..\..\DATA\datasetv2_TrainClean\clean
..\..\DATA\dataset\clean\vanet\197959333.jpg,vanet,..\..\DATA\dataset\clean
..\..\DATA\datasetv2_TrainClean\train\kamyun\215059402.jpg,kamyun,..\..\DATA\datasetv2_TrainClean\train
..\..\DATA\datasetv2_TrainClean\clean\kamyun\219057807.jpg,kamyun,..\..\DATA\datasetv2_TrainClean\clean
..\..\DATA\datasetv2_TrainClean\clean\kamyun\218107237.jpg,kamyun,..\..\DATA\datasetv2_TrainClean\clean
..\..\DATA\datasetv2_TrainClean\train\ambulance\206174864.jpg,ambulance,..\..\DATA\datasetv2_TrainClean\train
..\..\DATA\datasetv2_TrainClean\train\autobus\217780130.jpg,autobus,..\..\DATA\datasetv2_TrainClean\train
..\..\DATA\dataset\train\ambulance\199984667.jpg,ambulance,..\..\DATA\dataset\train
..\..\DATA\datasetv2_TrainClean\train\savari\213059955.jpg,savari,..\..\DATA\datasetv2_TrainClean\train
..\..\DATA\dataset\train\autobus\200168649.jpg,autobus,..\..\DATA\dataset\train
..\..\DATA\datasetv2_TrainClean\train\kamyun\210109298.jpg,kamyun,..\..\DATA\datasetv2_TrainClean\train
..\..\DATA\datasetv2_TrainClean\clean\taxi\216389622.jpg,taxi,..\..\DATA\datasetv2_TrainClean\clean
..\..\DATA\datasetv2_TrainClean\clean\kamyun\215696402.jpg,kamyun,..\..\DATA\datasetv2_TrainClean\clean
..\..\DATA\datasetv2_TrainClean\train\minibus\208050952.jpg,minibus,..\..\DATA\datasetv2_TrainClean\train
..\..\DATA\dataset\clean\taxi\200016494.jpg,taxi,..\..\DATA\dataset\clean
..\..\DATA\datasetv2_TrainClean\train\taxi\215771511.jpg,taxi,..\..\DATA\datasetv2_TrainClean\train
..\..\DATA\datasetv2_TrainClean\clean\kamyun\218381430.jpg,kamyun,..\..\DATA\datasetv2_TrainClean\clean
..\..\DATA\datasetv2_TrainClean\clean\kamyun\213853081.jpg,kamyun,..\..\DATA\datasetv2_TrainClean\clean
..\..\DATA\datasetv2_TrainClean\clean\autobus\193597587.jpg,autobus,..\..\DATA\datasetv2_TrainClean\clean
..\..\DATA\datasetv2_TrainClean\train\savari\212364016.jpg,savari,..\..\DATA\datasetv2_TrainClean\train
..\..\DATA\datasetv2_TrainClean\train\minibus\216875575.jpg,minibus,..\..\DATA\datasetv2_TrainClean\train
..\..\DATA\datasetv2_TrainClean\train\savari\213056482.jpg,savari,..\..\DATA\datasetv2_TrainClean\train
..\..\DATA\dataset\clean\vanet\198488181.jpg,vanet,..\..\DATA\dataset\clean
..\..\DATA\datasetv2_TrainClean\train\kamyun\217917607.jpg,kamyun,..\..\DATA\datasetv2_TrainClean\train
..\..\DATA\datasetv2_TrainClean\train\savari\218681566.jpg,savari,..\..\DATA\datasetv2_TrainClean\train
..\..\DATA\dataset\train\vanet\197030864.jpg,vanet,..\..\DATA\dataset\train
..\..\DATA\datasetv2_TrainClean\clean\savari\209038770.jpg,savari,..\..\DATA\datasetv2_TrainClean\clean
..\..\DATA\datasetv2_TrainClean\train\vanet\218088144.jpg,vanet,..\..\DATA\datasetv2_TrainClean\train
..\..\DATA\datasetv2_TrainClean\clean\taxi\214713078.jpg,taxi,..\..\DATA\datasetv2_TrainClean\clean
..\..\DATA\dataset\train\minibus\215743713.jpg,minibus,..\..\DATA\dataset\train
..\..\DATA\datasetv2_TrainClean\train\ambulance\217579095.jpg,ambulance,..\..\DATA\datasetv2_TrainClean\train
..\..\DATA\dataset\train\kamyun\210127639.jpg,kamyun,..\..\DATA\dataset\train
..\..\DATA\datasetv2_TrainClean\train\vanet\218955810.jpg,vanet,..\..\DATA\datasetv2_TrainClean\train
..\..\DATA\datasetv2_TrainClean\train\vanet\197230014.jpg,vanet,..\..\DATA\datasetv2_TrainClean\train
..\..\DATA\datasetv2_TrainClean\train\kamyun\197116035.jpg,kamyun,..\..\DATA\datasetv2_TrainClean\train
..\..\DATA\datasetv2_TrainClean\train\autobus\215976846.jpg,autobus,..\..\DATA\datasetv2_TrainClean\train
..\..\DATA\datasetv2_TrainClean\clean\vanet\212557753.jpg,vanet,..\..\DATA\datasetv2_TrainClean\clean
..\..\DATA\datasetv2_TrainClean\clean\ambulance\218171063.jpg,ambulance,..\..\DATA\datasetv2_TrainClean\clean
..\..\DATA\datasetv2_TrainClean\clean\taxi\216373691.jpg,taxi,..\..\DATA\datasetv2_TrainClean\clean
..\..\DATA\datasetv2_TrainClean\train\minibus\216782805.jpg,minibus,..\..\DATA\datasetv2_TrainClean\train
..\..\DATA\datasetv2_TrainClean\clean\kamyun\218720713.jpg,kamyun,..\..\DATA\datasetv2_TrainClean\clean
..\..\DATA\datasetv2_TrainClean\clean\taxi\218305132.jpg,taxi,..\..\DATA\datasetv2_TrainClean\clean
..\..\DATA\datasetv2_TrainClean\clean\minibus\218635131.jpg,minibus,..\..\DATA\datasetv2_TrainClean\clean
..\..\DATA\datasetv2_TrainClean\clean\savari\211342364.jpg,savari,..\..\DATA\datasetv2_TrainClean\clean
..\..\DATA\datasetv2_TrainClean\clean\autobus\217713976.jpg,autobus,..\..\DATA\datasetv2_TrainClean\clean
..\..\DATA\datasetv2_TrainClean\clean\vanet\208475226.jpg,vanet,..\..\DATA\datasetv2_TrainClean\clean
..\..\DATA\dataset\train\savari\205049904.jpg,savari,..\..\DATA\dataset\train
..\..\DATA\dataset\train\ambulance\216773853.jpg,ambulance,..\..\DATA\dataset\train
..\..\DATA\datasetv2_TrainClean\train\kamyun\218733055.jpg,kamyun,..\..\DATA\datasetv2_TrainClean\train
..\..\DATA\datasetv2_TrainClean\clean\vanet\216129042.jpg,vanet,..\..\DATA\datasetv2_TrainClean\clean
..\..\DATA\dataset\train\taxi\215626542.jpg,taxi,..\..\DATA\dataset\train
..\..\DATA\datasetv2_TrainClean\train\ambulance\218254848.jpg,ambulance,..\..\DATA\datasetv2_TrainClean\train
..\..\DATA\datasetv2_TrainClean\clean\minibus\213777965.jpg,minibus,..\..\DATA\datasetv2_TrainClean\clean
..\..\DATA\datasetv2_TrainClean\train\kamyun\215286925.jpg,kamyun,..\..\DATA\datasetv2_TrainClean\train
..\..\DATA\datasetv2_TrainClean\clean\minibus\197688708.jpg,minibus,..\..\DATA\datasetv2_TrainClean\clean
..\..\DATA\datasetv2_TrainClean\clean\vanet\218807829.jpg,vanet,..\..\DATA\datasetv2_TrainClean\clean
..\..\DATA\datasetv2_TrainClean\clean\vanet\208758405.jpg,vanet,..\..\DATA\datasetv2_TrainClean\clean
..\..\DATA\datasetv2_TrainClean\clean\autobus\216072125.jpg,autobus,..\..\DATA\datasetv2_TrainClean\clean
..\..\DATA\dataset\clean\taxi\217107971.jpg,taxi,..\..\DATA\dataset\clean
..\..\DATA\dataset\clean\taxi\216047371.jpg,taxi,..\..\DATA\dataset\clean
..\..\DATA\dataset\clean\vanet\212275461.jpg,vanet,..\..\DATA\dataset\clean
..\..\DATA\datasetv2_TrainClean\clean\taxi\216601542.jpg,taxi,..\..\DATA\datasetv2_TrainClean\clean
..\..\DATA\datasetv2_TrainClean\train\kamyun\194277690.jpg,kamyun,..\..\DATA\datasetv2_TrainClean\train
..\..\DATA\datasetv2_TrainClean\clean\taxi\216070972.jpg,taxi,..\..\DATA\datasetv2_TrainClean\clean
..\..\DATA\datasetv2_TrainClean\train\kamyun\214925670.jpg,kamyun,..\..\DATA\datasetv2_TrainClean\train
..\..\DATA\datasetv2_TrainClean\train\taxi\218213642.jpg,taxi,..\..\DATA\datasetv2_TrainClean\train
..\..\DATA\datasetv2_TrainClean\train\kamyun\216039996.jpg,kamyun,..\..\DATA\datasetv2_TrainClean\train
..\..\DATA\datasetv2_TrainClean\train\savari\206925163.jpg,savari,..\..\DATA\datasetv2_TrainClean\train
..\..\DATA\datasetv2_TrainClean\train\taxi\218578770.jpg,taxi,..\..\DATA\datasetv2_TrainClean\train
..\..\DATA\dataset\clean\kamyun\215994997.jpg,kamyun,..\..\DATA\dataset\clean
..\..\DATA\datasetv2_TrainClean\clean\taxi\215998371.jpg,taxi,..\..\DATA\datasetv2_TrainClean\clean
..\..\DATA\datasetv2_TrainClean\train\ambulance\211676031.jpg,ambulance,..\..\DATA\datasetv2_TrainClean\train
..\..\DATA\datasetv2_TrainClean\train\autobus\218429535.jpg,autobus,..\..\DATA\datasetv2_TrainClean\train
..\..\DATA\datasetv2_TrainClean\train\taxi\218248245.jpg,taxi,..\..\DATA\datasetv2_TrainClean\train
..\..\DATA\datasetv2_TrainClean\train\vanet\201758472.jpg,vanet,..\..\DATA\datasetv2_TrainClean\train
..\..\DATA\datasetv2_TrainClean\clean\kamyun\214048005.jpg,kamyun,..\..\DATA\datasetv2_TrainClean\clean
..\..\DATA\datasetv2_TrainClean\clean\kamyun\215906143.jpg,kamyun,..\..\DATA\datasetv2_TrainClean\clean
..\..\DATA\dataset\clean\vanet\207074343.jpg,vanet,..\..\DATA\dataset\clean
..\..\DATA\dataset\train\autobus\211794766.jpg,autobus,..\..\DATA\dataset\train
..\..\DATA\datasetv2_TrainClean\train\kamyun\194260628.jpg,kamyun,..\..\DATA\datasetv2_TrainClean\train
..\..\DATA\datasetv2_TrainClean\train\taxi\216629590.jpg,taxi,..\..\DATA\datasetv2_TrainClean\train
..\..\DATA\datasetv2_TrainClean\train\ambulance\215895473.jpg,ambulance,..\..\DATA\datasetv2_TrainClean\train
..\..\DATA\datasetv2_TrainClean\clean\vanet\199788218.jpg,vanet,..\..\DATA\datasetv2_TrainClean\clean
..\..\DATA\dataset\train\taxi\215773124.jpg,taxi,..\..\DATA\dataset\train
..\..\DATA\datasetv2_TrainClean\train\kamyun\217404366.jpg,kamyun,..\..\DATA\datasetv2_TrainClean\train
..\..\DATA\dataset\train\ambulance\216449202.jpg,ambulance,..\..\DATA\dataset\train
..\..\DATA\datasetv2_TrainClean\clean\taxi\218714018.jpg,taxi,..\..\DATA\datasetv2_TrainClean\clean
..\..\DATA\datasetv2_TrainClean\clean\minibus\218839864.jpg,minibus,..\..\DATA\datasetv2_TrainClean\clean
..\..\DATA\datasetv2_TrainClean\train\vanet\218189460.jpg,vanet,..\..\DATA\datasetv2_TrainClean\train
..\..\DATA\datasetv2_TrainClean\clean\kamyun\213331158.jpg,kamyun,..\..\DATA\datasetv2_TrainClean\clean
..\..\DATA\datasetv2_TrainClean\clean\autobus\217564030.jpg,autobus,..\..\DATA\datasetv2_TrainClean\clean
..\..\DATA\datasetv2_TrainClean\clean\kamyun\210122932.jpg,kamyun,..\..\DATA\datasetv2_TrainClean\clean
..\..\DATA\datasetv2_TrainClean\clean\vanet\205863988.jpg,vanet,..\..\DATA\datasetv2_TrainClean\clean
..\..\DATA\dataset\clean\savari\198468980.jpg,savari,..\..\DATA\dataset\clean
..\..\DATA\dataset\train\autobus\195459397.jpg,autobus,..\..\DATA\dataset\train
..\..\DATA\datasetv2_TrainClean\train\kamyun\219000438.jpg,kamyun,..\..\DATA\datasetv2_TrainClean\train
..\..\DATA\datasetv2_TrainClean\train\kamyun\215970581.jpg,kamyun,..\..\DATA\datasetv2_TrainClean\train
..\..\DATA\dataset\clean\kamyun\218972010.jpg,kamyun,..\..\DATA\dataset\clean
..\..\DATA\datasetv2_TrainClean\clean\taxi\217408003.jpg,taxi,..\..\DATA\datasetv2_TrainClean\clean
..\..\DATA\dataset\clean\ambulance\213796534.jpg,ambulance,..\..\DATA\dataset\clean
..\..\DATA\datasetv2_TrainClean\clean\taxi\215733952.jpg,taxi,..\..\DATA\datasetv2_TrainClean\clean
..\..\DATA\dataset\train\kamyun\218320799.jpg,kamyun,..\..\DATA\dataset\train
..\..\DATA\datasetv2_TrainClean\clean\minibus\216335562.jpg,minibus,..\..\DATA\datasetv2_TrainClean\clean
..\..\DATA\datasetv2_TrainClean\train\kamyun\217763231.jpg,kamyun,..\..\DATA\datasetv2_TrainClean\train
..\..\DATA\datasetv2_TrainClean\clean\vanet\214628303.jpg,vanet,..\..\DATA\datasetv2_TrainClean\clean
..\..\DATA\dataset\train\vanet\207803201.jpg,vanet,..\..\DATA\dataset\train
..\..\DATA\datasetv2_TrainClean\clean\savari\212763648.jpg,savari,..\..\DATA\datasetv2_TrainClean\clean
..\..\DATA\datasetv2_TrainClean\clean\vanet\214538220.jpg,vanet,..\..\DATA\datasetv2_TrainClean\clean
..\..\DATA\datasetv2_TrainClean\clean\vanet\218383178.jpg,vanet,..\..\DATA\datasetv2_TrainClean\clean
..\..\DATA\datasetv2_TrainClean\train\vanet\215698156.jpg,vanet,..\..\DATA\datasetv2_TrainClean\train
..\..\DATA\dataset\clean\kamyun\215704325.jpg,kamyun,..\..\DATA\dataset\clean
..\..\DATA\dataset\train\taxi\217898024.jpg,taxi,..\..\DATA\dataset\train
..\..\DATA\datasetv2_TrainClean\clean\ambulance\216021723.jpg,ambulance,..\..\DATA\datasetv2_TrainClean\clean
..\..\DATA\datasetv2_TrainClean\clean\vanet\215616328.jpg,vanet,..\..\DATA\datasetv2_TrainClean\clean
..\..\DATA\datasetv2_TrainClean\clean\vanet\197365651.jpg,vanet,..\..\DATA\datasetv2_TrainClean\clean
..\..\DATA\datasetv2_TrainClean\clean\autobus\215993552.jpg,autobus,..\..\DATA\datasetv2_TrainClean\clean
..\..\DATA\datasetv2_TrainClean\clean\kamyun\198243942.jpg,kamyun,..\..\DATA\datasetv2_TrainClean\clean
..\..\DATA\datasetv2_TrainClean\train\minibus\213204770.jpg,minibus,..\..\DATA\datasetv2_TrainClean\train
..\..\DATA\dataset\train\taxi\218681190.jpg,taxi,..\..\DATA\dataset\train
..\..\DATA\datasetv2_TrainClean\train\taxi\218377804.jpg,taxi,..\..\DATA\datasetv2_TrainClean\train
..\..\DATA\datasetv2_TrainClean\train\savari\218335799.jpg,savari,..\..\DATA\datasetv2_TrainClean\train
..\..\DATA\datasetv2_TrainClean\clean\autobus\218710860.jpg,autobus,..\..\DATA\datasetv2_TrainClean\clean
..\..\DATA\datasetv2_TrainClean\train\minibus\215694184.jpg,minibus,..\..\DATA\datasetv2_TrainClean\train
..\..\DATA\datasetv2_TrainClean\clean\taxi\217051130.jpg,taxi,..\..\DATA\datasetv2_TrainClean\clean
..\..\DATA\dataset\train\ambulance\216005219.jpg,ambulance,..\..\DATA\dataset\train
..\..\DATA\datasetv2_TrainClean\train\savari\196477980.jpg,savari,..\..\DATA\datasetv2_TrainClean\train
..\..\DATA\datasetv2_TrainClean\clean\savari\214619124.jpg,savari,..\..\DATA\datasetv2_TrainClean\clean
..\..\DATA\datasetv2_TrainClean\train\minibus\200463401.jpg,minibus,..\..\DATA\datasetv2_TrainClean\train
..\..\DATA\dataset\clean\kamyun\216797255.jpg,kamyun,..\..\DATA\dataset\clean
..\..\DATA\datasetv2_TrainClean\train\vanet\216462815.jpg,vanet,..\..\DATA\datasetv2_TrainClean\train
..\..\DATA\dataset\train\taxi\216893661.jpg,taxi,..\..\DATA\dataset\train
..\..\DATA\dataset\clean\savari\217011281.jpg,savari,..\..\DATA\dataset\clean
..\..\DATA\dataset\clean\minibus\218134277.jpg,minibus,..\..\DATA\dataset\clean
..\..\DATA\datasetv2_TrainClean\clean\vanet\209693167.jpg,vanet,..\..\DATA\datasetv2_TrainClean\clean
..\..\DATA\datasetv2_TrainClean\train\kamyun\219027696.jpg,kamyun,..\..\DATA\datasetv2_TrainClean\train
..\..\DATA\datasetv2_TrainClean\clean\autobus\216867892.jpg,autobus,..\..\DATA\datasetv2_TrainClean\clean
..\..\DATA\datasetv2_TrainClean\train\kamyun\218998994.jpg,kamyun,..\..\DATA\datasetv2_TrainClean\train
..\..\DATA\dataset\clean\minibus\218241684.jpg,minibus,..\..\DATA\dataset\clean
..\..\DATA\datasetv2_TrainClean\train\kamyun\214834457.jpg,kamyun,..\..\DATA\datasetv2_TrainClean\train
..\..\DATA\datasetv2_TrainClean\clean\vanet\208386363.jpg,vanet,..\..\DATA\datasetv2_TrainClean\clean
..\..\DATA\datasetv2_TrainClean\clean\autobus\215792010.jpg,autobus,..\..\DATA\datasetv2_TrainClean\clean
..\..\DATA\dataset\clean\kamyun\217385379.jpg,kamyun,..\..\DATA\dataset\clean
..\..\DATA\datasetv2_TrainClean\train\savari\209285270.jpg,savari,..\..\DATA\datasetv2_TrainClean\train
..\..\DATA\datasetv2_TrainClean\train\minibus\218845268.jpg,minibus,..\..\DATA\datasetv2_TrainClean\train
..\..\DATA\dataset\clean\autobus\215829949.jpg,autobus,..\..\DATA\dataset\clean
..\..\DATA\datasetv2_TrainClean\train\savari\216522104.jpg,savari,..\..\DATA\datasetv2_TrainClean\train
..\..\DATA\dataset\clean\minibus\215602362.jpg,minibus,..\..\DATA\dataset\clean
..\..\DATA\datasetv2_TrainClean\clean\savari\197940827.jpg,savari,..\..\DATA\datasetv2_TrainClean\clean
..\..\DATA\datasetv2_TrainClean\clean\ambulance\214639587.jpg,ambulance,..\..\DATA\datasetv2_TrainClean\clean
..\..\DATA\dataset\clean\kamyun\205243013.jpg,kamyun,..\..\DATA\dataset\clean
..\..\DATA\datasetv2_TrainClean\train\kamyun\215725553.jpg,kamyun,..\..\DATA\datasetv2_TrainClean\train
..\..\DATA\datasetv2_TrainClean\clean\kamyun\216211899.jpg,kamyun,..\..\DATA\datasetv2_TrainClean\clean
..\..\DATA\datasetv2_TrainClean\clean\taxi\216587626.jpg,taxi,..\..\DATA\datasetv2_TrainClean\clean
..\..\DATA\dataset\clean\taxi\215840117.jpg,taxi,..\..\DATA\dataset\clean
..\..\DATA\dataset\train\minibus\216842480.jpg,minibus,..\..\DATA\dataset\train
..\..\DATA\datasetv2_TrainClean\clean\minibus\218742321.jpg,minibus,..\..\DATA\datasetv2_TrainClean\clean
..\..\DATA\datasetv2_TrainClean\clean\kamyun\216480042.jpg,kamyun,..\..\DATA\datasetv2_TrainClean\clean
..\..\DATA\dataset\clean\taxi\211861167.jpg,taxi,..\..\DATA\dataset\clean
..\..\DATA\datasetv2_TrainClean\clean\vanet\199677477.jpg,vanet,..\..\DATA\datasetv2_TrainClean\clean
..\..\DATA\dataset\train\taxi\217243222.jpg,taxi,..\..\DATA\dataset\train
..\..\DATA\datasetv2_TrainClean\clean\kamyun\199605657.jpg,kamyun,..\..\DATA\datasetv2_TrainClean\clean
..\..\DATA\datasetv2_TrainClean\train\vanet\218269888.jpg,vanet,..\..\DATA\datasetv2_TrainClean\train
..\..\DATA\datasetv2_TrainClean\clean\autobus\212025778.jpg,autobus,..\..\DATA\datasetv2_TrainClean\clean
..\..\DATA\datasetv2_TrainClean\clean\vanet\206341310.jpg,vanet,..\..\DATA\datasetv2_TrainClean\clean
..\..\DATA\datasetv2_TrainClean\clean\kamyun\218171998.jpg,kamyun,..\..\DATA\datasetv2_TrainClean\clean
..\..\DATA\datasetv2_TrainClean\train\vanet\213024260.jpg,vanet,..\..\DATA\datasetv2_TrainClean\train
..\..\DATA\datasetv2_TrainClean\clean\savari\207764744.jpg,savari,..\..\DATA\datasetv2_TrainClean\clean
..\..\DATA\datasetv2_TrainClean\clean\autobus\210000620.jpg,autobus,..\..\DATA\datasetv2_TrainClean\clean
..\..\DATA\datasetv2_TrainClean\train\minibus\197855728.jpg,minibus,..\..\DATA\datasetv2_TrainClean\train
..\..\DATA\datasetv2_TrainClean\clean\kamyun\218980442.jpg,kamyun,..\..\DATA\datasetv2_TrainClean\clean
..\..\DATA\datasetv2_TrainClean\train\kamyun\216045870.jpg,kamyun,..\..\DATA\datasetv2_TrainClean\train
..\..\DATA\dataset\clean\autobus\200699667.jpg,autobus,..\..\DATA\dataset\clean
..\..\DATA\datasetv2_TrainClean\clean\savari\208896884.jpg,savari,..\..\DATA\datasetv2_TrainClean\clean
..\..\DATA\datasetv2_TrainClean\train\kamyun\199773210.jpg,kamyun,..\..\DATA\datasetv2_TrainClean\train
..\..\DATA\dataset\clean\taxi\217484586.jpg,taxi,..\..\DATA\dataset\clean
..\..\DATA\datasetv2_TrainClean\clean\savari\216585140.jpg,savari,..\..\DATA\datasetv2_TrainClean\clean
..\..\DATA\dataset\train\kamyun\217800606.jpg,kamyun,..\..\DATA\dataset\train
..\..\DATA\datasetv2_TrainClean\clean\taxi\216125287.jpg,taxi,..\..\DATA\datasetv2_TrainClean\clean
..\..\DATA\datasetv2_TrainClean\clean\savari\198373557.jpg,savari,..\..\DATA\datasetv2_TrainClean\clean
..\..\DATA\datasetv2_TrainClean\clean\savari\198043112.jpg,savari,..\..\DATA\datasetv2_TrainClean\clean
..\..\DATA\dataset\clean\vanet\218970336.jpg,vanet,..\..\DATA\dataset\clean
..\..\DATA\datasetv2_TrainClean\train\savari\206523590.jpg,savari,..\..\DATA\datasetv2_TrainClean\train
..\..\DATA\datasetv2_TrainClean\train\autobus\198539778.jpg,autobus,..\..\DATA\datasetv2_TrainClean\train
..\..\DATA\dataset\train\vanet\217970196.jpg,vanet,..\..\DATA\dataset\train
..\..\DATA\datasetv2_TrainClean\train\autobus\216760038.jpg,autobus,..\..\DATA\datasetv2_TrainClean\train
..\..\DATA\datasetv2_TrainClean\train\ambulance\217526919.jpg,ambulance,..\..\DATA\datasetv2_TrainClean\train
..\..\DATA\dataset\train\kamyun\216432092.jpg,kamyun,..\..\DATA\dataset\train
..\..\DATA\datasetv2_TrainClean\clean\vanet\199036351.jpg,vanet,..\..\DATA\datasetv2_TrainClean\clean
..\..\DATA\datasetv2_TrainClean\clean\kamyun\218689825.jpg,kamyun,..\..\DATA\datasetv2_TrainClean\clean
..\..\DATA\datasetv2_TrainClean\clean\ambulance\214632265.jpg,ambulance,..\..\DATA\datasetv2_TrainClean\clean
..\..\DATA\dataset\train\kamyun\218843937.jpg,kamyun,..\..\DATA\dataset\train
..\..\DATA\datasetv2_TrainClean\clean\taxi\216008159.jpg,taxi,..\..\DATA\datasetv2_TrainClean\clean
..\..\DATA\datasetv2_TrainClean\clean\savari\218944137.jpg,savari,..\..\DATA\datasetv2_TrainClean\clean
..\..\DATA\datasetv2_TrainClean\clean\savari\212557751.jpg,savari,..\..\DATA\datasetv2_TrainClean\clean
..\..\DATA\datasetv2_TrainClean\train\savari\204792146.jpg,savari,..\..\DATA\datasetv2_TrainClean\train
..\..\DATA\datasetv2_TrainClean\train\kamyun\218063876.jpg,kamyun,..\..\DATA\datasetv2_TrainClean\train
..\..\DATA\datasetv2_TrainClean\clean\kamyun\218913056.jpg,kamyun,..\..\DATA\datasetv2_TrainClean\clean
..\..\DATA\datasetv2_TrainClean\clean\savari\205754454.jpg,savari,..\..\DATA\datasetv2_TrainClean\clean
..\..\DATA\datasetv2_TrainClean\clean\vanet\208197304.jpg,vanet,..\..\DATA\datasetv2_TrainClean\clean
..\..\DATA\dataset\clean\kamyun\218568954.jpg,kamyun,..\..\DATA\dataset\clean
..\..\DATA\datasetv2_TrainClean\train\savari\215062582.jpg,savari,..\..\DATA\datasetv2_TrainClean\train
..\..\DATA\dataset\train\savari\216453356.jpg,savari,..\..\DATA\dataset\train
..\..\DATA\datasetv2_TrainClean\clean\vanet\207974100.jpg,vanet,..\..\DATA\datasetv2_TrainClean\clean
..\..\DATA\datasetv2_TrainClean\train\minibus\197142055.jpg,minibus,..\..\DATA\datasetv2_TrainClean\train
..\..\DATA\datasetv2_TrainClean\clean\taxi\216891850.jpg,taxi,..\..\DATA\datasetv2_TrainClean\clean
..\..\DATA\datasetv2_TrainClean\train\kamyun\206174596.jpg,kamyun,..\..\DATA\datasetv2_TrainClean\train
..\..\DATA\datasetv2_TrainClean\train\vanet\216713191.jpg,vanet,..\..\DATA\datasetv2_TrainClean\train
..\..\DATA\datasetv2_TrainClean\clean\vanet\197155144.jpg,vanet,..\..\DATA\datasetv2_TrainClean\clean
..\..\DATA\datasetv2_TrainClean\clean\savari\217368312.jpg,savari,..\..\DATA\datasetv2_TrainClean\clean
..\..\DATA\dataset\train\kamyun\216847004.jpg,kamyun,..\..\DATA\dataset\train
..\..\DATA\dataset\clean\minibus\216045431.jpg,minibus,..\..\DATA\dataset\clean
..\..\DATA\dataset\train\minibus\218002136.jpg,minibus,..\..\DATA\dataset\train
..\..\DATA\dataset\train\vanet\218667942.jpg,vanet,..\..\DATA\dataset\train
..\..\DATA\datasetv2_TrainClean\clean\vanet\212001729.jpg,vanet,..\..\DATA\datasetv2_TrainClean\clean
..\..\DATA\datasetv2_TrainClean\train\kamyun\218825517.jpg,kamyun,..\..\DATA\datasetv2_TrainClean\train
..\..\DATA\datasetv2_TrainClean\clean\autobus\218705074.jpg,autobus,..\..\DATA\datasetv2_TrainClean\clean
..\..\DATA\dataset\train\savari\198132254.jpg,savari,..\..\DATA\dataset\train
..\..\DATA\datasetv2_TrainClean\clean\kamyun\212564070.jpg,kamyun,..\..\DATA\datasetv2_TrainClean\clean
..\..\DATA\dataset\clean\kamyun\215969701.jpg,kamyun,..\..\DATA\dataset\clean
..\..\DATA\datasetv2_TrainClean\train\kamyun\215744517.jpg,kamyun,..\..\DATA\datasetv2_TrainClean\train
..\..\DATA\datasetv2_TrainClean\clean\vanet\218624569.jpg,vanet,..\..\DATA\datasetv2_TrainClean\clean
..\..\DATA\datasetv2_TrainClean\train\kamyun\198591863.jpg,kamyun,..\..\DATA\datasetv2_TrainClean\train
..\..\DATA\datasetv2_TrainClean\clean\kamyun\216393221.jpg,kamyun,..\..\DATA\datasetv2_TrainClean\clean
..\..\DATA\datasetv2_TrainClean\clean\vanet\209500130.jpg,vanet,..\..\DATA\datasetv2_TrainClean\clean
..\..\DATA\datasetv2_TrainClean\clean\vanet\211048353.jpg,vanet,..\..\DATA\datasetv2_TrainClean\clean
..\..\DATA\datasetv2_TrainClean\clean\kamyun\215406388.jpg,kamyun,..\..\DATA\datasetv2_TrainClean\clean
..\..\DATA\dataset\clean\vanet\197852665.jpg,vanet,..\..\DATA\dataset\clean
..\..\DATA\datasetv2_TrainClean\clean\kamyun\217801992.jpg,kamyun,..\..\DATA\datasetv2_TrainClean\clean
..\..\DATA\datasetv2_TrainClean\train\kamyun\216578494.jpg,kamyun,..\..\DATA\datasetv2_TrainClean\train
..\..\DATA\datasetv2_TrainClean\train\kamyun\194280536.jpg,kamyun,..\..\DATA\datasetv2_TrainClean\train
..\..\DATA\datasetv2_TrainClean\train\kamyun\198810534.jpg,kamyun,..\..\DATA\datasetv2_TrainClean\train
..\..\DATA\datasetv2_TrainClean\train\savari\211395884.jpg,savari,..\..\DATA\datasetv2_TrainClean\train
..\..\DATA\datasetv2_TrainClean\train\taxi\215694229.jpg,taxi,..\..\DATA\datasetv2_TrainClean\train
..\..\DATA\dataset\train\autobus\216926734.jpg,autobus,..\..\DATA\dataset\train
..\..\DATA\datasetv2_TrainClean\clean\autobus\217199412.jpg,autobus,..\..\DATA\datasetv2_TrainClean\clean
..\..\DATA\dataset\train\kamyun\217955185.jpg,kamyun,..\..\DATA\dataset\train
..\..\DATA\datasetv2_TrainClean\clean\savari\217248973.jpg,savari,..\..\DATA\datasetv2_TrainClean\clean
..\..\DATA\datasetv2_TrainClean\clean\vanet\196472764.jpg,vanet,..\..\DATA\datasetv2_TrainClean\clean
..\..\DATA\datasetv2_TrainClean\clean\autobus\213512673.jpg,autobus,..\..\DATA\datasetv2_TrainClean\clean
..\..\DATA\datasetv2_TrainClean\train\autobus\216357327.jpg,autobus,..\..\DATA\datasetv2_TrainClean\train
..\..\DATA\dataset\clean\kamyun\216926294.jpg,kamyun,..\..\DATA\dataset\clean
..\..\DATA\datasetv2_TrainClean\clean\vanet\199343837.jpg,vanet,..\..\DATA\datasetv2_TrainClean\clean
..\..\DATA\dataset\train\autobus\218293611.jpg,autobus,..\..\DATA\dataset\train
..\..\DATA\datasetv2_TrainClean\clean\vanet\209766482.jpg,vanet,..\..\DATA\datasetv2_TrainClean\clean
..\..\DATA\datasetv2_TrainClean\train\ambulance\215101954.jpg,ambulance,..\..\DATA\datasetv2_TrainClean\train
..\..\DATA\datasetv2_TrainClean\train\kamyun\216984093.jpg,kamyun,..\..\DATA\datasetv2_TrainClean\train
..\..\DATA\datasetv2_TrainClean\train\kamyun\216964385.jpg,kamyun,..\..\DATA\datasetv2_TrainClean\train
..\..\DATA\datasetv2_TrainClean\train\autobus\211576935.jpg,autobus,..\..\DATA\datasetv2_TrainClean\train
..\..\DATA\dataset\clean\kamyun\218716781.jpg,kamyun,..\..\DATA\dataset\clean
..\..\DATA\datasetv2_TrainClean\clean\autobus\216410090.jpg,autobus,..\..\DATA\datasetv2_TrainClean\clean
..\..\DATA\datasetv2_TrainClean\train\autobus\210391171.jpg,autobus,..\..\DATA\datasetv2_TrainClean\train
..\..\DATA\dataset\train\savari\217301960.jpg,savari,..\..\DATA\dataset\train
..\..\DATA\datasetv2_TrainClean\clean\autobus\219067267.jpg,autobus,..\..\DATA\datasetv2_TrainClean\clean
..\..\DATA\datasetv2_TrainClean\train\autobus\218903278.jpg,autobus,..\..\DATA\datasetv2_TrainClean\train
..\..\DATA\datasetv2_TrainClean\clean\taxi\216860683.jpg,taxi,..\..\DATA\datasetv2_TrainClean\clean
..\..\DATA\dataset\clean\kamyun\216434062.jpg,kamyun,..\..\DATA\dataset\clean
..\..\DATA\datasetv2_TrainClean\train\minibus\215726997.jpg,minibus,..\..\DATA\datasetv2_TrainClean\train
..\..\DATA\datasetv2_TrainClean\train\ambulance\216152703.jpg,ambulance,..\..\DATA\datasetv2_TrainClean\train
..\..\DATA\datasetv2_TrainClean\train\kamyun\217859902.jpg,kamyun,..\..\DATA\datasetv2_TrainClean\train
..\..\DATA\datasetv2_TrainClean\clean\minibus\213443859.jpg,minibus,..\..\DATA\datasetv2_TrainClean\clean
..\..\DATA\datasetv2_TrainClean\clean\kamyun\216526240.jpg,kamyun,..\..\DATA\datasetv2_TrainClean\clean
..\..\DATA\datasetv2_TrainClean\train\vanet\205327149.jpg,vanet,..\..\DATA\datasetv2_TrainClean\train
..\..\DATA\datasetv2_TrainClean\clean\kamyun\217190222.jpg,kamyun,..\..\DATA\datasetv2_TrainClean\clean
..\..\DATA\datasetv2_TrainClean\clean\vanet\218790292.jpg,vanet,..\..\DATA\datasetv2_TrainClean\clean
..\..\DATA\dataset\train\taxi\218835592.jpg,taxi,..\..\DATA\dataset\train
..\..\DATA\datasetv2_TrainClean\clean\vanet\208472560.jpg,vanet,..\..\DATA\datasetv2_TrainClean\clean
..\..\DATA\datasetv2_TrainClean\clean\ambulance\218070390.jpg,ambulance,..\..\DATA\datasetv2_TrainClean\clean
..\..\DATA\datasetv2_TrainClean\clean\kamyun\216109678.jpg,kamyun,..\..\DATA\datasetv2_TrainClean\clean
..\..\DATA\datasetv2_TrainClean\train\taxi\198935466.jpg,taxi,..\..\DATA\datasetv2_TrainClean\train
..\..\DATA\datasetv2_TrainClean\clean\kamyun\218578650.jpg,kamyun,..\..\DATA\datasetv2_TrainClean\clean
..\..\DATA\datasetv2_TrainClean\clean\vanet\218216229.jpg,vanet,..\..\DATA\datasetv2_TrainClean\clean
..\..\DATA\datasetv2_TrainClean\clean\vanet\218120114.jpg,vanet,..\..\DATA\datasetv2_TrainClean\clean
..\..\DATA\datasetv2_TrainClean\train\kamyun\217042067.jpg,kamyun,..\..\DATA\datasetv2_TrainClean\train
..\..\DATA\dataset\train\kamyun\216854381.jpg,kamyun,..\..\DATA\dataset\train
..\..\DATA\datasetv2_TrainClean\train\taxi\219012191.jpg,taxi,..\..\DATA\datasetv2_TrainClean\train
..\..\DATA\datasetv2_TrainClean\clean\kamyun\194484076.jpg,kamyun,..\..\DATA\datasetv2_TrainClean\clean
..\..\DATA\datasetv2_TrainClean\train\ambulance\212750815.jpg,ambulance,..\..\DATA\datasetv2_TrainClean\train
..\..\DATA\dataset\clean\savari\211383068.jpg,savari,..\..\DATA\dataset\clean
..\..\DATA\dataset\train\vanet\218481035.jpg,vanet,..\..\DATA\dataset\train
..\..\DATA\datasetv2_TrainClean\clean\kamyun\218078546.jpg,kamyun,..\..\DATA\datasetv2_TrainClean\clean
..\..\DATA\datasetv2_TrainClean\train\ambulance\217727567.jpg,ambulance,..\..\DATA\datasetv2_TrainClean\train
..\..\DATA\datasetv2_TrainClean\clean\savari\219006680.jpg,savari,..\..\DATA\datasetv2_TrainClean\clean
..\..\DATA\datasetv2_TrainClean\clean\vanet\210682674.jpg,vanet,..\..\DATA\datasetv2_TrainClean\clean
..\..\DATA\datasetv2_TrainClean\clean\vanet\218984663.jpg,vanet,..\..\DATA\datasetv2_TrainClean\clean
..\..\DATA\datasetv2_TrainClean\train\kamyun\215829451.jpg,kamyun,..\..\DATA\datasetv2_TrainClean\train
..\..\DATA\datasetv2_TrainClean\clean\vanet\199524545.jpg,vanet,..\..\DATA\datasetv2_TrainClean\clean
..\..\DATA\datasetv2_TrainClean\clean\vanet\198034392.jpg,vanet,..\..\DATA\datasetv2_TrainClean\clean
..\..\DATA\dataset\clean\vanet\219111121.jpg,vanet,..\..\DATA\dataset\clean
..\..\DATA\datasetv2_TrainClean\train\vanet\199334653.jpg,vanet,..\..\DATA\datasetv2_TrainClean\train
..\..\DATA\datasetv2_TrainClean\clean\taxi\212492667.jpg,taxi,..\..\DATA\datasetv2_TrainClean\clean
..\..\DATA\dataset\clean\kamyun\217393780.jpg,kamyun,..\..\DATA\dataset\clean
..\..\DATA\datasetv2_TrainClean\train\ambulance\218339551.jpg,ambulance,..\..\DATA\datasetv2_TrainClean\train
..\..\DATA\datasetv2_TrainClean\train\kamyun\217798410.jpg,kamyun,..\..\DATA\datasetv2_TrainClean\train
..\..\DATA\dataset\clean\minibus\215772703.jpg,minibus,..\..\DATA\dataset\clean
..\..\DATA\datasetv2_TrainClean\clean\kamyun\218642439.jpg,kamyun,..\..\DATA\datasetv2_TrainClean\clean
..\..\DATA\dataset\clean\savari\210273275.jpg,savari,..\..\DATA\dataset\clean
..\..\DATA\datasetv2_TrainClean\train\ambulance\218244029.jpg,ambulance,..\..\DATA\datasetv2_TrainClean\train
..\..\DATA\datasetv2_TrainClean\train\savari\217595807.jpg,savari,..\..\DATA\datasetv2_TrainClean\train
..\..\DATA\datasetv2_TrainClean\clean\autobus\212513253.jpg,autobus,..\..\DATA\datasetv2_TrainClean\clean
..\..\DATA\datasetv2_TrainClean\train\ambulance\215086043.jpg,ambulance,..\..\DATA\datasetv2_TrainClean\train
..\..\DATA\datasetv2_TrainClean\train\savari\206755128.jpg,savari,..\..\DATA\datasetv2_TrainClean\train
..\..\DATA\dataset\train\savari\205313767.jpg,savari,..\..\DATA\dataset\train
..\..\DATA\datasetv2_TrainClean\clean\kamyun\215956539.jpg,kamyun,..\..\DATA\datasetv2_TrainClean\clean
..\..\DATA\datasetv2_TrainClean\train\savari\216694598.jpg,savari,..\..\DATA\datasetv2_TrainClean\train
..\..\DATA\datasetv2_TrainClean\clean\kamyun\216044993.jpg,kamyun,..\..\DATA\datasetv2_TrainClean\clean
..\..\DATA\dataset\clean\kamyun\200457547.jpg,kamyun,..\..\DATA\dataset\clean
..\..\DATA\datasetv2_TrainClean\train\kamyun\216769772.jpg,kamyun,..\..\DATA\datasetv2_TrainClean\train
..\..\DATA\datasetv2_TrainClean\train\minibus\205925887.jpg,minibus,..\..\DATA\datasetv2_TrainClean\train
..\..\DATA\datasetv2_TrainClean\train\ambulance\217888265.jpg,ambulance,..\..\DATA\datasetv2_TrainClean\train
..\..\DATA\datasetv2_TrainClean\clean\ambulance\213260411.jpg,ambulance,..\..\DATA\datasetv2_TrainClean\clean
..\..\DATA\datasetv2_TrainClean\clean\vanet\217770313.jpg,vanet,..\..\DATA\datasetv2_TrainClean\clean
..\..\DATA\datasetv2_TrainClean\train\taxi\212737728.jpg,taxi,..\..\DATA\datasetv2_TrainClean\train
..\..\DATA\datasetv2_TrainClean\clean\vanet\195491717.jpg,vanet,..\..\DATA\datasetv2_TrainClean\clean
..\..\DATA\datasetv2_TrainClean\clean\vanet\204488081.jpg,vanet,..\..\DATA\datasetv2_TrainClean\clean
..\..\DATA\datasetv2_TrainClean\clean\ambulance\215417394.jpg,ambulance,..\..\DATA\datasetv2_TrainClean\clean
..\..\DATA\datasetv2_TrainClean\train\minibus\217959075.jpg,minibus,..\..\DATA\datasetv2_TrainClean\train
..\..\DATA\datasetv2_TrainClean\clean\vanet\208091182.jpg,vanet,..\..\DATA\datasetv2_TrainClean\clean
..\..\DATA\datasetv2_TrainClean\train\vanet\216849972.jpg,vanet,..\..\DATA\datasetv2_TrainClean\train
..\..\DATA\dataset\train\autobus\217891887.jpg,autobus,..\..\DATA\dataset\train
..\..\DATA\datasetv2_TrainClean\clean\vanet\212794066.jpg,vanet,..\..\DATA\datasetv2_TrainClean\clean
..\..\DATA\datasetv2_TrainClean\train\kamyun\206542315.jpg,kamyun,..\..\DATA\datasetv2_TrainClean\train
..\..\DATA\datasetv2_TrainClean\clean\ambulance\200105319.jpg,ambulance,..\..\DATA\datasetv2_TrainClean\clean
..\..\DATA\dataset\clean\autobus\217924220.jpg,autobus,..\..\DATA\dataset\clean
..\..\DATA\datasetv2_TrainClean\clean\kamyun\217433211.jpg,kamyun,..\..\DATA\datasetv2_TrainClean\clean
..\..\DATA\datasetv2_TrainClean\clean\vanet\197248545.jpg,vanet,..\..\DATA\datasetv2_TrainClean\clean
..\..\DATA\dataset\clean\autobus\215825871.jpg,autobus,..\..\DATA\dataset\clean
..\..\DATA\datasetv2_TrainClean\train\vanet\213512974.jpg,vanet,..\..\DATA\datasetv2_TrainClean\train
..\..\DATA\datasetv2_TrainClean\train\kamyun\218833657.jpg,kamyun,..\..\DATA\datasetv2_TrainClean\train
..\..\DATA\dataset\clean\kamyun\216023198.jpg,kamyun,..\..\DATA\dataset\clean
..\..\DATA\datasetv2_TrainClean\train\kamyun\198923439.jpg,kamyun,..\..\DATA\datasetv2_TrainClean\train
..\..\DATA\datasetv2_TrainClean\train\kamyun\216088991.jpg,kamyun,..\..\DATA\datasetv2_TrainClean\train
..\..\DATA\datasetv2_TrainClean\clean\kamyun\203426119.jpg,kamyun,..\..\DATA\datasetv2_TrainClean\clean
..\..\DATA\datasetv2_TrainClean\clean\vanet\218701154.jpg,vanet,..\..\DATA\datasetv2_TrainClean\clean
..\..\DATA\datasetv2_TrainClean\train\ambulance\218036224.jpg,ambulance,..\..\DATA\datasetv2_TrainClean\train
..\..\DATA\datasetv2_TrainClean\train\autobus\195938542.jpg,autobus,..\..\DATA\datasetv2_TrainClean\train
..\..\DATA\datasetv2_TrainClean\clean\vanet\197261582.jpg,vanet,..\..\DATA\datasetv2_TrainClean\clean
..\..\DATA\datasetv2_TrainClean\train\minibus\210105535.jpg,minibus,..\..\DATA\datasetv2_TrainClean\train
..\..\DATA\datasetv2_TrainClean\train\savari\215767529.jpg,savari,..\..\DATA\datasetv2_TrainClean\train
..\..\DATA\datasetv2_TrainClean\clean\taxi\217354919.jpg,taxi,..\..\DATA\datasetv2_TrainClean\clean
..\..\DATA\dataset\train\ambulance\213342200.jpg,ambulance,..\..\DATA\dataset\train
..\..\DATA\datasetv2_TrainClean\train\vanet\207739732.jpg,vanet,..\..\DATA\datasetv2_TrainClean\train
..\..\DATA\datasetv2_TrainClean\train\minibus\213030257.jpg,minibus,..\..\DATA\datasetv2_TrainClean\train
..\..\DATA\datasetv2_TrainClean\clean\savari\208418093.jpg,savari,..\..\DATA\datasetv2_TrainClean\clean
..\..\DATA\datasetv2_TrainClean\clean\autobus\216913762.jpg,autobus,..\..\DATA\datasetv2_TrainClean\clean
..\..\DATA\dataset\clean\autobus\216869309.jpg,autobus,..\..\DATA\dataset\clean
..\..\DATA\datasetv2_TrainClean\train\kamyun\219120783.jpg,kamyun,..\..\DATA\datasetv2_TrainClean\train
..\..\DATA\datasetv2_TrainClean\clean\kamyun\198264037.jpg,kamyun,..\..\DATA\datasetv2_TrainClean\clean
..\..\DATA\datasetv2_TrainClean\train\savari\209111011.jpg,savari,..\..\DATA\datasetv2_TrainClean\train
..\..\DATA\datasetv2_TrainClean\clean\ambulance\218214695.jpg,ambulance,..\..\DATA\datasetv2_TrainClean\clean
..\..\DATA\datasetv2_TrainClean\train\kamyun\216086881.jpg,kamyun,..\..\DATA\datasetv2_TrainClean\train
..\..\DATA\dataset\train\vanet\200024004.jpg,vanet,..\..\DATA\dataset\train
..\..\DATA\dataset\train\minibus\215772197.jpg,minibus,..\..\DATA\dataset\train
..\..\DATA\dataset\clean\kamyun\218572695.jpg,kamyun,..\..\DATA\dataset\clean
..\..\DATA\dataset\clean\kamyun\198385201.jpg,kamyun,..\..\DATA\dataset\clean
..\..\DATA\datasetv2_TrainClean\clean\kamyun\196417710.jpg,kamyun,..\..\DATA\datasetv2_TrainClean\clean
..\..\DATA\datasetv2_TrainClean\train\minibus\218768816.jpg,minibus,..\..\DATA\datasetv2_TrainClean\train
..\..\DATA\datasetv2_TrainClean\train\kamyun\215628455.jpg,kamyun,..\..\DATA\datasetv2_TrainClean\train
..\..\DATA\datasetv2_TrainClean\train\savari\198701356.jpg,savari,..\..\DATA\datasetv2_TrainClean\train
..\..\DATA\datasetv2_TrainClean\clean\autobus\216797922.jpg,autobus,..\..\DATA\datasetv2_TrainClean\clean
..\..\DATA\datasetv2_TrainClean\clean\taxi\215802930.jpg,taxi,..\..\DATA\datasetv2_TrainClean\clean
..\..\DATA\datasetv2_TrainClean\clean\kamyun\209517188.jpg,kamyun,..\..\DATA\datasetv2_TrainClean\clean
..\..\DATA\datasetv2_TrainClean\clean\minibus\216275706.jpg,minibus,..\..\DATA\datasetv2_TrainClean\clean
..\..\DATA\datasetv2_TrainClean\clean\kamyun\216317142.jpg,kamyun,..\..\DATA\datasetv2_TrainClean\clean
..\..\DATA\datasetv2_TrainClean\train\vanet\203269085.jpg,vanet,..\..\DATA\datasetv2_TrainClean\train
..\..\DATA\dataset\clean\kamyun\217000128.jpg,kamyun,..\..\DATA\dataset\clean
..\..\DATA\datasetv2_TrainClean\clean\savari\214344756.jpg,savari,..\..\DATA\datasetv2_TrainClean\clean
..\..\DATA\datasetv2_TrainClean\clean\kamyun\215318772.jpg,kamyun,..\..\DATA\datasetv2_TrainClean\clean
..\..\DATA\dataset\train\savari\214749765.jpg,savari,..\..\DATA\dataset\train
..\..\DATA\dataset\train\autobus\218206926.jpg,autobus,..\..\DATA\dataset\train
..\..\DATA\datasetv2_TrainClean\clean\taxi\217194334.jpg,taxi,..\..\DATA\datasetv2_TrainClean\clean
..\..\DATA\datasetv2_TrainClean\train\minibus\198508755.jpg,minibus,..\..\DATA\datasetv2_TrainClean\train
..\..\DATA\datasetv2_TrainClean\train\kamyun\216808886.jpg,kamyun,..\..\DATA\datasetv2_TrainClean\train
..\..\DATA\datasetv2_TrainClean\train\kamyun\218951158.jpg,kamyun,..\..\DATA\datasetv2_TrainClean\train
..\..\DATA\datasetv2_TrainClean\clean\vanet\198256082.jpg,vanet,..\..\DATA\datasetv2_TrainClean\clean
..\..\DATA\datasetv2_TrainClean\clean\taxi\214281537.jpg,taxi,..\..\DATA\datasetv2_TrainClean\clean
..\..\DATA\datasetv2_TrainClean\clean\kamyun\216204473.jpg,kamyun,..\..\DATA\datasetv2_TrainClean\clean
..\..\DATA\datasetv2_TrainClean\train\minibus\215772762.jpg,minibus,..\..\DATA\datasetv2_TrainClean\train
..\..\DATA\dataset\train\savari\193865576.jpg,savari,..\..\DATA\dataset\train
..\..\DATA\datasetv2_TrainClean\clean\vanet\205354707.jpg,vanet,..\..\DATA\datasetv2_TrainClean\clean
..\..\DATA\datasetv2_TrainClean\clean\ambulance\217941976.jpg,ambulance,..\..\DATA\datasetv2_TrainClean\clean
..\..\DATA\datasetv2_TrainClean\train\autobus\216114758.jpg,autobus,..\..\DATA\datasetv2_TrainClean\train
..\..\DATA\datasetv2_TrainClean\clean\minibus\215116497.jpg,minibus,..\..\DATA\datasetv2_TrainClean\clean
..\..\DATA\datasetv2_TrainClean\train\vanet\219013565.jpg,vanet,..\..\DATA\datasetv2_TrainClean\train
..\..\DATA\dataset\clean\vanet\215996114.jpg,vanet,..\..\DATA\dataset\clean
..\..\DATA\dataset\clean\autobus\218595025.jpg,autobus,..\..\DATA\dataset\clean
..\..\DATA\datasetv2_TrainClean\train\savari\217026272.jpg,savari,..\..\DATA\datasetv2_TrainClean\train
..\..\DATA\datasetv2_TrainClean\clean\kamyun\214731512.jpg,kamyun,..\..\DATA\datasetv2_TrainClean\clean
..\..\DATA\dataset\train\vanet\194840733.jpg,vanet,..\..\DATA\dataset\train
..\..\DATA\datasetv2_TrainClean\train\ambulance\216657686.jpg,ambulance,..\..\DATA\datasetv2_TrainClean\train
..\..\DATA\datasetv2_TrainClean\clean\autobus\216870701.jpg,autobus,..\..\DATA\datasetv2_TrainClean\clean
..\..\DATA\dataset\clean\autobus\218737467.jpg,autobus,..\..\DATA\dataset\clean
..\..\DATA\datasetv2_TrainClean\clean\vanet\197073034.jpg,vanet,..\..\DATA\datasetv2_TrainClean\clean
..\..\DATA\datasetv2_TrainClean\clean\minibus\217030998.jpg,minibus,..\..\DATA\datasetv2_TrainClean\clean
..\..\DATA\datasetv2_TrainClean\train\ambulance\217447963.jpg,ambulance,..\..\DATA\datasetv2_TrainClean\train
..\..\DATA\dataset\train\kamyun\216040476.jpg,kamyun,..\..\DATA\dataset\train
..\..\DATA\datasetv2_TrainClean\clean\vanet\212397930.jpg,vanet,..\..\DATA\datasetv2_TrainClean\clean
..\..\DATA\dataset\train\minibus\210099617.jpg,minibus,..\..\DATA\dataset\train
..\..\DATA\datasetv2_TrainClean\train\kamyun\217780037.jpg,kamyun,..\..\DATA\datasetv2_TrainClean\train
..\..\DATA\dataset\clean\kamyun\218607498.jpg,kamyun,..\..\DATA\dataset\clean
..\..\DATA\dataset\clean\vanet\219083209.jpg,vanet,..\..\DATA\dataset\clean
..\..\DATA\datasetv2_TrainClean\clean\taxi\218698320.jpg,taxi,..\..\DATA\datasetv2_TrainClean\clean
..\..\DATA\datasetv2_TrainClean\train\minibus\215329984.jpg,minibus,..\..\DATA\datasetv2_TrainClean\train
..\..\DATA\datasetv2_TrainClean\train\autobus\217791047.jpg,autobus,..\..\DATA\datasetv2_TrainClean\train
..\..\DATA\datasetv2_TrainClean\clean\kamyun\216223738.jpg,kamyun,..\..\DATA\datasetv2_TrainClean\clean
..\..\DATA\datasetv2_TrainClean\clean\taxi\216110847.jpg,taxi,..\..\DATA\datasetv2_TrainClean\clean
..\..\DATA\datasetv2_TrainClean\clean\minibus\204657780.jpg,minibus,..\..\DATA\datasetv2_TrainClean\clean
..\..\DATA\datasetv2_TrainClean\clean\kamyun\217031763.jpg,kamyun,..\..\DATA\datasetv2_TrainClean\clean
..\..\DATA\datasetv2_TrainClean\train\minibus\216631528.jpg,minibus,..\..\DATA\datasetv2_TrainClean\train
..\..\DATA\datasetv2_TrainClean\clean\savari\210205517.jpg,savari,..\..\DATA\datasetv2_TrainClean\clean
..\..\DATA\datasetv2_TrainClean\clean\kamyun\219062079.jpg,kamyun,..\..\DATA\datasetv2_TrainClean\clean
..\..\DATA\datasetv2_TrainClean\clean\autobus\218544249.jpg,autobus,..\..\DATA\datasetv2_TrainClean\clean
..\..\DATA\datasetv2_TrainClean\train\kamyun\213816578.jpg,kamyun,..\..\DATA\datasetv2_TrainClean\train
..\..\DATA\datasetv2_TrainClean\train\minibus\219024828.jpg,minibus,..\..\DATA\datasetv2_TrainClean\train
..\..\DATA\datasetv2_TrainClean\clean\taxi\216847527.jpg,taxi,..\..\DATA\datasetv2_TrainClean\clean
..\..\DATA\datasetv2_TrainClean\train\minibus\205929260.jpg,minibus,..\..\DATA\datasetv2_TrainClean\train
..\..\DATA\datasetv2_TrainClean\clean\kamyun\218164341.jpg,kamyun,..\..\DATA\datasetv2_TrainClean\clean
..\..\DATA\datasetv2_TrainClean\train\kamyun\218983938.jpg,kamyun,..\..\DATA\datasetv2_TrainClean\train
..\..\DATA\dataset\clean\vanet\214785158.jpg,vanet,..\..\DATA\dataset\clean
..\..\DATA\datasetv2_TrainClean\clean\savari\216973782.jpg,savari,..\..\DATA\datasetv2_TrainClean\clean
..\..\DATA\datasetv2_TrainClean\clean\ambulance\216362224.jpg,ambulance,..\..\DATA\datasetv2_TrainClean\clean
..\..\DATA\datasetv2_TrainClean\train\autobus\216423047.jpg,autobus,..\..\DATA\datasetv2_TrainClean\train
..\..\DATA\datasetv2_TrainClean\clean\vanet\207163688.jpg,vanet,..\..\DATA\datasetv2_TrainClean\clean
..\..\DATA\datasetv2_TrainClean\clean\savari\216704359.jpg,savari,..\..\DATA\datasetv2_TrainClean\clean
..\..\DATA\datasetv2_TrainClean\train\kamyun\214772097.jpg,kamyun,..\..\DATA\datasetv2_TrainClean\train
..\..\DATA\dataset\train\savari\208637892.jpg,savari,..\..\DATA\dataset\train
..\..\DATA\datasetv2_TrainClean\clean\minibus\200143097.jpg,minibus,..\..\DATA\datasetv2_TrainClean\clean
..\..\DATA\datasetv2_TrainClean\train\kamyun\216902168.jpg,kamyun,..\..\DATA\datasetv2_TrainClean\train
..\..\DATA\datasetv2_TrainClean\train\kamyun\215600811.jpg,kamyun,..\..\DATA\datasetv2_TrainClean\train
..\..\DATA\datasetv2_TrainClean\clean\kamyun\216019497.jpg,kamyun,..\..\DATA\datasetv2_TrainClean\clean
..\..\DATA\datasetv2_TrainClean\clean\kamyun\216456908.jpg,kamyun,..\..\DATA\datasetv2_TrainClean\clean
..\..\DATA\dataset\train\ambulance\217504681.jpg,ambulance,..\..\DATA\dataset\train
..\..\DATA\dataset\train\autobus\215825639.jpg,autobus,..\..\DATA\dataset\train
..\..\DATA\datasetv2_TrainClean\clean\savari\218722193.jpg,savari,..\..\DATA\datasetv2_TrainClean\clean
..\..\DATA\datasetv2_TrainClean\train\minibus\218728399.jpg,minibus,..\..\DATA\datasetv2_TrainClean\train
..\..\DATA\datasetv2_TrainClean\clean\savari\216729257.jpg,savari,..\..\DATA\datasetv2_TrainClean\clean
..\..\DATA\datasetv2_TrainClean\train\kamyun\218970183.jpg,kamyun,..\..\DATA\datasetv2_TrainClean\train
..\..\DATA\datasetv2_TrainClean\clean\vanet\202875871.jpg,vanet,..\..\DATA\datasetv2_TrainClean\clean
..\..\DATA\datasetv2_TrainClean\clean\vanet\212029693.jpg,vanet,..\..\DATA\datasetv2_TrainClean\clean
..\..\DATA\datasetv2_TrainClean\clean\autobus\216084543.jpg,autobus,..\..\DATA\datasetv2_TrainClean\clean
..\..\DATA\datasetv2_TrainClean\clean\kamyun\216230183.jpg,kamyun,..\..\DATA\datasetv2_TrainClean\clean
..\..\DATA\datasetv2_TrainClean\clean\kamyun\218723246.jpg,kamyun,..\..\DATA\datasetv2_TrainClean\clean
..\..\DATA\datasetv2_TrainClean\clean\kamyun\212916835.jpg,kamyun,..\..\DATA\datasetv2_TrainClean\clean
..\..\DATA\datasetv2_TrainClean\train\ambulance\212822076.jpg,ambulance,..\..\DATA\datasetv2_TrainClean\train
..\..\DATA\datasetv2_TrainClean\clean\ambulance\215630754.jpg,ambulance,..\..\DATA\datasetv2_TrainClean\clean
..\..\DATA\dataset\train\kamyun\218984358.jpg,kamyun,..\..\DATA\dataset\train
..\..\DATA\dataset\train\taxi\215804635.jpg,taxi,..\..\DATA\dataset\train
..\..\DATA\datasetv2_TrainClean\clean\vanet\205359219.jpg,vanet,..\..\DATA\datasetv2_TrainClean\clean
..\..\DATA\datasetv2_TrainClean\clean\autobus\198693556.jpg,autobus,..\..\DATA\datasetv2_TrainClean\clean
..\..\DATA\dataset\train\kamyun\206930130.jpg,kamyun,..\..\DATA\dataset\train
..\..\DATA\datasetv2_TrainClean\train\minibus\215721654.jpg,minibus,..\..\DATA\datasetv2_TrainClean\train
..\..\DATA\datasetv2_TrainClean\clean\vanet\215976038.jpg,vanet,..\..\DATA\datasetv2_TrainClean\clean
..\..\DATA\dataset\clean\kamyun\214357757.jpg,kamyun,..\..\DATA\dataset\clean
..\..\DATA\datasetv2_TrainClean\train\savari\213322591.jpg,savari,..\..\DATA\datasetv2_TrainClean\train
..\..\DATA\datasetv2_TrainClean\train\vanet\195489956.jpg,vanet,..\..\DATA\datasetv2_TrainClean\train
..\..\DATA\datasetv2_TrainClean\train\savari\218745573.jpg,savari,..\..\DATA\datasetv2_TrainClean\train
..\..\DATA\datasetv2_TrainClean\train\autobus\218092463.jpg,autobus,..\..\DATA\datasetv2_TrainClean\train
..\..\DATA\dataset\clean\minibus\217763204.jpg,minibus,..\..\DATA\dataset\clean
..\..\DATA\datasetv2_TrainClean\train\kamyun\216984996.jpg,kamyun,..\..\DATA\datasetv2_TrainClean\train
..\..\DATA\datasetv2_TrainClean\clean\kamyun\215989790.jpg,kamyun,..\..\DATA\datasetv2_TrainClean\clean
..\..\DATA\datasetv2_TrainClean\train\autobus\215686284.jpg,autobus,..\..\DATA\datasetv2_TrainClean\train
..\..\DATA\datasetv2_TrainClean\train\ambulance\217541742.jpg,ambulance,..\..\DATA\datasetv2_TrainClean\train
..\..\DATA\datasetv2_TrainClean\clean\minibus\198606990.jpg,minibus,..\..\DATA\datasetv2_TrainClean\clean
..\..\DATA\datasetv2_TrainClean\train\ambulance\216447391.jpg,ambulance,..\..\DATA\datasetv2_TrainClean\train
..\..\DATA\datasetv2_TrainClean\train\kamyun\218240059.jpg,kamyun,..\..\DATA\datasetv2_TrainClean\train
..\..\DATA\datasetv2_TrainClean\clean\savari\218202038.jpg,savari,..\..\DATA\datasetv2_TrainClean\clean
..\..\DATA\datasetv2_TrainClean\train\kamyun\219070364.jpg,kamyun,..\..\DATA\datasetv2_TrainClean\train
..\..\DATA\dataset\clean\ambulance\215169753.jpg,ambulance,..\..\DATA\dataset\clean
..\..\DATA\datasetv2_TrainClean\train\taxi\216432200.jpg,taxi,..\..\DATA\datasetv2_TrainClean\train
..\..\DATA\datasetv2_TrainClean\train\ambulance\216959847.jpg,ambulance,..\..\DATA\datasetv2_TrainClean\train
..\..\DATA\datasetv2_TrainClean\clean\savari\217596839.jpg,savari,..\..\DATA\datasetv2_TrainClean\clean
..\..\DATA\dataset\train\minibus\206188796.jpg,minibus,..\..\DATA\dataset\train
..\..\DATA\datasetv2_TrainClean\clean\vanet\210404279.jpg,vanet,..\..\DATA\datasetv2_TrainClean\clean
..\..\DATA\datasetv2_TrainClean\clean\autobus\205990197.jpg,autobus,..\..\DATA\datasetv2_TrainClean\clean
..\..\DATA\datasetv2_TrainClean\clean\vanet\201814328.jpg,vanet,..\..\DATA\datasetv2_TrainClean\clean
..\..\DATA\datasetv2_TrainClean\clean\kamyun\213234314.jpg,kamyun,..\..\DATA\datasetv2_TrainClean\clean
..\..\DATA\datasetv2_TrainClean\train\vanet\212246766.jpg,vanet,..\..\DATA\datasetv2_TrainClean\train
..\..\DATA\datasetv2_TrainClean\clean\kamyun\215581956.jpg,kamyun,..\..\DATA\datasetv2_TrainClean\clean
..\..\DATA\datasetv2_TrainClean\train\kamyun\218728490.jpg,kamyun,..\..\DATA\datasetv2_TrainClean\train
..\..\DATA\dataset\train\minibus\216427737.jpg,minibus,..\..\DATA\dataset\train
..\..\DATA\dataset\clean\savari\217678723.jpg,savari,..\..\DATA\dataset\clean
..\..\DATA\datasetv2_TrainClean\clean\vanet\205760741.jpg,vanet,..\..\DATA\datasetv2_TrainClean\clean
..\..\DATA\datasetv2_TrainClean\clean\kamyun\218719224.jpg,kamyun,..\..\DATA\datasetv2_TrainClean\clean
..\..\DATA\datasetv2_TrainClean\clean\kamyun\218894134.jpg,kamyun,..\..\DATA\datasetv2_TrainClean\clean
..\..\DATA\datasetv2_TrainClean\clean\savari\195946835.jpg,savari,..\..\DATA\datasetv2_TrainClean\clean
..\..\DATA\dataset\train\savari\206375505.jpg,savari,..\..\DATA\dataset\train
..\..\DATA\datasetv2_TrainClean\train\savari\218721508.jpg,savari,..\..\DATA\datasetv2_TrainClean\train
..\..\DATA\datasetv2_TrainClean\train\autobus\216588181.jpg,autobus,..\..\DATA\datasetv2_TrainClean\train
..\..\DATA\dataset\clean\kamyun\209981626.jpg,kamyun,..\..\DATA\dataset\clean
..\..\DATA\datasetv2_TrainClean\train\ambulance\216092441.jpg,ambulance,..\..\DATA\datasetv2_TrainClean\train
..\..\DATA\datasetv2_TrainClean\clean\kamyun\214288744.jpg,kamyun,..\..\DATA\datasetv2_TrainClean\clean
..\..\DATA\datasetv2_TrainClean\clean\minibus\216593660.jpg,minibus,..\..\DATA\datasetv2_TrainClean\clean
..\..\DATA\dataset\train\vanet\201998076.jpg,vanet,..\..\DATA\dataset\train
..\..\DATA\datasetv2_TrainClean\train\autobus\216864238.jpg,autobus,..\..\DATA\datasetv2_TrainClean\train
..\..\DATA\dataset\clean\ambulance\212304509.jpg,ambulance,..\..\DATA\dataset\clean
..\..\DATA\datasetv2_TrainClean\train\kamyun\216030677.jpg,kamyun,..\..\DATA\datasetv2_TrainClean\train
..\..\DATA\dataset\clean\vanet\217670439.jpg,vanet,..\..\DATA\dataset\clean
..\..\DATA\dataset\train\autobus\216318824.jpg,autobus,..\..\DATA\dataset\train
..\..\DATA\datasetv2_TrainClean\clean\kamyun\217052078.jpg,kamyun,..\..\DATA\datasetv2_TrainClean\clean
..\..\DATA\datasetv2_TrainClean\clean\taxi\198784132.jpg,taxi,..\..\DATA\datasetv2_TrainClean\clean
..\..\DATA\datasetv2_TrainClean\clean\kamyun\214962809.jpg,kamyun,..\..\DATA\datasetv2_TrainClean\clean
..\..\DATA\dataset\train\kamyun\218936367.jpg,kamyun,..\..\DATA\dataset\train
..\..\DATA\datasetv2_TrainClean\clean\savari\197570674.jpg,savari,..\..\DATA\datasetv2_TrainClean\clean
..\..\DATA\datasetv2_TrainClean\clean\minibus\206183245.jpg,minibus,..\..\DATA\datasetv2_TrainClean\clean
..\..\DATA\datasetv2_TrainClean\clean\taxi\218332011.jpg,taxi,..\..\DATA\datasetv2_TrainClean\clean
..\..\DATA\datasetv2_TrainClean\train\kamyun\217199468.jpg,kamyun,..\..\DATA\datasetv2_TrainClean\train
..\..\DATA\datasetv2_TrainClean\clean\kamyun\215697977.jpg,kamyun,..\..\DATA\datasetv2_TrainClean\clean
..\..\DATA\datasetv2_TrainClean\clean\minibus\198427263.jpg,minibus,..\..\DATA\datasetv2_TrainClean\clean
..\..\DATA\datasetv2_TrainClean\train\taxi\198521544.jpg,taxi,..\..\DATA\datasetv2_TrainClean\train
..\..\DATA\dataset\train\savari\208561726.jpg,savari,..\..\DATA\dataset\train
..\..\DATA\dataset\train\kamyun\194270924.jpg,kamyun,..\..\DATA\dataset\train
..\..\DATA\dataset\clean\ambulance\216756276.jpg,ambulance,..\..\DATA\dataset\clean
..\..\DATA\datasetv2_TrainClean\clean\taxi\199993681.jpg,taxi,..\..\DATA\datasetv2_TrainClean\clean
..\..\DATA\datasetv2_TrainClean\clean\taxi\218160438.jpg,taxi,..\..\DATA\datasetv2_TrainClean\clean
..\..\DATA\dataset\train\kamyun\218851819.jpg,kamyun,..\..\DATA\dataset\train
..\..\DATA\dataset\clean\kamyun\212295113.jpg,kamyun,..\..\DATA\dataset\clean
..\..\DATA\dataset\train\savari\208443200.jpg,savari,..\..\DATA\dataset\train
..\..\DATA\datasetv2_TrainClean\train\savari\217755103.jpg,savari,..\..\DATA\datasetv2_TrainClean\train
..\..\DATA\dataset\train\vanet\197642949.jpg,vanet,..\..\DATA\dataset\train
..\..\DATA\dataset\train\minibus\216465953.jpg,minibus,..\..\DATA\dataset\train
..\..\DATA\datasetv2_TrainClean\train\vanet\211868443.jpg,vanet,..\..\DATA\datasetv2_TrainClean\train
..\..\DATA\datasetv2_TrainClean\clean\minibus\200855721.jpg,minibus,..\..\DATA\datasetv2_TrainClean\clean
..\..\DATA\datasetv2_TrainClean\train\autobus\214187028.jpg,autobus,..\..\DATA\datasetv2_TrainClean\train
..\..\DATA\datasetv2_TrainClean\clean\minibus\218707170.jpg,minibus,..\..\DATA\datasetv2_TrainClean\clean
..\..\DATA\dataset\clean\minibus\213277133.jpg,minibus,..\..\DATA\dataset\clean
..\..\DATA\dataset\clean\vanet\213349964.jpg,vanet,..\..\DATA\dataset\clean
..\..\DATA\datasetv2_TrainClean\clean\taxi\217257668.jpg,taxi,..\..\DATA\datasetv2_TrainClean\clean
..\..\DATA\datasetv2_TrainClean\train\kamyun\202188960.jpg,kamyun,..\..\DATA\datasetv2_TrainClean\train
..\..\DATA\datasetv2_TrainClean\clean\autobus\216171296.jpg,autobus,..\..\DATA\datasetv2_TrainClean\clean
..\..\DATA\datasetv2_TrainClean\train\ambulance\215767078.jpg,ambulance,..\..\DATA\datasetv2_TrainClean\train
..\..\DATA\dataset\clean\kamyun\218182764.jpg,kamyun,..\..\DATA\dataset\clean
..\..\DATA\datasetv2_TrainClean\train\taxi\216191824.jpg,taxi,..\..\DATA\datasetv2_TrainClean\train
..\..\DATA\dataset\train\savari\217253879.jpg,savari,..\..\DATA\dataset\train
..\..\DATA\datasetv2_TrainClean\clean\minibus\212475536.jpg,minibus,..\..\DATA\datasetv2_TrainClean\clean
..\..\DATA\datasetv2_TrainClean\train\vanet\196577840.jpg,vanet,..\..\DATA\datasetv2_TrainClean\train
..\..\DATA\datasetv2_TrainClean\train\ambulance\218673872.jpg,ambulance,..\..\DATA\datasetv2_TrainClean\train
..\..\DATA\datasetv2_TrainClean\clean\kamyun\218525760.jpg,kamyun,..\..\DATA\datasetv2_TrainClean\clean
..\..\DATA\dataset\clean\savari\216014638.jpg,savari,..\..\DATA\dataset\clean
..\..\DATA\datasetv2_TrainClean\clean\kamyun\215943238.jpg,kamyun,..\..\DATA\datasetv2_TrainClean\clean
..\..\DATA\datasetv2_TrainClean\train\taxi\217580230.jpg,taxi,..\..\DATA\datasetv2_TrainClean\train
..\..\DATA\datasetv2_TrainClean\train\savari\213228565.jpg,savari,..\..\DATA\datasetv2_TrainClean\train
..\..\DATA\datasetv2_TrainClean\clean\kamyun\218572201.jpg,kamyun,..\..\DATA\datasetv2_TrainClean\clean
..\..\DATA\dataset\clean\ambulance\214289809.jpg,ambulance,..\..\DATA\dataset\clean
..\..\DATA\dataset\train\kamyun\218935445.jpg,kamyun,..\..\DATA\dataset\train
..\..\DATA\datasetv2_TrainClean\clean\autobus\215674095.jpg,autobus,..\..\DATA\datasetv2_TrainClean\clean
..\..\DATA\datasetv2_TrainClean\clean\kamyun\218931630.jpg,kamyun,..\..\DATA\datasetv2_TrainClean\clean
..\..\DATA\dataset\train\vanet\197762795.jpg,vanet,..\..\DATA\dataset\train
..\..\DATA\datasetv2_TrainClean\train\minibus\206169936.jpg,minibus,..\..\DATA\datasetv2_TrainClean\train
..\..\DATA\datasetv2_TrainClean\train\minibus\218918535.jpg,minibus,..\..\DATA\datasetv2_TrainClean\train
..\..\DATA\datasetv2_TrainClean\clean\minibus\218274299.jpg,minibus,..\..\DATA\datasetv2_TrainClean\clean
..\..\DATA\datasetv2_TrainClean\clean\autobus\198274798.jpg,autobus,..\..\DATA\datasetv2_TrainClean\clean
..\..\DATA\datasetv2_TrainClean\train\savari\206858481.jpg,savari,..\..\DATA\datasetv2_TrainClean\train
..\..\DATA\datasetv2_TrainClean\train\taxi\217763528.jpg,taxi,..\..\DATA\datasetv2_TrainClean\train
..\..\DATA\dataset\train\savari\208184846.jpg,savari,..\..\DATA\dataset\train
..\..\DATA\datasetv2_TrainClean\train\vanet\198484121.jpg,vanet,..\..\DATA\datasetv2_TrainClean\train
..\..\DATA\dataset\train\kamyun\216027967.jpg,kamyun,..\..\DATA\dataset\train
..\..\DATA\datasetv2_TrainClean\clean\kamyun\206728823.jpg,kamyun,..\..\DATA\datasetv2_TrainClean\clean
..\..\DATA\datasetv2_TrainClean\train\kamyun\218181782.jpg,kamyun,..\..\DATA\datasetv2_TrainClean\train
..\..\DATA\datasetv2_TrainClean\train\kamyun\198438253.jpg,kamyun,..\..\DATA\datasetv2_TrainClean\train
..\..\DATA\datasetv2_TrainClean\train\savari\218545382.jpg,savari,..\..\DATA\datasetv2_TrainClean\train
..\..\DATA\datasetv2_TrainClean\clean\taxi\216617210.jpg,taxi,..\..\DATA\datasetv2_TrainClean\clean
..\..\DATA\datasetv2_TrainClean\train\vanet\218653329.jpg,vanet,..\..\DATA\datasetv2_TrainClean\train
..\..\DATA\datasetv2_TrainClean\train\kamyun\217935251.jpg,kamyun,..\..\DATA\datasetv2_TrainClean\train
..\..\DATA\dataset\train\minibus\195315678.jpg,minibus,..\..\DATA\dataset\train
..\..\DATA\dataset\clean\minibus\215644672.jpg,minibus,..\..\DATA\dataset\clean
..\..\DATA\datasetv2_TrainClean\clean\minibus\196994498.jpg,minibus,..\..\DATA\datasetv2_TrainClean\clean
..\..\DATA\datasetv2_TrainClean\clean\vanet\206608462.jpg,vanet,..\..\DATA\datasetv2_TrainClean\clean
..\..\DATA\datasetv2_TrainClean\clean\savari\216733797.jpg,savari,..\..\DATA\datasetv2_TrainClean\clean
..\..\DATA\datasetv2_TrainClean\clean\savari\213269293.jpg,savari,..\..\DATA\datasetv2_TrainClean\clean
..\..\DATA\datasetv2_TrainClean\clean\savari\217001814.jpg,savari,..\..\DATA\datasetv2_TrainClean\clean
..\..\DATA\datasetv2_TrainClean\clean\taxi\217265862.jpg,taxi,..\..\DATA\datasetv2_TrainClean\clean
..\..\DATA\datasetv2_TrainClean\train\savari\216120769.jpg,savari,..\..\DATA\datasetv2_TrainClean\train
..\..\DATA\datasetv2_TrainClean\train\taxi\218078057.jpg,taxi,..\..\DATA\datasetv2_TrainClean\train
..\..\DATA\datasetv2_TrainClean\train\vanet\213516467.jpg,vanet,..\..\DATA\datasetv2_TrainClean\train
..\..\DATA\datasetv2_TrainClean\train\taxi\217163644.jpg,taxi,..\..\DATA\datasetv2_TrainClean\train
..\..\DATA\datasetv2_TrainClean\train\kamyun\215975099.jpg,kamyun,..\..\DATA\datasetv2_TrainClean\train
..\..\DATA\datasetv2_TrainClean\clean\savari\198114661.jpg,savari,..\..\DATA\datasetv2_TrainClean\clean
..\..\DATA\datasetv2_TrainClean\clean\vanet\206216604.jpg,vanet,..\..\DATA\datasetv2_TrainClean\clean
..\..\DATA\dataset\train\minibus\216977414.jpg,minibus,..\..\DATA\dataset\train
..\..\DATA\dataset\train\ambulance\218966979.jpg,ambulance,..\..\DATA\dataset\train
..\..\DATA\datasetv2_TrainClean\train\ambulance\216379768.jpg,ambulance,..\..\DATA\datasetv2_TrainClean\train
..\..\DATA\datasetv2_TrainClean\clean\autobus\217892348.jpg,autobus,..\..\DATA\datasetv2_TrainClean\clean
..\..\DATA\datasetv2_TrainClean\clean\kamyun\202540223.jpg,kamyun,..\..\DATA\datasetv2_TrainClean\clean
..\..\DATA\datasetv2_TrainClean\train\taxi\215186511.jpg,taxi,..\..\DATA\datasetv2_TrainClean\train
..\..\DATA\datasetv2_TrainClean\clean\autobus\218703717.jpg,autobus,..\..\DATA\datasetv2_TrainClean\clean
..\..\DATA\datasetv2_TrainClean\clean\kamyun\215181817.jpg,kamyun,..\..\DATA\datasetv2_TrainClean\clean
..\..\DATA\datasetv2_TrainClean\clean\vanet\207142715.jpg,vanet,..\..\DATA\datasetv2_TrainClean\clean
..\..\DATA\datasetv2_TrainClean\clean\taxi\215891348.jpg,taxi,..\..\DATA\datasetv2_TrainClean\clean
..\..\DATA\dataset\train\savari\217377450.jpg,savari,..\..\DATA\dataset\train
..\..\DATA\datasetv2_TrainClean\clean\kamyun\218984838.jpg,kamyun,..\..\DATA\datasetv2_TrainClean\clean
..\..\DATA\datasetv2_TrainClean\train\ambulance\215775115.jpg,ambulance,..\..\DATA\datasetv2_TrainClean\train
..\..\DATA\datasetv2_TrainClean\clean\vanet\195991462.jpg,vanet,..\..\DATA\datasetv2_TrainClean\clean
..\..\DATA\datasetv2_TrainClean\train\vanet\209096424.jpg,vanet,..\..\DATA\datasetv2_TrainClean\train
..\..\DATA\datasetv2_TrainClean\clean\vanet\214704493.jpg,vanet,..\..\DATA\datasetv2_TrainClean\clean
..\..\DATA\datasetv2_TrainClean\clean\ambulance\202045377.jpg,ambulance,..\..\DATA\datasetv2_TrainClean\clean
..\..\DATA\dataset\train\autobus\216684204.jpg,autobus,..\..\DATA\dataset\train
..\..\DATA\datasetv2_TrainClean\train\vanet\218621398.jpg,vanet,..\..\DATA\datasetv2_TrainClean\train
..\..\DATA\datasetv2_TrainClean\train\vanet\198237870.jpg,vanet,..\..\DATA\datasetv2_TrainClean\train
..\..\DATA\datasetv2_TrainClean\clean\vanet\198459757.jpg,vanet,..\..\DATA\datasetv2_TrainClean\clean
..\..\DATA\datasetv2_TrainClean\clean\autobus\216273878.jpg,autobus,..\..\DATA\datasetv2_TrainClean\clean
..\..\DATA\datasetv2_TrainClean\train\savari\198385679.jpg,savari,..\..\DATA\datasetv2_TrainClean\train
..\..\DATA\datasetv2_TrainClean\train\minibus\218657520.jpg,minibus,..\..\DATA\datasetv2_TrainClean\train
..\..\DATA\dataset\clean\savari\218327694.jpg,savari,..\..\DATA\dataset\clean
..\..\DATA\datasetv2_TrainClean\clean\minibus\198100491.jpg,minibus,..\..\DATA\datasetv2_TrainClean\clean
..\..\DATA\datasetv2_TrainClean\train\autobus\216066402.jpg,autobus,..\..\DATA\datasetv2_TrainClean\train
..\..\DATA\datasetv2_TrainClean\train\ambulance\216118298.jpg,ambulance,..\..\DATA\datasetv2_TrainClean\train
..\..\DATA\datasetv2_TrainClean\train\savari\208090232.jpg,savari,..\..\DATA\datasetv2_TrainClean\train
..\..\DATA\datasetv2_TrainClean\train\vanet\196935586.jpg,vanet,..\..\DATA\datasetv2_TrainClean\train
..\..\DATA\dataset\clean\savari\217841511.jpg,savari,..\..\DATA\dataset\clean
..\..\DATA\datasetv2_TrainClean\train\savari\218943099.jpg,savari,..\..\DATA\datasetv2_TrainClean\train
..\..\DATA\dataset\clean\minibus\215917000.jpg,minibus,..\..\DATA\dataset\clean
..\..\DATA\dataset\train\vanet\196322593.jpg,vanet,..\..\DATA\dataset\train
..\..\DATA\dataset\train\savari\207857225.jpg,savari,..\..\DATA\dataset\train
..\..\DATA\datasetv2_TrainClean\clean\kamyun\216422242.jpg,kamyun,..\..\DATA\datasetv2_TrainClean\clean
..\..\DATA\datasetv2_TrainClean\train\ambulance\218916115.jpg,ambulance,..\..\DATA\datasetv2_TrainClean\train
..\..\DATA\datasetv2_TrainClean\train\kamyun\215635181.jpg,kamyun,..\..\DATA\datasetv2_TrainClean\train
..\..\DATA\dataset\clean\savari\214835469.jpg,savari,..\..\DATA\dataset\clean
..\..\DATA\datasetv2_TrainClean\clean\taxi\215096099.jpg,taxi,..\..\DATA\datasetv2_TrainClean\clean
..\..\DATA\datasetv2_TrainClean\train\kamyun\213481023.jpg,kamyun,..\..\DATA\datasetv2_TrainClean\train
..\..\DATA\dataset\clean\ambulance\214491147.jpg,ambulance,..\..\DATA\dataset\clean
..\..\DATA\datasetv2_TrainClean\clean\autobus\214366235.jpg,autobus,..\..\DATA\datasetv2_TrainClean\clean
..\..\DATA\datasetv2_TrainClean\clean\taxi\214791515.jpg,taxi,..\..\DATA\datasetv2_TrainClean\clean
..\..\DATA\dataset\clean\vanet\200802999.jpg,vanet,..\..\DATA\dataset\clean
..\..\DATA\datasetv2_TrainClean\train\minibus\217173695.jpg,minibus,..\..\DATA\datasetv2_TrainClean\train
..\..\DATA\datasetv2_TrainClean\train\kamyun\215569282.jpg,kamyun,..\..\DATA\datasetv2_TrainClean\train
..\..\DATA\datasetv2_TrainClean\clean\vanet\199825627.jpg,vanet,..\..\DATA\datasetv2_TrainClean\clean
..\..\DATA\datasetv2_TrainClean\train\minibus\218598404.jpg,minibus,..\..\DATA\datasetv2_TrainClean\train
..\..\DATA\datasetv2_TrainClean\train\ambulance\216029056.jpg,ambulance,..\..\DATA\datasetv2_TrainClean\train
..\..\DATA\dataset\clean\taxi\218028690.jpg,taxi,..\..\DATA\dataset\clean
..\..\DATA\datasetv2_TrainClean\train\vanet\214575134.jpg,vanet,..\..\DATA\datasetv2_TrainClean\train
..\..\DATA\datasetv2_TrainClean\clean\autobus\218732478.jpg,autobus,..\..\DATA\datasetv2_TrainClean\clean
..\..\DATA\datasetv2_TrainClean\train\taxi\218597916.jpg,taxi,..\..\DATA\datasetv2_TrainClean\train
..\..\DATA\datasetv2_TrainClean\train\savari\217985851.jpg,savari,..\..\DATA\datasetv2_TrainClean\train
..\..\DATA\dataset\train\savari\210015193.jpg,savari,..\..\DATA\dataset\train
..\..\DATA\datasetv2_TrainClean\clean\vanet\198366858.jpg,vanet,..\..\DATA\datasetv2_TrainClean\clean
..\..\DATA\dataset\clean\autobus\217071340.jpg,autobus,..\..\DATA\dataset\clean
..\..\DATA\dataset\clean\autobus\217116492.jpg,autobus,..\..\DATA\dataset\clean
..\..\DATA\datasetv2_TrainClean\train\minibus\204463987.jpg,minibus,..\..\DATA\datasetv2_TrainClean\train
..\..\DATA\datasetv2_TrainClean\train\ambulance\218289961.jpg,ambulance,..\..\DATA\datasetv2_TrainClean\train
..\..\DATA\datasetv2_TrainClean\clean\vanet\214415720.jpg,vanet,..\..\DATA\datasetv2_TrainClean\clean
..\..\DATA\datasetv2_TrainClean\clean\ambulance\216086363.jpg,ambulance,..\..\DATA\datasetv2_TrainClean\clean
..\..\DATA\datasetv2_TrainClean\train\kamyun\216909763.jpg,kamyun,..\..\DATA\datasetv2_TrainClean\train
..\..\DATA\datasetv2_TrainClean\clean\savari\212245343.jpg,savari,..\..\DATA\datasetv2_TrainClean\clean
..\..\DATA\datasetv2_TrainClean\train\kamyun\215671765.jpg,kamyun,..\..\DATA\datasetv2_TrainClean\train
..\..\DATA\datasetv2_TrainClean\clean\taxi\219001613.jpg,taxi,..\..\DATA\datasetv2_TrainClean\clean
..\..\DATA\datasetv2_TrainClean\train\vanet\195297859.jpg,vanet,..\..\DATA\datasetv2_TrainClean\train
..\..\DATA\datasetv2_TrainClean\train\kamyun\215871113.jpg,kamyun,..\..\DATA\datasetv2_TrainClean\train
..\..\DATA\datasetv2_TrainClean\train\ambulance\217480566.jpg,ambulance,..\..\DATA\datasetv2_TrainClean\train
..\..\DATA\datasetv2_TrainClean\train\vanet\217216852.jpg,vanet,..\..\DATA\datasetv2_TrainClean\train
..\..\DATA\dataset\train\ambulance\218289823.jpg,ambulance,..\..\DATA\dataset\train
..\..\DATA\dataset\train\kamyun\216038703.jpg,kamyun,..\..\DATA\dataset\train
..\..\DATA\datasetv2_TrainClean\clean\savari\214737191.jpg,savari,..\..\DATA\datasetv2_TrainClean\clean
..\..\DATA\datasetv2_TrainClean\clean\autobus\217992551.jpg,autobus,..\..\DATA\datasetv2_TrainClean\clean
..\..\DATA\datasetv2_TrainClean\clean\vanet\216001977.jpg,vanet,..\..\DATA\datasetv2_TrainClean\clean
..\..\DATA\datasetv2_TrainClean\clean\vanet\211742372.jpg,vanet,..\..\DATA\datasetv2_TrainClean\clean
..\..\DATA\datasetv2_TrainClean\clean\vanet\214033035.jpg,vanet,..\..\DATA\datasetv2_TrainClean\clean
..\..\DATA\datasetv2_TrainClean\train\minibus\214823637.jpg,minibus,..\..\DATA\datasetv2_TrainClean\train
..\..\DATA\datasetv2_TrainClean\clean\autobus\198385240.jpg,autobus,..\..\DATA\datasetv2_TrainClean\clean
..\..\DATA\dataset\clean\savari\217108489.jpg,savari,..\..\DATA\dataset\clean
..\..\DATA\datasetv2_TrainClean\clean\ambulance\217183766.jpg,ambulance,..\..\DATA\datasetv2_TrainClean\clean
..\..\DATA\datasetv2_TrainClean\train\vanet\198401066.jpg,vanet,..\..\DATA\datasetv2_TrainClean\train
..\..\DATA\dataset\train\ambulance\203829862.jpg,ambulance,..\..\DATA\dataset\train
..\..\DATA\dataset\clean\vanet\195478008.jpg,vanet,..\..\DATA\dataset\clean
..\..\DATA\datasetv2_TrainClean\clean\ambulance\215726067.jpg,ambulance,..\..\DATA\datasetv2_TrainClean\clean
..\..\DATA\datasetv2_TrainClean\train\ambulance\217497126.jpg,ambulance,..\..\DATA\datasetv2_TrainClean\train
..\..\DATA\datasetv2_TrainClean\train\savari\218711427.jpg,savari,..\..\DATA\datasetv2_TrainClean\train
..\..\DATA\datasetv2_TrainClean\train\kamyun\215635130.jpg,kamyun,..\..\DATA\datasetv2_TrainClean\train
..\..\DATA\datasetv2_TrainClean\train\taxi\214698644.jpg,taxi,..\..\DATA\datasetv2_TrainClean\train
..\..\DATA\datasetv2_TrainClean\train\kamyun\219060424.jpg,kamyun,..\..\DATA\datasetv2_TrainClean\train
..\..\DATA\datasetv2_TrainClean\clean\vanet\218015373.jpg,vanet,..\..\DATA\datasetv2_TrainClean\clean
..\..\DATA\datasetv2_TrainClean\train\minibus\216874482.jpg,minibus,..\..\DATA\datasetv2_TrainClean\train
..\..\DATA\dataset\train\kamyun\218948404.jpg,kamyun,..\..\DATA\dataset\train
..\..\DATA\datasetv2_TrainClean\clean\kamyun\212511089.jpg,kamyun,..\..\DATA\datasetv2_TrainClean\clean
..\..\DATA\datasetv2_TrainClean\train\kamyun\218071562.jpg,kamyun,..\..\DATA\datasetv2_TrainClean\train
..\..\DATA\datasetv2_TrainClean\clean\kamyun\202364275.jpg,kamyun,..\..\DATA\datasetv2_TrainClean\clean
..\..\DATA\datasetv2_TrainClean\train\kamyun\216084425.jpg,kamyun,..\..\DATA\datasetv2_TrainClean\train
..\..\DATA\datasetv2_TrainClean\train\kamyun\217970390.jpg,kamyun,..\..\DATA\datasetv2_TrainClean\train
..\..\DATA\dataset\clean\autobus\216256289.jpg,autobus,..\..\DATA\dataset\clean
..\..\DATA\dataset\clean\kamyun\216779130.jpg,kamyun,..\..\DATA\dataset\clean
..\..\DATA\datasetv2_TrainClean\clean\autobus\196191533.jpg,autobus,..\..\DATA\datasetv2_TrainClean\clean
..\..\DATA\dataset\train\vanet\203270338.jpg,vanet,..\..\DATA\dataset\train
..\..\DATA\dataset\clean\kamyun\218576473.jpg,kamyun,..\..\DATA\dataset\clean
..\..\DATA\datasetv2_TrainClean\clean\ambulance\217676452.jpg,ambulance,..\..\DATA\datasetv2_TrainClean\clean
..\..\DATA\datasetv2_TrainClean\clean\savari\217279795.jpg,savari,..\..\DATA\datasetv2_TrainClean\clean
..\..\DATA\datasetv2_TrainClean\train\kamyun\215825393.jpg,kamyun,..\..\DATA\datasetv2_TrainClean\train
..\..\DATA\datasetv2_TrainClean\clean\vanet\214814000.jpg,vanet,..\..\DATA\datasetv2_TrainClean\clean
..\..\DATA\datasetv2_TrainClean\clean\kamyun\210778693.jpg,kamyun,..\..\DATA\datasetv2_TrainClean\clean
..\..\DATA\datasetv2_TrainClean\clean\autobus\216583468.jpg,autobus,..\..\DATA\datasetv2_TrainClean\clean
..\..\DATA\dataset\clean\vanet\195988970.jpg,vanet,..\..\DATA\dataset\clean
..\..\DATA\datasetv2_TrainClean\train\taxi\194297941.jpg,taxi,..\..\DATA\datasetv2_TrainClean\train
..\..\DATA\datasetv2_TrainClean\clean\savari\217516553.jpg,savari,..\..\DATA\datasetv2_TrainClean\clean
..\..\DATA\datasetv2_TrainClean\clean\vanet\204908253.jpg,vanet,..\..\DATA\datasetv2_TrainClean\clean
..\..\DATA\datasetv2_TrainClean\clean\kamyun\216430042.jpg,kamyun,..\..\DATA\datasetv2_TrainClean\clean
..\..\DATA\datasetv2_TrainClean\clean\autobus\213441216.jpg,autobus,..\..\DATA\datasetv2_TrainClean\clean
..\..\DATA\datasetv2_TrainClean\clean\kamyun\216427325.jpg,kamyun,..\..\DATA\datasetv2_TrainClean\clean
..\..\DATA\dataset\train\kamyun\215753292.jpg,kamyun,..\..\DATA\dataset\train
..\..\DATA\datasetv2_TrainClean\clean\kamyun\216739511.jpg,kamyun,..\..\DATA\datasetv2_TrainClean\clean
..\..\DATA\datasetv2_TrainClean\train\kamyun\218000155.jpg,kamyun,..\..\DATA\datasetv2_TrainClean\train
..\..\DATA\datasetv2_TrainClean\train\autobus\218707877.jpg,autobus,..\..\DATA\datasetv2_TrainClean\train
..\..\DATA\datasetv2_TrainClean\clean\taxi\218598758.jpg,taxi,..\..\DATA\datasetv2_TrainClean\clean
..\..\DATA\datasetv2_TrainClean\clean\autobus\217414585.jpg,autobus,..\..\DATA\datasetv2_TrainClean\clean
..\..\DATA\datasetv2_TrainClean\clean\vanet\217961793.jpg,vanet,..\..\DATA\datasetv2_TrainClean\clean
..\..\DATA\datasetv2_TrainClean\train\ambulance\217088412.jpg,ambulance,..\..\DATA\datasetv2_TrainClean\train
..\..\DATA\datasetv2_TrainClean\clean\kamyun\218312742.jpg,kamyun,..\..\DATA\datasetv2_TrainClean\clean
..\..\DATA\dataset\train\autobus\216947535.jpg,autobus,..\..\DATA\dataset\train
..\..\DATA\datasetv2_TrainClean\train\taxi\198633794.jpg,taxi,..\..\DATA\datasetv2_TrainClean\train
..\..\DATA\datasetv2_TrainClean\train\ambulance\214354132.jpg,ambulance,..\..\DATA\datasetv2_TrainClean\train
..\..\DATA\datasetv2_TrainClean\clean\autobus\205217960.jpg,autobus,..\..\DATA\datasetv2_TrainClean\clean
..\..\DATA\datasetv2_TrainClean\train\autobus\210098742.jpg,autobus,..\..\DATA\datasetv2_TrainClean\train
..\..\DATA\datasetv2_TrainClean\clean\kamyun\215676546.jpg,kamyun,..\..\DATA\datasetv2_TrainClean\clean
..\..\DATA\datasetv2_TrainClean\clean\autobus\210452880.jpg,autobus,..\..\DATA\datasetv2_TrainClean\clean
..\..\DATA\datasetv2_TrainClean\clean\vanet\205193554.jpg,vanet,..\..\DATA\datasetv2_TrainClean\clean
..\..\DATA\dataset\train\kamyun\217743945.jpg,kamyun,..\..\DATA\dataset\train
..\..\DATA\datasetv2_TrainClean\clean\ambulance\218666389.jpg,ambulance,..\..\DATA\datasetv2_TrainClean\clean
..\..\DATA\datasetv2_TrainClean\train\minibus\216102563.jpg,minibus,..\..\DATA\datasetv2_TrainClean\train
..\..\DATA\datasetv2_TrainClean\clean\savari\215792985.jpg,savari,..\..\DATA\datasetv2_TrainClean\clean
..\..\DATA\dataset\train\vanet\198521244.jpg,vanet,..\..\DATA\dataset\train
..\..\DATA\datasetv2_TrainClean\train\kamyun\218665199.jpg,kamyun,..\..\DATA\datasetv2_TrainClean\train
..\..\DATA\datasetv2_TrainClean\clean\kamyun\216324458.jpg,kamyun,..\..\DATA\datasetv2_TrainClean\clean
..\..\DATA\datasetv2_TrainClean\clean\savari\198464048.jpg,savari,..\..\DATA\datasetv2_TrainClean\clean
..\..\DATA\dataset\train\autobus\194279229.jpg,autobus,..\..\DATA\dataset\train
..\..\DATA\datasetv2_TrainClean\train\vanet\208497709.jpg,vanet,..\..\DATA\datasetv2_TrainClean\train
..\..\DATA\datasetv2_TrainClean\clean\autobus\218564482.jpg,autobus,..\..\DATA\datasetv2_TrainClean\clean
..\..\DATA\datasetv2_TrainClean\train\kamyun\211358345.jpg,kamyun,..\..\DATA\datasetv2_TrainClean\train
..\..\DATA\datasetv2_TrainClean\train\kamyun\216977256.jpg,kamyun,..\..\DATA\datasetv2_TrainClean\train
..\..\DATA\dataset\clean\kamyun\218830724.jpg,kamyun,..\..\DATA\dataset\clean
..\..\DATA\datasetv2_TrainClean\clean\kamyun\216537889.jpg,kamyun,..\..\DATA\datasetv2_TrainClean\clean
..\..\DATA\datasetv2_TrainClean\clean\autobus\216782041.jpg,autobus,..\..\DATA\datasetv2_TrainClean\clean
..\..\DATA\dataset\train\vanet\214726285.jpg,vanet,..\..\DATA\dataset\train
..\..\DATA\datasetv2_TrainClean\train\vanet\216342000.jpg,vanet,..\..\DATA\datasetv2_TrainClean\train
..\..\DATA\datasetv2_TrainClean\clean\kamyun\198991559.jpg,kamyun,..\..\DATA\datasetv2_TrainClean\clean
..\..\DATA\datasetv2_TrainClean\train\taxi\216562251.jpg,taxi,..\..\DATA\datasetv2_TrainClean\train
..\..\DATA\datasetv2_TrainClean\train\minibus\193927778.jpg,minibus,..\..\DATA\datasetv2_TrainClean\train
..\..\DATA\dataset\train\autobus\216859234.jpg,autobus,..\..\DATA\dataset\train
..\..\DATA\dataset\train\savari\200850651.jpg,savari,..\..\DATA\dataset\train
..\..\DATA\dataset\clean\ambulance\217206401.jpg,ambulance,..\..\DATA\dataset\clean
..\..\DATA\datasetv2_TrainClean\clean\taxi\215558511.jpg,taxi,..\..\DATA\datasetv2_TrainClean\clean
..\..\DATA\datasetv2_TrainClean\train\vanet\194604026.jpg,vanet,..\..\DATA\datasetv2_TrainClean\train
..\..\DATA\datasetv2_TrainClean\clean\ambulance\216347959.jpg,ambulance,..\..\DATA\datasetv2_TrainClean\clean
..\..\DATA\datasetv2_TrainClean\train\minibus\206606436.jpg,minibus,..\..\DATA\datasetv2_TrainClean\train
..\..\DATA\dataset\train\ambulance\216013688.jpg,ambulance,..\..\DATA\dataset\train
..\..\DATA\datasetv2_TrainClean\clean\minibus\194357693.jpg,minibus,..\..\DATA\datasetv2_TrainClean\clean
..\..\DATA\datasetv2_TrainClean\clean\vanet\216996756.jpg,vanet,..\..\DATA\datasetv2_TrainClean\clean
..\..\DATA\datasetv2_TrainClean\clean\minibus\217712936.jpg,minibus,..\..\DATA\datasetv2_TrainClean\clean
..\..\DATA\datasetv2_TrainClean\train\autobus\198131550.jpg,autobus,..\..\DATA\datasetv2_TrainClean\train
..\..\DATA\datasetv2_TrainClean\clean\ambulance\218352247.jpg,ambulance,..\..\DATA\datasetv2_TrainClean\clean
..\..\DATA\datasetv2_TrainClean\train\autobus\216850693.jpg,autobus,..\..\DATA\datasetv2_TrainClean\train
..\..\DATA\datasetv2_TrainClean\clean\autobus\217994375.jpg,autobus,..\..\DATA\datasetv2_TrainClean\clean
..\..\DATA\dataset\train\ambulance\216974433.jpg,ambulance,..\..\DATA\dataset\train
..\..\DATA\datasetv2_TrainClean\train\ambulance\204215951.jpg,ambulance,..\..\DATA\datasetv2_TrainClean\train
..\..\DATA\datasetv2_TrainClean\clean\minibus\210403775.jpg,minibus,..\..\DATA\datasetv2_TrainClean\clean
..\..\DATA\dataset\clean\kamyun\217930620.jpg,kamyun,..\..\DATA\dataset\clean
..\..\DATA\dataset\clean\savari\212277145.jpg,savari,..\..\DATA\dataset\clean
..\..\DATA\datasetv2_TrainClean\clean\vanet\199405061.jpg,vanet,..\..\DATA\datasetv2_TrainClean\clean
..\..\DATA\datasetv2_TrainClean\train\taxi\218670583.jpg,taxi,..\..\DATA\datasetv2_TrainClean\train
..\..\DATA\datasetv2_TrainClean\train\vanet\202794779.jpg,vanet,..\..\DATA\datasetv2_TrainClean\train
..\..\DATA\dataset\clean\autobus\217784847.jpg,autobus,..\..\DATA\dataset\clean
..\..\DATA\datasetv2_TrainClean\train\minibus\217634434.jpg,minibus,..\..\DATA\datasetv2_TrainClean\train
..\..\DATA\datasetv2_TrainClean\train\kamyun\216297923.jpg,kamyun,..\..\DATA\datasetv2_TrainClean\train
..\..\DATA\dataset\train\autobus\214619456.jpg,autobus,..\..\DATA\dataset\train
..\..\DATA\datasetv2_TrainClean\clean\vanet\195720789.jpg,vanet,..\..\DATA\datasetv2_TrainClean\clean
..\..\DATA\datasetv2_TrainClean\train\kamyun\216561920.jpg,kamyun,..\..\DATA\datasetv2_TrainClean\train
..\..\DATA\datasetv2_TrainClean\clean\autobus\218398681.jpg,autobus,..\..\DATA\datasetv2_TrainClean\clean
..\..\DATA\dataset\clean\vanet\202856843.jpg,vanet,..\..\DATA\dataset\clean
..\..\DATA\datasetv2_TrainClean\clean\autobus\218041355.jpg,autobus,..\..\DATA\datasetv2_TrainClean\clean
..\..\DATA\datasetv2_TrainClean\train\savari\217115848.jpg,savari,..\..\DATA\datasetv2_TrainClean\train
..\..\DATA\datasetv2_TrainClean\clean\vanet\216384546.jpg,vanet,..\..\DATA\datasetv2_TrainClean\clean
..\..\DATA\datasetv2_TrainClean\train\vanet\195274804.jpg,vanet,..\..\DATA\datasetv2_TrainClean\train
..\..\DATA\datasetv2_TrainClean\clean\kamyun\215807286.jpg,kamyun,..\..\DATA\datasetv2_TrainClean\clean
..\..\DATA\datasetv2_TrainClean\train\savari\196601379.jpg,savari,..\..\DATA\datasetv2_TrainClean\train
..\..\DATA\datasetv2_TrainClean\train\minibus\216566437.jpg,minibus,..\..\DATA\datasetv2_TrainClean\train
..\..\DATA\datasetv2_TrainClean\clean\kamyun\216763745.jpg,kamyun,..\..\DATA\datasetv2_TrainClean\clean
..\..\DATA\dataset\train\vanet\207057519.jpg,vanet,..\..\DATA\dataset\train
..\..\DATA\dataset\clean\kamyun\215798585.jpg,kamyun,..\..\DATA\dataset\clean
..\..\DATA\datasetv2_TrainClean\clean\autobus\216360643.jpg,autobus,..\..\DATA\datasetv2_TrainClean\clean
..\..\DATA\datasetv2_TrainClean\clean\vanet\218932038.jpg,vanet,..\..\DATA\datasetv2_TrainClean\clean
..\..\DATA\dataset\clean\ambulance\218335016.jpg,ambulance,..\..\DATA\dataset\clean
..\..\DATA\datasetv2_TrainClean\clean\vanet\206278229.jpg,vanet,..\..\DATA\datasetv2_TrainClean\clean
..\..\DATA\datasetv2_TrainClean\train\kamyun\217341470.jpg,kamyun,..\..\DATA\datasetv2_TrainClean\train
..\..\DATA\datasetv2_TrainClean\train\savari\218328926.jpg,savari,..\..\DATA\datasetv2_TrainClean\train
..\..\DATA\datasetv2_TrainClean\train\ambulance\216157856.jpg,ambulance,..\..\DATA\datasetv2_TrainClean\train
..\..\DATA\datasetv2_TrainClean\train\kamyun\215113916.jpg,kamyun,..\..\DATA\datasetv2_TrainClean\train
..\..\DATA\datasetv2_TrainClean\clean\savari\216331636.jpg,savari,..\..\DATA\datasetv2_TrainClean\clean
..\..\DATA\datasetv2_TrainClean\clean\minibus\218126946.jpg,minibus,..\..\DATA\datasetv2_TrainClean\clean
..\..\DATA\datasetv2_TrainClean\train\minibus\219015757.jpg,minibus,..\..\DATA\datasetv2_TrainClean\train
..\..\DATA\datasetv2_TrainClean\train\minibus\216115253.jpg,minibus,..\..\DATA\datasetv2_TrainClean\train
..\..\DATA\datasetv2_TrainClean\clean\kamyun\215144561.jpg,kamyun,..\..\DATA\datasetv2_TrainClean\clean
..\..\DATA\datasetv2_TrainClean\clean\kamyun\216025066.jpg,kamyun,..\..\DATA\datasetv2_TrainClean\clean
..\..\DATA\datasetv2_TrainClean\train\ambulance\217551252.jpg,ambulance,..\..\DATA\datasetv2_TrainClean\train
..\..\DATA\datasetv2_TrainClean\train\vanet\198738633.jpg,vanet,..\..\DATA\datasetv2_TrainClean\train
..\..\DATA\datasetv2_TrainClean\clean\vanet\197255026.jpg,vanet,..\..\DATA\datasetv2_TrainClean\clean
..\..\DATA\datasetv2_TrainClean\clean\vanet\217136863.jpg,vanet,..\..\DATA\datasetv2_TrainClean\clean
..\..\DATA\dataset\train\kamyun\212119384.jpg,kamyun,..\..\DATA\dataset\train
..\..\DATA\datasetv2_TrainClean\clean\taxi\218118406.jpg,taxi,..\..\DATA\datasetv2_TrainClean\clean
..\..\DATA\datasetv2_TrainClean\train\ambulance\213029149.jpg,ambulance,..\..\DATA\datasetv2_TrainClean\train
..\..\DATA\datasetv2_TrainClean\train\ambulance\216780041.jpg,ambulance,..\..\DATA\datasetv2_TrainClean\train
..\..\DATA\datasetv2_TrainClean\train\vanet\219127494.jpg,vanet,..\..\DATA\datasetv2_TrainClean\train
..\..\DATA\datasetv2_TrainClean\clean\savari\217384414.jpg,savari,..\..\DATA\datasetv2_TrainClean\clean
..\..\DATA\datasetv2_TrainClean\train\ambulance\216059668.jpg,ambulance,..\..\DATA\datasetv2_TrainClean\train
..\..\DATA\datasetv2_TrainClean\clean\vanet\198723141.jpg,vanet,..\..\DATA\datasetv2_TrainClean\clean
..\..\DATA\datasetv2_TrainClean\clean\vanet\216625212.jpg,vanet,..\..\DATA\datasetv2_TrainClean\clean
..\..\DATA\datasetv2_TrainClean\train\kamyun\218827750.jpg,kamyun,..\..\DATA\datasetv2_TrainClean\train
..\..\DATA\datasetv2_TrainClean\clean\vanet\206612809.jpg,vanet,..\..\DATA\datasetv2_TrainClean\clean
..\..\DATA\datasetv2_TrainClean\clean\savari\202545543.jpg,savari,..\..\DATA\datasetv2_TrainClean\clean
..\..\DATA\datasetv2_TrainClean\clean\taxi\195950678.jpg,taxi,..\..\DATA\datasetv2_TrainClean\clean
..\..\DATA\datasetv2_TrainClean\clean\vanet\207216359.jpg,vanet,..\..\DATA\datasetv2_TrainClean\clean
..\..\DATA\datasetv2_TrainClean\clean\savari\216661534.jpg,savari,..\..\DATA\datasetv2_TrainClean\clean
..\..\DATA\datasetv2_TrainClean\train\autobus\212142265.jpg,autobus,..\..\DATA\datasetv2_TrainClean\train
..\..\DATA\datasetv2_TrainClean\train\vanet\197051875.jpg,vanet,..\..\DATA\datasetv2_TrainClean\train
..\..\DATA\datasetv2_TrainClean\train\autobus\217734773.jpg,autobus,..\..\DATA\datasetv2_TrainClean\train
..\..\DATA\datasetv2_TrainClean\clean\minibus\214848754.jpg,minibus,..\..\DATA\datasetv2_TrainClean\clean
..\..\DATA\datasetv2_TrainClean\train\taxi\217405463.jpg,taxi,..\..\DATA\datasetv2_TrainClean\train
..\..\DATA\datasetv2_TrainClean\clean\autobus\213351498.jpg,autobus,..\..\DATA\datasetv2_TrainClean\clean
..\..\DATA\datasetv2_TrainClean\train\minibus\194601918.jpg,minibus,..\..\DATA\datasetv2_TrainClean\train
..\..\DATA\datasetv2_TrainClean\clean\kamyun\216759709.jpg,kamyun,..\..\DATA\datasetv2_TrainClean\clean
..\..\DATA\datasetv2_TrainClean\train\taxi\218205147.jpg,taxi,..\..\DATA\datasetv2_TrainClean\train
..\..\DATA\datasetv2_TrainClean\clean\kamyun\215726793.jpg,kamyun,..\..\DATA\datasetv2_TrainClean\clean
..\..\DATA\datasetv2_TrainClean\train\autobus\194628481.jpg,autobus,..\..\DATA\datasetv2_TrainClean\train
..\..\DATA\datasetv2_TrainClean\clean\savari\199652334.jpg,savari,..\..\DATA\datasetv2_TrainClean\clean
..\..\DATA\datasetv2_TrainClean\clean\autobus\218905236.jpg,autobus,..\..\DATA\datasetv2_TrainClean\clean
..\..\DATA\dataset\clean\vanet\218187967.jpg,vanet,..\..\DATA\dataset\clean
..\..\DATA\datasetv2_TrainClean\clean\vanet\217684475.jpg,vanet,..\..\DATA\datasetv2_TrainClean\clean
..\..\DATA\datasetv2_TrainClean\clean\taxi\216098185.jpg,taxi,..\..\DATA\datasetv2_TrainClean\clean
..\..\DATA\datasetv2_TrainClean\clean\ambulance\218653505.jpg,ambulance,..\..\DATA\datasetv2_TrainClean\clean
..\..\DATA\dataset\train\kamyun\218963223.jpg,kamyun,..\..\DATA\dataset\train
..\..\DATA\datasetv2_TrainClean\clean\taxi\216949199.jpg,taxi,..\..\DATA\datasetv2_TrainClean\clean
..\..\DATA\dataset\clean\autobus\199917107.jpg,autobus,..\..\DATA\dataset\clean
..\..\DATA\dataset\clean\taxi\218623451.jpg,taxi,..\..\DATA\dataset\clean
..\..\DATA\datasetv2_TrainClean\clean\kamyun\211410411.jpg,kamyun,..\..\DATA\datasetv2_TrainClean\clean
..\..\DATA\datasetv2_TrainClean\train\vanet\215649880.jpg,vanet,..\..\DATA\datasetv2_TrainClean\train
..\..\DATA\datasetv2_TrainClean\train\kamyun\212538638.jpg,kamyun,..\..\DATA\datasetv2_TrainClean\train
..\..\DATA\dataset\train\taxi\217088721.jpg,taxi,..\..\DATA\dataset\train
..\..\DATA\datasetv2_TrainClean\train\kamyun\219095831.jpg,kamyun,..\..\DATA\datasetv2_TrainClean\train
..\..\DATA\datasetv2_TrainClean\clean\vanet\213543287.jpg,vanet,..\..\DATA\datasetv2_TrainClean\clean
..\..\DATA\datasetv2_TrainClean\clean\kamyun\193072517.jpg,kamyun,..\..\DATA\datasetv2_TrainClean\clean
..\..\DATA\datasetv2_TrainClean\clean\autobus\218426058.jpg,autobus,..\..\DATA\datasetv2_TrainClean\clean
..\..\DATA\datasetv2_TrainClean\clean\savari\210043852.jpg,savari,..\..\DATA\datasetv2_TrainClean\clean
..\..\DATA\datasetv2_TrainClean\train\vanet\197145624.jpg,vanet,..\..\DATA\datasetv2_TrainClean\train
..\..\DATA\datasetv2_TrainClean\clean\taxi\212584711.jpg,taxi,..\..\DATA\datasetv2_TrainClean\clean
..\..\DATA\datasetv2_TrainClean\train\minibus\216973888.jpg,minibus,..\..\DATA\datasetv2_TrainClean\train
..\..\DATA\datasetv2_TrainClean\clean\vanet\218353100.jpg,vanet,..\..\DATA\datasetv2_TrainClean\clean
..\..\DATA\datasetv2_TrainClean\train\autobus\198261344.jpg,autobus,..\..\DATA\datasetv2_TrainClean\train
..\..\DATA\datasetv2_TrainClean\clean\kamyun\194280486.jpg,kamyun,..\..\DATA\datasetv2_TrainClean\clean
..\..\DATA\datasetv2_TrainClean\train\kamyun\193372049.jpg,kamyun,..\..\DATA\datasetv2_TrainClean\train
..\..\DATA\datasetv2_TrainClean\clean\vanet\197437140.jpg,vanet,..\..\DATA\datasetv2_TrainClean\clean
..\..\DATA\dataset\train\autobus\216240222.jpg,autobus,..\..\DATA\dataset\train
..\..\DATA\datasetv2_TrainClean\train\savari\209527831.jpg,savari,..\..\DATA\datasetv2_TrainClean\train
..\..\DATA\datasetv2_TrainClean\train\kamyun\218482181.jpg,kamyun,..\..\DATA\datasetv2_TrainClean\train
..\..\DATA\datasetv2_TrainClean\train\vanet\202819083.jpg,vanet,..\..\DATA\datasetv2_TrainClean\train
..\..\DATA\datasetv2_TrainClean\clean\savari\210824968.jpg,savari,..\..\DATA\datasetv2_TrainClean\clean
..\..\DATA\dataset\train\vanet\195737410.jpg,vanet,..\..\DATA\dataset\train
..\..\DATA\dataset\train\ambulance\216903655.jpg,ambulance,..\..\DATA\dataset\train
..\..\DATA\datasetv2_TrainClean\clean\autobus\217002020.jpg,autobus,..\..\DATA\datasetv2_TrainClean\clean
..\..\DATA\datasetv2_TrainClean\clean\taxi\216611461.jpg,taxi,..\..\DATA\datasetv2_TrainClean\clean
..\..\DATA\datasetv2_TrainClean\train\minibus\216496687.jpg,minibus,..\..\DATA\datasetv2_TrainClean\train
..\..\DATA\datasetv2_TrainClean\train\savari\217560232.jpg,savari,..\..\DATA\datasetv2_TrainClean\train
..\..\DATA\datasetv2_TrainClean\clean\minibus\205929411.jpg,minibus,..\..\DATA\datasetv2_TrainClean\clean
..\..\DATA\datasetv2_TrainClean\clean\ambulance\214735836.jpg,ambulance,..\..\DATA\datasetv2_TrainClean\clean
..\..\DATA\datasetv2_TrainClean\clean\kamyun\216648052.jpg,kamyun,..\..\DATA\datasetv2_TrainClean\clean
..\..\DATA\datasetv2_TrainClean\clean\kamyun\217903362.jpg,kamyun,..\..\DATA\datasetv2_TrainClean\clean
..\..\DATA\datasetv2_TrainClean\train\kamyun\196412320.jpg,kamyun,..\..\DATA\datasetv2_TrainClean\train
..\..\DATA\dataset\train\autobus\210456615.jpg,autobus,..\..\DATA\dataset\train
..\..\DATA\dataset\clean\kamyun\218800079.jpg,kamyun,..\..\DATA\dataset\clean
..\..\DATA\datasetv2_TrainClean\clean\taxi\218941349.jpg,taxi,..\..\DATA\datasetv2_TrainClean\clean
..\..\DATA\datasetv2_TrainClean\train\taxi\215734816.jpg,taxi,..\..\DATA\datasetv2_TrainClean\train
..\..\DATA\datasetv2_TrainClean\train\vanet\198682197.jpg,vanet,..\..\DATA\datasetv2_TrainClean\train
..\..\DATA\datasetv2_TrainClean\train\vanet\198019923.jpg,vanet,..\..\DATA\datasetv2_TrainClean\train
..\..\DATA\datasetv2_TrainClean\clean\kamyun\215686425.jpg,kamyun,..\..\DATA\datasetv2_TrainClean\clean
..\..\DATA\dataset\train\autobus\216664450.jpg,autobus,..\..\DATA\dataset\train
..\..\DATA\datasetv2_TrainClean\clean\vanet\218565025.jpg,vanet,..\..\DATA\datasetv2_TrainClean\clean
..\..\DATA\dataset\train\minibus\198472825.jpg,minibus,..\..\DATA\dataset\train
..\..\DATA\datasetv2_TrainClean\train\savari\216585891.jpg,savari,..\..\DATA\datasetv2_TrainClean\train
..\..\DATA\datasetv2_TrainClean\clean\kamyun\218668096.jpg,kamyun,..\..\DATA\datasetv2_TrainClean\clean
..\..\DATA\datasetv2_TrainClean\clean\vanet\197560959.jpg,vanet,..\..\DATA\datasetv2_TrainClean\clean
..\..\DATA\datasetv2_TrainClean\clean\kamyun\216231496.jpg,kamyun,..\..\DATA\datasetv2_TrainClean\clean
..\..\DATA\dataset\train\ambulance\212181645.jpg,ambulance,..\..\DATA\dataset\train
..\..\DATA\datasetv2_TrainClean\train\savari\218726882.jpg,savari,..\..\DATA\datasetv2_TrainClean\train
..\..\DATA\dataset\train\savari\197696747.jpg,savari,..\..\DATA\dataset\train
..\..\DATA\dataset\train\kamyun\218583813.jpg,kamyun,..\..\DATA\dataset\train
..\..\DATA\dataset\train\autobus\218626877.jpg,autobus,..\..\DATA\dataset\train
..\..\DATA\datasetv2_TrainClean\clean\autobus\214775316.jpg,autobus,..\..\DATA\datasetv2_TrainClean\clean
..\..\DATA\datasetv2_TrainClean\clean\autobus\218214929.jpg,autobus,..\..\DATA\datasetv2_TrainClean\clean
..\..\DATA\dataset\train\vanet\217558673.jpg,vanet,..\..\DATA\dataset\train
..\..\DATA\datasetv2_TrainClean\train\vanet\217170964.jpg,vanet,..\..\DATA\datasetv2_TrainClean\train
..\..\DATA\datasetv2_TrainClean\clean\kamyun\218039449.jpg,kamyun,..\..\DATA\datasetv2_TrainClean\clean
..\..\DATA\dataset\clean\vanet\208678784.jpg,vanet,..\..\DATA\dataset\clean
..\..\DATA\datasetv2_TrainClean\train\savari\198334045.jpg,savari,..\..\DATA\datasetv2_TrainClean\train
..\..\DATA\datasetv2_TrainClean\train\taxi\218738200.jpg,taxi,..\..\DATA\datasetv2_TrainClean\train
..\..\DATA\dataset\train\autobus\215752917.jpg,autobus,..\..\DATA\dataset\train
..\..\DATA\dataset\clean\ambulance\217495327.jpg,ambulance,..\..\DATA\dataset\clean
..\..\DATA\datasetv2_TrainClean\clean\vanet\199318277.jpg,vanet,..\..\DATA\datasetv2_TrainClean\clean
..\..\DATA\datasetv2_TrainClean\train\kamyun\217362261.jpg,kamyun,..\..\DATA\datasetv2_TrainClean\train
..\..\DATA\dataset\clean\vanet\218847866.jpg,vanet,..\..\DATA\dataset\clean
..\..\DATA\datasetv2_TrainClean\clean\autobus\215700578.jpg,autobus,..\..\DATA\datasetv2_TrainClean\clean
..\..\DATA\datasetv2_TrainClean\train\minibus\216782744.jpg,minibus,..\..\DATA\datasetv2_TrainClean\train
..\..\DATA\datasetv2_TrainClean\train\autobus\193934570.jpg,autobus,..\..\DATA\datasetv2_TrainClean\train
..\..\DATA\dataset\clean\savari\217430133.jpg,savari,..\..\DATA\dataset\clean
..\..\DATA\datasetv2_TrainClean\clean\taxi\216675429.jpg,taxi,..\..\DATA\datasetv2_TrainClean\clean
..\..\DATA\dataset\train\kamyun\218716430.jpg,kamyun,..\..\DATA\dataset\train
..\..\DATA\datasetv2_TrainClean\clean\savari\202172611.jpg,savari,..\..\DATA\datasetv2_TrainClean\clean
..\..\DATA\datasetv2_TrainClean\train\autobus\217976090.jpg,autobus,..\..\DATA\datasetv2_TrainClean\train
..\..\DATA\datasetv2_TrainClean\train\savari\212001568.jpg,savari,..\..\DATA\datasetv2_TrainClean\train
..\..\DATA\datasetv2_TrainClean\train\minibus\206058953.jpg,minibus,..\..\DATA\datasetv2_TrainClean\train
..\..\DATA\datasetv2_TrainClean\train\minibus\195315739.jpg,minibus,..\..\DATA\datasetv2_TrainClean\train
..\..\DATA\datasetv2_TrainClean\clean\autobus\215468137.jpg,autobus,..\..\DATA\datasetv2_TrainClean\clean
..\..\DATA\datasetv2_TrainClean\train\ambulance\216952196.jpg,ambulance,..\..\DATA\datasetv2_TrainClean\train
..\..\DATA\datasetv2_TrainClean\train\minibus\218624962.jpg,minibus,..\..\DATA\datasetv2_TrainClean\train
..\..\DATA\datasetv2_TrainClean\train\savari\214690824.jpg,savari,..\..\DATA\datasetv2_TrainClean\train
..\..\DATA\datasetv2_TrainClean\train\autobus\217091265.jpg,autobus,..\..\DATA\datasetv2_TrainClean\train
..\..\DATA\datasetv2_TrainClean\train\autobus\216815620.jpg,autobus,..\..\DATA\datasetv2_TrainClean\train
..\..\DATA\datasetv2_TrainClean\clean\autobus\218208038.jpg,autobus,..\..\DATA\datasetv2_TrainClean\clean
..\..\DATA\datasetv2_TrainClean\clean\savari\216019296.jpg,savari,..\..\DATA\datasetv2_TrainClean\clean
..\..\DATA\datasetv2_TrainClean\train\taxi\216019687.jpg,taxi,..\..\DATA\datasetv2_TrainClean\train
..\..\DATA\datasetv2_TrainClean\clean\minibus\218892957.jpg,minibus,..\..\DATA\datasetv2_TrainClean\clean
..\..\DATA\datasetv2_TrainClean\clean\minibus\215499510.jpg,minibus,..\..\DATA\datasetv2_TrainClean\clean
..\..\DATA\datasetv2_TrainClean\clean\autobus\216064635.jpg,autobus,..\..\DATA\datasetv2_TrainClean\clean
..\..\DATA\dataset\clean\vanet\197560785.jpg,vanet,..\..\DATA\dataset\clean
..\..\DATA\datasetv2_TrainClean\clean\savari\209449668.jpg,savari,..\..\DATA\datasetv2_TrainClean\clean
..\..\DATA\dataset\clean\minibus\205925639.jpg,minibus,..\..\DATA\dataset\clean
..\..\DATA\dataset\train\taxi\215878168.jpg,taxi,..\..\DATA\dataset\train
..\..\DATA\datasetv2_TrainClean\clean\savari\218141985.jpg,savari,..\..\DATA\datasetv2_TrainClean\clean
..\..\DATA\datasetv2_TrainClean\clean\taxi\219055109.jpg,taxi,..\..\DATA\datasetv2_TrainClean\clean
..\..\DATA\datasetv2_TrainClean\train\savari\210403494.jpg,savari,..\..\DATA\datasetv2_TrainClean\train
..\..\DATA\datasetv2_TrainClean\train\ambulance\218659907.jpg,ambulance,..\..\DATA\datasetv2_TrainClean\train
..\..\DATA\datasetv2_TrainClean\train\kamyun\215925454.jpg,kamyun,..\..\DATA\datasetv2_TrainClean\train
..\..\DATA\dataset\train\kamyun\214285219.jpg,kamyun,..\..\DATA\dataset\train
..\..\DATA\datasetv2_TrainClean\train\taxi\216785981.jpg,taxi,..\..\DATA\datasetv2_TrainClean\train
..\..\DATA\datasetv2_TrainClean\train\minibus\216910456.jpg,minibus,..\..\DATA\datasetv2_TrainClean\train
..\..\DATA\datasetv2_TrainClean\train\minibus\215722954.jpg,minibus,..\..\DATA\datasetv2_TrainClean\train
..\..\DATA\datasetv2_TrainClean\clean\savari\210000938.jpg,savari,..\..\DATA\datasetv2_TrainClean\clean
..\..\DATA\datasetv2_TrainClean\clean\savari\214692016.jpg,savari,..\..\DATA\datasetv2_TrainClean\clean
..\..\DATA\datasetv2_TrainClean\train\minibus\216830668.jpg,minibus,..\..\DATA\datasetv2_TrainClean\train
..\..\DATA\datasetv2_TrainClean\clean\savari\215951198.jpg,savari,..\..\DATA\datasetv2_TrainClean\clean
..\..\DATA\dataset\clean\kamyun\216073290.jpg,kamyun,..\..\DATA\dataset\clean
..\..\DATA\datasetv2_TrainClean\train\taxi\214752341.jpg,taxi,..\..\DATA\datasetv2_TrainClean\train
..\..\DATA\dataset\clean\autobus\218267459.jpg,autobus,..\..\DATA\dataset\clean
..\..\DATA\datasetv2_TrainClean\train\autobus\217427229.jpg,autobus,..\..\DATA\datasetv2_TrainClean\train
..\..\DATA\datasetv2_TrainClean\train\kamyun\215242068.jpg,kamyun,..\..\DATA\datasetv2_TrainClean\train
..\..\DATA\datasetv2_TrainClean\train\kamyun\217007303.jpg,kamyun,..\..\DATA\datasetv2_TrainClean\train
..\..\DATA\datasetv2_TrainClean\clean\minibus\218835136.jpg,minibus,..\..\DATA\datasetv2_TrainClean\clean
..\..\DATA\dataset\clean\savari\210380464.jpg,savari,..\..\DATA\dataset\clean
..\..\DATA\datasetv2_TrainClean\clean\autobus\216169980.jpg,autobus,..\..\DATA\datasetv2_TrainClean\clean
..\..\DATA\datasetv2_TrainClean\clean\autobus\215999914.jpg,autobus,..\..\DATA\datasetv2_TrainClean\clean
..\..\DATA\dataset\train\taxi\215854075.jpg,taxi,..\..\DATA\dataset\train
..\..\DATA\dataset\train\kamyun\214358573.jpg,kamyun,..\..\DATA\dataset\train
..\..\DATA\dataset\train\kamyun\218712588.jpg,kamyun,..\..\DATA\dataset\train
..\..\DATA\datasetv2_TrainClean\train\autobus\217947174.jpg,autobus,..\..\DATA\datasetv2_TrainClean\train
..\..\DATA\datasetv2_TrainClean\train\kamyun\200359181.jpg,kamyun,..\..\DATA\datasetv2_TrainClean\train
..\..\DATA\datasetv2_TrainClean\clean\vanet\207861786.jpg,vanet,..\..\DATA\datasetv2_TrainClean\clean
..\..\DATA\datasetv2_TrainClean\clean\minibus\216433429.jpg,minibus,..\..\DATA\datasetv2_TrainClean\clean
..\..\DATA\datasetv2_TrainClean\clean\ambulance\217161744.jpg,ambulance,..\..\DATA\datasetv2_TrainClean\clean
..\..\DATA\datasetv2_TrainClean\train\autobus\209038128.jpg,autobus,..\..\DATA\datasetv2_TrainClean\train
..\..\DATA\datasetv2_TrainClean\train\minibus\219123664.jpg,minibus,..\..\DATA\datasetv2_TrainClean\train
..\..\DATA\dataset\clean\kamyun\217957904.jpg,kamyun,..\..\DATA\dataset\clean
..\..\DATA\datasetv2_TrainClean\train\savari\198221838.jpg,savari,..\..\DATA\datasetv2_TrainClean\train
..\..\DATA\dataset\clean\vanet\198363928.jpg,vanet,..\..\DATA\dataset\clean
..\..\DATA\datasetv2_TrainClean\clean\kamyun\198657567.jpg,kamyun,..\..\DATA\datasetv2_TrainClean\clean
..\..\DATA\datasetv2_TrainClean\clean\kamyun\193558761.jpg,kamyun,..\..\DATA\datasetv2_TrainClean\clean
..\..\DATA\datasetv2_TrainClean\clean\taxi\218069773.jpg,taxi,..\..\DATA\datasetv2_TrainClean\clean
..\..\DATA\datasetv2_TrainClean\clean\savari\208835631.jpg,savari,..\..\DATA\datasetv2_TrainClean\clean
..\..\DATA\dataset\train\savari\195839967.jpg,savari,..\..\DATA\dataset\train
..\..\DATA\datasetv2_TrainClean\train\ambulance\217496158.jpg,ambulance,..\..\DATA\datasetv2_TrainClean\train
..\..\DATA\datasetv2_TrainClean\train\ambulance\216983143.jpg,ambulance,..\..\DATA\datasetv2_TrainClean\train
..\..\DATA\datasetv2_TrainClean\train\autobus\196077431.jpg,autobus,..\..\DATA\datasetv2_TrainClean\train
..\..\DATA\datasetv2_TrainClean\train\taxi\215679375.jpg,taxi,..\..\DATA\datasetv2_TrainClean\train
..\..\DATA\datasetv2_TrainClean\clean\ambulance\215980770.jpg,ambulance,..\..\DATA\datasetv2_TrainClean\clean
..\..\DATA\datasetv2_TrainClean\clean\kamyun\202409039.jpg,kamyun,..\..\DATA\datasetv2_TrainClean\clean
..\..\DATA\datasetv2_TrainClean\train\minibus\217197302.jpg,minibus,..\..\DATA\datasetv2_TrainClean\train
..\..\DATA\datasetv2_TrainClean\clean\minibus\218796380.jpg,minibus,..\..\DATA\datasetv2_TrainClean\clean
..\..\DATA\datasetv2_TrainClean\train\taxi\218203719.jpg,taxi,..\..\DATA\datasetv2_TrainClean\train
..\..\DATA\datasetv2_TrainClean\clean\kamyun\218199412.jpg,kamyun,..\..\DATA\datasetv2_TrainClean\clean
..\..\DATA\datasetv2_TrainClean\clean\minibus\213875524.jpg,minibus,..\..\DATA\datasetv2_TrainClean\clean
..\..\DATA\datasetv2_TrainClean\clean\kamyun\217895269.jpg,kamyun,..\..\DATA\datasetv2_TrainClean\clean
..\..\DATA\dataset\train\vanet\205262878.jpg,vanet,..\..\DATA\dataset\train
..\..\DATA\datasetv2_TrainClean\clean\vanet\218794461.jpg,vanet,..\..\DATA\datasetv2_TrainClean\clean
..\..\DATA\datasetv2_TrainClean\train\savari\198748852.jpg,savari,..\..\DATA\datasetv2_TrainClean\train
..\..\DATA\dataset\clean\kamyun\216618682.jpg,kamyun,..\..\DATA\dataset\clean
..\..\DATA\datasetv2_TrainClean\train\autobus\196745624.jpg,autobus,..\..\DATA\datasetv2_TrainClean\train
..\..\DATA\datasetv2_TrainClean\clean\vanet\205765142.jpg,vanet,..\..\DATA\datasetv2_TrainClean\clean
..\..\DATA\datasetv2_TrainClean\train\vanet\217981226.jpg,vanet,..\..\DATA\datasetv2_TrainClean\train
..\..\DATA\datasetv2_TrainClean\clean\autobus\213538203.jpg,autobus,..\..\DATA\datasetv2_TrainClean\clean
..\..\DATA\datasetv2_TrainClean\train\vanet\207721906.jpg,vanet,..\..\DATA\datasetv2_TrainClean\train
..\..\DATA\dataset\train\minibus\215585136.jpg,minibus,..\..\DATA\dataset\train
..\..\DATA\datasetv2_TrainClean\clean\vanet\217953654.jpg,vanet,..\..\DATA\datasetv2_TrainClean\clean
..\..\DATA\datasetv2_TrainClean\train\autobus\216041425.jpg,autobus,..\..\DATA\datasetv2_TrainClean\train
..\..\DATA\dataset\clean\kamyun\215816828.jpg,kamyun,..\..\DATA\dataset\clean
..\..\DATA\datasetv2_TrainClean\clean\kamyun\218189090.jpg,kamyun,..\..\DATA\datasetv2_TrainClean\clean
..\..\DATA\datasetv2_TrainClean\train\savari\214391601.jpg,savari,..\..\DATA\datasetv2_TrainClean\train
..\..\DATA\datasetv2_TrainClean\clean\vanet\205893783.jpg,vanet,..\..\DATA\datasetv2_TrainClean\clean
..\..\DATA\datasetv2_TrainClean\clean\savari\218159810.jpg,savari,..\..\DATA\datasetv2_TrainClean\clean
..\..\DATA\dataset\clean\taxi\218892466.jpg,taxi,..\..\DATA\dataset\clean
..\..\DATA\datasetv2_TrainClean\train\autobus\215984332.jpg,autobus,..\..\DATA\datasetv2_TrainClean\train
..\..\DATA\datasetv2_TrainClean\train\taxi\197408900.jpg,taxi,..\..\DATA\datasetv2_TrainClean\train
..\..\DATA\dataset\train\kamyun\216045038.jpg,kamyun,..\..\DATA\dataset\train
..\..\DATA\datasetv2_TrainClean\train\ambulance\199031396.jpg,ambulance,..\..\DATA\datasetv2_TrainClean\train
..\..\DATA\datasetv2_TrainClean\train\autobus\215647197.jpg,autobus,..\..\DATA\datasetv2_TrainClean\train
..\..\DATA\datasetv2_TrainClean\train\savari\198340571.jpg,savari,..\..\DATA\datasetv2_TrainClean\train
..\..\DATA\datasetv2_TrainClean\train\minibus\214795141.jpg,minibus,..\..\DATA\datasetv2_TrainClean\train
..\..\DATA\datasetv2_TrainClean\train\kamyun\200413006.jpg,kamyun,..\..\DATA\datasetv2_TrainClean\train
..\..\DATA\datasetv2_TrainClean\clean\vanet\201982839.jpg,vanet,..\..\DATA\datasetv2_TrainClean\clean
..\..\DATA\datasetv2_TrainClean\train\kamyun\218596985.jpg,kamyun,..\..\DATA\datasetv2_TrainClean\train
..\..\DATA\datasetv2_TrainClean\train\minibus\218659561.jpg,minibus,..\..\DATA\datasetv2_TrainClean\train
..\..\DATA\dataset\train\kamyun\216530770.jpg,kamyun,..\..\DATA\dataset\train
..\..\DATA\datasetv2_TrainClean\clean\taxi\217191582.jpg,taxi,..\..\DATA\datasetv2_TrainClean\clean
..\..\DATA\datasetv2_TrainClean\train\kamyun\216581893.jpg,kamyun,..\..\DATA\datasetv2_TrainClean\train
..\..\DATA\datasetv2_TrainClean\train\autobus\218485526.jpg,autobus,..\..\DATA\datasetv2_TrainClean\train
..\..\DATA\datasetv2_TrainClean\train\taxi\218901805.jpg,taxi,..\..\DATA\datasetv2_TrainClean\train
..\..\DATA\dataset\clean\taxi\199704344.jpg,taxi,..\..\DATA\dataset\clean
..\..\DATA\datasetv2_TrainClean\train\autobus\216573141.jpg,autobus,..\..\DATA\datasetv2_TrainClean\train
..\..\DATA\datasetv2_TrainClean\clean\ambulance\219063107.jpg,ambulance,..\..\DATA\datasetv2_TrainClean\clean
..\..\DATA\datasetv2_TrainClean\clean\savari\205160387.jpg,savari,..\..\DATA\datasetv2_TrainClean\clean
..\..\DATA\datasetv2_TrainClean\train\ambulance\211786744.jpg,ambulance,..\..\DATA\datasetv2_TrainClean\train
..\..\DATA\datasetv2_TrainClean\clean\kamyun\218942767.jpg,kamyun,..\..\DATA\datasetv2_TrainClean\clean
..\..\DATA\datasetv2_TrainClean\train\taxi\198289203.jpg,taxi,..\..\DATA\datasetv2_TrainClean\train
..\..\DATA\datasetv2_TrainClean\train\kamyun\205403787.jpg,kamyun,..\..\DATA\datasetv2_TrainClean\train
..\..\DATA\datasetv2_TrainClean\train\minibus\215934908.jpg,minibus,..\..\DATA\datasetv2_TrainClean\train
..\..\DATA\dataset\clean\minibus\215183131.jpg,minibus,..\..\DATA\dataset\clean
..\..\DATA\datasetv2_TrainClean\train\ambulance\217150612.jpg,ambulance,..\..\DATA\datasetv2_TrainClean\train
..\..\DATA\datasetv2_TrainClean\train\vanet\212177980.jpg,vanet,..\..\DATA\datasetv2_TrainClean\train
..\..\DATA\datasetv2_TrainClean\train\minibus\215666828.jpg,minibus,..\..\DATA\datasetv2_TrainClean\train
..\..\DATA\dataset\clean\kamyun\218322871.jpg,kamyun,..\..\DATA\dataset\clean
..\..\DATA\dataset\train\taxi\215710435.jpg,taxi,..\..\DATA\dataset\train
..\..\DATA\dataset\train\minibus\218939308.jpg,minibus,..\..\DATA\dataset\train
..\..\DATA\datasetv2_TrainClean\clean\ambulance\217408246.jpg,ambulance,..\..\DATA\datasetv2_TrainClean\clean
..\..\DATA\datasetv2_TrainClean\train\taxi\218321884.jpg,taxi,..\..\DATA\datasetv2_TrainClean\train
..\..\DATA\datasetv2_TrainClean\clean\vanet\217322801.jpg,vanet,..\..\DATA\datasetv2_TrainClean\clean
..\..\DATA\datasetv2_TrainClean\train\ambulance\218153518.jpg,ambulance,..\..\DATA\datasetv2_TrainClean\train
..\..\DATA\datasetv2_TrainClean\train\ambulance\218316367.jpg,ambulance,..\..\DATA\datasetv2_TrainClean\train
..\..\DATA\dataset\train\ambulance\218852971.jpg,ambulance,..\..\DATA\dataset\train
..\..\DATA\datasetv2_TrainClean\clean\kamyun\198181313.jpg,kamyun,..\..\DATA\datasetv2_TrainClean\clean
..\..\DATA\datasetv2_TrainClean\clean\vanet\215107013.jpg,vanet,..\..\DATA\datasetv2_TrainClean\clean
..\..\DATA\datasetv2_TrainClean\clean\autobus\200600907.jpg,autobus,..\..\DATA\datasetv2_TrainClean\clean
..\..\DATA\datasetv2_TrainClean\clean\vanet\218700051.jpg,vanet,..\..\DATA\datasetv2_TrainClean\clean
..\..\DATA\datasetv2_TrainClean\clean\minibus\194314557.jpg,minibus,..\..\DATA\datasetv2_TrainClean\clean
..\..\DATA\dataset\train\ambulance\217402945.jpg,ambulance,..\..\DATA\dataset\train
..\..\DATA\datasetv2_TrainClean\clean\vanet\214354307.jpg,vanet,..\..\DATA\datasetv2_TrainClean\clean
..\..\DATA\datasetv2_TrainClean\train\vanet\199126941.jpg,vanet,..\..\DATA\datasetv2_TrainClean\train
..\..\DATA\dataset\train\kamyun\200333424.jpg,kamyun,..\..\DATA\dataset\train
..\..\DATA\datasetv2_TrainClean\train\kamyun\215884288.jpg,kamyun,..\..\DATA\datasetv2_TrainClean\train
..\..\DATA\datasetv2_TrainClean\clean\kamyun\217050719.jpg,kamyun,..\..\DATA\datasetv2_TrainClean\clean
..\..\DATA\dataset\train\savari\218077655.jpg,savari,..\..\DATA\dataset\train
..\..\DATA\datasetv2_TrainClean\train\taxi\218360827.jpg,taxi,..\..\DATA\datasetv2_TrainClean\train
..\..\DATA\datasetv2_TrainClean\clean\kamyun\217894393.jpg,kamyun,..\..\DATA\datasetv2_TrainClean\clean
..\..\DATA\datasetv2_TrainClean\train\autobus\193247490.jpg,autobus,..\..\DATA\datasetv2_TrainClean\train
..\..\DATA\datasetv2_TrainClean\train\savari\215841797.jpg,savari,..\..\DATA\datasetv2_TrainClean\train
..\..\DATA\datasetv2_TrainClean\train\minibus\218952212.jpg,minibus,..\..\DATA\datasetv2_TrainClean\train
..\..\DATA\dataset\train\minibus\215913440.jpg,minibus,..\..\DATA\dataset\train
..\..\DATA\datasetv2_TrainClean\clean\savari\218693364.jpg,savari,..\..\DATA\datasetv2_TrainClean\clean
..\..\DATA\dataset\clean\taxi\199661592.jpg,taxi,..\..\DATA\dataset\clean
..\..\DATA\dataset\train\taxi\216804552.jpg,taxi,..\..\DATA\dataset\train
..\..\DATA\datasetv2_TrainClean\train\savari\209117376.jpg,savari,..\..\DATA\datasetv2_TrainClean\train
..\..\DATA\datasetv2_TrainClean\train\taxi\218270063.jpg,taxi,..\..\DATA\datasetv2_TrainClean\train
..\..\DATA\datasetv2_TrainClean\clean\vanet\197319173.jpg,vanet,..\..\DATA\datasetv2_TrainClean\clean
..\..\DATA\datasetv2_TrainClean\train\kamyun\216525295.jpg,kamyun,..\..\DATA\datasetv2_TrainClean\train
..\..\DATA\datasetv2_TrainClean\train\minibus\216034562.jpg,minibus,..\..\DATA\datasetv2_TrainClean\train
..\..\DATA\dataset\clean\taxi\218935254.jpg,taxi,..\..\DATA\dataset\clean
..\..\DATA\datasetv2_TrainClean\train\ambulance\218811675.jpg,ambulance,..\..\DATA\datasetv2_TrainClean\train
..\..\DATA\dataset\clean\taxi\197011132.jpg,taxi,..\..\DATA\dataset\clean
..\..\DATA\datasetv2_TrainClean\train\ambulance\219058364.jpg,ambulance,..\..\DATA\datasetv2_TrainClean\train
..\..\DATA\datasetv2_TrainClean\clean\vanet\197247731.jpg,vanet,..\..\DATA\datasetv2_TrainClean\clean
..\..\DATA\dataset\train\ambulance\217584509.jpg,ambulance,..\..\DATA\dataset\train
..\..\DATA\dataset\train\kamyun\217685543.jpg,kamyun,..\..\DATA\dataset\train
..\..\DATA\datasetv2_TrainClean\train\vanet\218259572.jpg,vanet,..\..\DATA\datasetv2_TrainClean\train
..\..\DATA\dataset\train\minibus\209781589.jpg,minibus,..\..\DATA\dataset\train
..\..\DATA\datasetv2_TrainClean\clean\kamyun\208424445.jpg,kamyun,..\..\DATA\datasetv2_TrainClean\clean
..\..\DATA\datasetv2_TrainClean\clean\kamyun\218994039.jpg,kamyun,..\..\DATA\datasetv2_TrainClean\clean
..\..\DATA\datasetv2_TrainClean\train\savari\200868342.jpg,savari,..\..\DATA\datasetv2_TrainClean\train
..\..\DATA\datasetv2_TrainClean\clean\autobus\216495787.jpg,autobus,..\..\DATA\datasetv2_TrainClean\clean
..\..\DATA\datasetv2_TrainClean\train\ambulance\216146573.jpg,ambulance,..\..\DATA\datasetv2_TrainClean\train
..\..\DATA\datasetv2_TrainClean\clean\savari\207835536.jpg,savari,..\..\DATA\datasetv2_TrainClean\clean
..\..\DATA\datasetv2_TrainClean\clean\vanet\216896507.jpg,vanet,..\..\DATA\datasetv2_TrainClean\clean
..\..\DATA\datasetv2_TrainClean\train\autobus\218000072.jpg,autobus,..\..\DATA\datasetv2_TrainClean\train
..\..\DATA\datasetv2_TrainClean\train\kamyun\217795203.jpg,kamyun,..\..\DATA\datasetv2_TrainClean\train
..\..\DATA\datasetv2_TrainClean\clean\kamyun\218991037.jpg,kamyun,..\..\DATA\datasetv2_TrainClean\clean
..\..\DATA\datasetv2_TrainClean\train\minibus\215857913.jpg,minibus,..\..\DATA\datasetv2_TrainClean\train
..\..\DATA\datasetv2_TrainClean\train\autobus\218575882.jpg,autobus,..\..\DATA\datasetv2_TrainClean\train
..\..\DATA\dataset\train\autobus\217252048.jpg,autobus,..\..\DATA\dataset\train
..\..\DATA\datasetv2_TrainClean\clean\vanet\217889120.jpg,vanet,..\..\DATA\datasetv2_TrainClean\clean
..\..\DATA\datasetv2_TrainClean\train\autobus\216551896.jpg,autobus,..\..\DATA\datasetv2_TrainClean\train
..\..\DATA\datasetv2_TrainClean\clean\autobus\219055285.jpg,autobus,..\..\DATA\datasetv2_TrainClean\clean
..\..\DATA\datasetv2_TrainClean\train\savari\215700187.jpg,savari,..\..\DATA\datasetv2_TrainClean\train
..\..\DATA\dataset\clean\taxi\218257216.jpg,taxi,..\..\DATA\dataset\clean
..\..\DATA\datasetv2_TrainClean\clean\vanet\205720297.jpg,vanet,..\..\DATA\datasetv2_TrainClean\clean
..\..\DATA\datasetv2_TrainClean\clean\autobus\217735260.jpg,autobus,..\..\DATA\datasetv2_TrainClean\clean
..\..\DATA\datasetv2_TrainClean\train\vanet\196600810.jpg,vanet,..\..\DATA\datasetv2_TrainClean\train
..\..\DATA\datasetv2_TrainClean\clean\kamyun\217168731.jpg,kamyun,..\..\DATA\datasetv2_TrainClean\clean
..\..\DATA\datasetv2_TrainClean\train\autobus\216733258.jpg,autobus,..\..\DATA\datasetv2_TrainClean\train
..\..\DATA\datasetv2_TrainClean\clean\ambulance\218080033.jpg,ambulance,..\..\DATA\datasetv2_TrainClean\clean
..\..\DATA\datasetv2_TrainClean\clean\kamyun\216410031.jpg,kamyun,..\..\DATA\datasetv2_TrainClean\clean
..\..\DATA\datasetv2_TrainClean\train\kamyun\218541002.jpg,kamyun,..\..\DATA\datasetv2_TrainClean\train
..\..\DATA\datasetv2_TrainClean\clean\kamyun\216864895.jpg,kamyun,..\..\DATA\datasetv2_TrainClean\clean
..\..\DATA\dataset\clean\taxi\216266678.jpg,taxi,..\..\DATA\dataset\clean
..\..\DATA\dataset\clean\kamyun\218721747.jpg,kamyun,..\..\DATA\dataset\clean
..\..\DATA\datasetv2_TrainClean\clean\kamyun\214632229.jpg,kamyun,..\..\DATA\datasetv2_TrainClean\clean
..\..\DATA\dataset\clean\vanet\206133475.jpg,vanet,..\..\DATA\dataset\clean
..\..\DATA\datasetv2_TrainClean\clean\savari\213558533.jpg,savari,..\..\DATA\datasetv2_TrainClean\clean
..\..\DATA\datasetv2_TrainClean\train\ambulance\206000918.jpg,ambulance,..\..\DATA\datasetv2_TrainClean\train
..\..\DATA\datasetv2_TrainClean\train\kamyun\218624593.jpg,kamyun,..\..\DATA\datasetv2_TrainClean\train
..\..\DATA\datasetv2_TrainClean\train\minibus\215859419.jpg,minibus,..\..\DATA\datasetv2_TrainClean\train
..\..\DATA\datasetv2_TrainClean\clean\vanet\216572155.jpg,vanet,..\..\DATA\datasetv2_TrainClean\clean
..\..\DATA\datasetv2_TrainClean\train\vanet\206146531.jpg,vanet,..\..\DATA\datasetv2_TrainClean\train
..\..\DATA\datasetv2_TrainClean\train\taxi\217170866.jpg,taxi,..\..\DATA\datasetv2_TrainClean\train
..\..\DATA\datasetv2_TrainClean\clean\kamyun\216768621.jpg,kamyun,..\..\DATA\datasetv2_TrainClean\clean
..\..\DATA\datasetv2_TrainClean\train\savari\215476329.jpg,savari,..\..\DATA\datasetv2_TrainClean\train
..\..\DATA\datasetv2_TrainClean\train\minibus\206193278.jpg,minibus,..\..\DATA\datasetv2_TrainClean\train
..\..\DATA\datasetv2_TrainClean\train\ambulance\216048174.jpg,ambulance,..\..\DATA\datasetv2_TrainClean\train
..\..\DATA\datasetv2_TrainClean\clean\taxi\214350776.jpg,taxi,..\..\DATA\datasetv2_TrainClean\clean
..\..\DATA\datasetv2_TrainClean\clean\vanet\195395611.jpg,vanet,..\..\DATA\datasetv2_TrainClean\clean
..\..\DATA\datasetv2_TrainClean\train\savari\217014334.jpg,savari,..\..\DATA\datasetv2_TrainClean\train
..\..\DATA\dataset\clean\kamyun\218623319.jpg,kamyun,..\..\DATA\dataset\clean
..\..\DATA\datasetv2_TrainClean\clean\minibus\218394885.jpg,minibus,..\..\DATA\datasetv2_TrainClean\clean
..\..\DATA\datasetv2_TrainClean\clean\autobus\216735981.jpg,autobus,..\..\DATA\datasetv2_TrainClean\clean
..\..\DATA\datasetv2_TrainClean\train\taxi\217977572.jpg,taxi,..\..\DATA\datasetv2_TrainClean\train
..\..\DATA\datasetv2_TrainClean\clean\taxi\216052387.jpg,taxi,..\..\DATA\datasetv2_TrainClean\clean
..\..\DATA\dataset\train\vanet\196305661.jpg,vanet,..\..\DATA\dataset\train
..\..\DATA\datasetv2_TrainClean\clean\vanet\198454664.jpg,vanet,..\..\DATA\datasetv2_TrainClean\clean
..\..\DATA\datasetv2_TrainClean\clean\savari\214631845.jpg,savari,..\..\DATA\datasetv2_TrainClean\clean
..\..\DATA\datasetv2_TrainClean\clean\vanet\215904549.jpg,vanet,..\..\DATA\datasetv2_TrainClean\clean
..\..\DATA\dataset\train\taxi\213061361.jpg,taxi,..\..\DATA\dataset\train
..\..\DATA\datasetv2_TrainClean\train\savari\216234933.jpg,savari,..\..\DATA\datasetv2_TrainClean\train
..\..\DATA\datasetv2_TrainClean\clean\vanet\213022159.jpg,vanet,..\..\DATA\datasetv2_TrainClean\clean
..\..\DATA\datasetv2_TrainClean\clean\savari\209718955.jpg,savari,..\..\DATA\datasetv2_TrainClean\clean
..\..\DATA\datasetv2_TrainClean\clean\vanet\217434868.jpg,vanet,..\..\DATA\datasetv2_TrainClean\clean
..\..\DATA\dataset\clean\savari\217768353.jpg,savari,..\..\DATA\dataset\clean
..\..\DATA\datasetv2_TrainClean\train\kamyun\214321010.jpg,kamyun,..\..\DATA\datasetv2_TrainClean\train
..\..\DATA\dataset\clean\ambulance\215713763.jpg,ambulance,..\..\DATA\dataset\clean
..\..\DATA\dataset\train\savari\216020950.jpg,savari,..\..\DATA\dataset\train
..\..\DATA\dataset\train\taxi\216878759.jpg,taxi,..\..\DATA\dataset\train
..\..\DATA\datasetv2_TrainClean\clean\vanet\216758585.jpg,vanet,..\..\DATA\datasetv2_TrainClean\clean
..\..\DATA\datasetv2_TrainClean\clean\vanet\217844142.jpg,vanet,..\..\DATA\datasetv2_TrainClean\clean
..\..\DATA\datasetv2_TrainClean\train\kamyun\215685158.jpg,kamyun,..\..\DATA\datasetv2_TrainClean\train
..\..\DATA\datasetv2_TrainClean\clean\kamyun\198330600.jpg,kamyun,..\..\DATA\datasetv2_TrainClean\clean
..\..\DATA\datasetv2_TrainClean\train\ambulance\216143298.jpg,ambulance,..\..\DATA\datasetv2_TrainClean\train
..\..\DATA\datasetv2_TrainClean\clean\kamyun\216450914.jpg,kamyun,..\..\DATA\datasetv2_TrainClean\clean
..\..\DATA\datasetv2_TrainClean\train\savari\198508281.jpg,savari,..\..\DATA\datasetv2_TrainClean\train
..\..\DATA\dataset\train\kamyun\215792145.jpg,kamyun,..\..\DATA\dataset\train
..\..\DATA\datasetv2_TrainClean\clean\savari\212125069.jpg,savari,..\..\DATA\datasetv2_TrainClean\clean
..\..\DATA\datasetv2_TrainClean\train\taxi\216762705.jpg,taxi,..\..\DATA\datasetv2_TrainClean\train
..\..\DATA\datasetv2_TrainClean\clean\vanet\214297729.jpg,vanet,..\..\DATA\datasetv2_TrainClean\clean
..\..\DATA\dataset\train\minibus\205737488.jpg,minibus,..\..\DATA\dataset\train
..\..\DATA\dataset\clean\ambulance\216095686.jpg,ambulance,..\..\DATA\dataset\clean
..\..\DATA\datasetv2_TrainClean\clean\vanet\197316952.jpg,vanet,..\..\DATA\datasetv2_TrainClean\clean
..\..\DATA\datasetv2_TrainClean\train\autobus\195327944.jpg,autobus,..\..\DATA\datasetv2_TrainClean\train
..\..\DATA\datasetv2_TrainClean\clean\ambulance\219020835.jpg,ambulance,..\..\DATA\datasetv2_TrainClean\clean
..\..\DATA\datasetv2_TrainClean\train\kamyun\193062599.jpg,kamyun,..\..\DATA\datasetv2_TrainClean\train
..\..\DATA\datasetv2_TrainClean\train\minibus\216947159.jpg,minibus,..\..\DATA\datasetv2_TrainClean\train
..\..\DATA\datasetv2_TrainClean\clean\vanet\213477815.jpg,vanet,..\..\DATA\datasetv2_TrainClean\clean
..\..\DATA\dataset\train\minibus\219025847.jpg,minibus,..\..\DATA\dataset\train
..\..\DATA\datasetv2_TrainClean\train\taxi\216816628.jpg,taxi,..\..\DATA\datasetv2_TrainClean\train
..\..\DATA\datasetv2_TrainClean\clean\kamyun\198068040.jpg,kamyun,..\..\DATA\datasetv2_TrainClean\clean
..\..\DATA\datasetv2_TrainClean\train\kamyun\216830421.jpg,kamyun,..\..\DATA\datasetv2_TrainClean\train
..\..\DATA\datasetv2_TrainClean\clean\vanet\205573319.jpg,vanet,..\..\DATA\datasetv2_TrainClean\clean
..\..\DATA\datasetv2_TrainClean\clean\ambulance\217219997.jpg,ambulance,..\..\DATA\datasetv2_TrainClean\clean
..\..\DATA\datasetv2_TrainClean\train\vanet\214534544.jpg,vanet,..\..\DATA\datasetv2_TrainClean\train
..\..\DATA\datasetv2_TrainClean\clean\minibus\218259887.jpg,minibus,..\..\DATA\datasetv2_TrainClean\clean
..\..\DATA\datasetv2_TrainClean\clean\kamyun\215628593.jpg,kamyun,..\..\DATA\datasetv2_TrainClean\clean
..\..\DATA\datasetv2_TrainClean\clean\autobus\218875399.jpg,autobus,..\..\DATA\datasetv2_TrainClean\clean
..\..\DATA\datasetv2_TrainClean\train\taxi\218219642.jpg,taxi,..\..\DATA\datasetv2_TrainClean\train
..\..\DATA\datasetv2_TrainClean\train\vanet\194841865.jpg,vanet,..\..\DATA\datasetv2_TrainClean\train
..\..\DATA\datasetv2_TrainClean\clean\savari\216707659.jpg,savari,..\..\DATA\datasetv2_TrainClean\clean
..\..\DATA\datasetv2_TrainClean\clean\vanet\213358509.jpg,vanet,..\..\DATA\datasetv2_TrainClean\clean
..\..\DATA\datasetv2_TrainClean\clean\kamyun\218812826.jpg,kamyun,..\..\DATA\datasetv2_TrainClean\clean
..\..\DATA\datasetv2_TrainClean\train\savari\212311889.jpg,savari,..\..\DATA\datasetv2_TrainClean\train
..\..\DATA\datasetv2_TrainClean\clean\minibus\215593952.jpg,minibus,..\..\DATA\datasetv2_TrainClean\clean
..\..\DATA\datasetv2_TrainClean\train\kamyun\216158404.jpg,kamyun,..\..\DATA\datasetv2_TrainClean\train
..\..\DATA\datasetv2_TrainClean\clean\minibus\218982546.jpg,minibus,..\..\DATA\datasetv2_TrainClean\clean
..\..\DATA\datasetv2_TrainClean\train\kamyun\218756122.jpg,kamyun,..\..\DATA\datasetv2_TrainClean\train
..\..\DATA\datasetv2_TrainClean\clean\vanet\207965767.jpg,vanet,..\..\DATA\datasetv2_TrainClean\clean
..\..\DATA\datasetv2_TrainClean\train\kamyun\216173836.jpg,kamyun,..\..\DATA\datasetv2_TrainClean\train
..\..\DATA\datasetv2_TrainClean\clean\kamyun\216751610.jpg,kamyun,..\..\DATA\datasetv2_TrainClean\clean
..\..\DATA\datasetv2_TrainClean\clean\kamyun\215579018.jpg,kamyun,..\..\DATA\datasetv2_TrainClean\clean
..\..\DATA\datasetv2_TrainClean\clean\vanet\197417821.jpg,vanet,..\..\DATA\datasetv2_TrainClean\clean
..\..\DATA\datasetv2_TrainClean\train\autobus\216775502.jpg,autobus,..\..\DATA\datasetv2_TrainClean\train
..\..\DATA\datasetv2_TrainClean\train\autobus\214742657.jpg,autobus,..\..\DATA\datasetv2_TrainClean\train
..\..\DATA\datasetv2_TrainClean\clean\vanet\218575779.jpg,vanet,..\..\DATA\datasetv2_TrainClean\clean
..\..\DATA\dataset\train\kamyun\215756767.jpg,kamyun,..\..\DATA\dataset\train
..\..\DATA\datasetv2_TrainClean\clean\kamyun\205439945.jpg,kamyun,..\..\DATA\datasetv2_TrainClean\clean
..\..\DATA\datasetv2_TrainClean\clean\vanet\196095992.jpg,vanet,..\..\DATA\datasetv2_TrainClean\clean
..\..\DATA\datasetv2_TrainClean\clean\taxi\218189366.jpg,taxi,..\..\DATA\datasetv2_TrainClean\clean
..\..\DATA\dataset\train\taxi\217264329.jpg,taxi,..\..\DATA\dataset\train
..\..\DATA\datasetv2_TrainClean\train\kamyun\217064296.jpg,kamyun,..\..\DATA\datasetv2_TrainClean\train
..\..\DATA\datasetv2_TrainClean\train\taxi\218402981.jpg,taxi,..\..\DATA\datasetv2_TrainClean\train
..\..\DATA\dataset\train\minibus\215989811.jpg,minibus,..\..\DATA\dataset\train
..\..\DATA\datasetv2_TrainClean\train\kamyun\218872188.jpg,kamyun,..\..\DATA\datasetv2_TrainClean\train
..\..\DATA\datasetv2_TrainClean\train\taxi\213169109.jpg,taxi,..\..\DATA\datasetv2_TrainClean\train
..\..\DATA\datasetv2_TrainClean\train\kamyun\215687118.jpg,kamyun,..\..\DATA\datasetv2_TrainClean\train
..\..\DATA\datasetv2_TrainClean\train\vanet\199280248.jpg,vanet,..\..\DATA\datasetv2_TrainClean\train
..\..\DATA\datasetv2_TrainClean\clean\taxi\216445018.jpg,taxi,..\..\DATA\datasetv2_TrainClean\clean
..\..\DATA\datasetv2_TrainClean\train\autobus\195577230.jpg,autobus,..\..\DATA\datasetv2_TrainClean\train
..\..\DATA\datasetv2_TrainClean\clean\autobus\216016488.jpg,autobus,..\..\DATA\datasetv2_TrainClean\clean
..\..\DATA\datasetv2_TrainClean\clean\kamyun\215298296.jpg,kamyun,..\..\DATA\datasetv2_TrainClean\clean
..\..\DATA\datasetv2_TrainClean\clean\ambulance\217323165.jpg,ambulance,..\..\DATA\datasetv2_TrainClean\clean
..\..\DATA\datasetv2_TrainClean\train\kamyun\200460350.jpg,kamyun,..\..\DATA\datasetv2_TrainClean\train
..\..\DATA\dataset\clean\minibus\215687610.jpg,minibus,..\..\DATA\dataset\clean
..\..\DATA\dataset\clean\autobus\218187113.jpg,autobus,..\..\DATA\dataset\clean
..\..\DATA\datasetv2_TrainClean\train\autobus\218915919.jpg,autobus,..\..\DATA\datasetv2_TrainClean\train
..\..\DATA\dataset\clean\savari\217040826.jpg,savari,..\..\DATA\dataset\clean
..\..\DATA\dataset\train\savari\209013092.jpg,savari,..\..\DATA\dataset\train
..\..\DATA\datasetv2_TrainClean\train\kamyun\215581412.jpg,kamyun,..\..\DATA\datasetv2_TrainClean\train
..\..\DATA\datasetv2_TrainClean\train\taxi\218813121.jpg,taxi,..\..\DATA\datasetv2_TrainClean\train
..\..\DATA\datasetv2_TrainClean\train\kamyun\215099946.jpg,kamyun,..\..\DATA\datasetv2_TrainClean\train
..\..\DATA\datasetv2_TrainClean\train\vanet\214570473.jpg,vanet,..\..\DATA\datasetv2_TrainClean\train
..\..\DATA\datasetv2_TrainClean\train\kamyun\216048837.jpg,kamyun,..\..\DATA\datasetv2_TrainClean\train
..\..\DATA\datasetv2_TrainClean\train\taxi\218120685.jpg,taxi,..\..\DATA\datasetv2_TrainClean\train
..\..\DATA\datasetv2_TrainClean\train\kamyun\218706352.jpg,kamyun,..\..\DATA\datasetv2_TrainClean\train
..\..\DATA\dataset\train\kamyun\199185521.jpg,kamyun,..\..\DATA\dataset\train
..\..\DATA\datasetv2_TrainClean\clean\savari\210708482.jpg,savari,..\..\DATA\datasetv2_TrainClean\clean
..\..\DATA\datasetv2_TrainClean\clean\ambulance\218756593.jpg,ambulance,..\..\DATA\datasetv2_TrainClean\clean
..\..\DATA\datasetv2_TrainClean\train\taxi\215086610.jpg,taxi,..\..\DATA\datasetv2_TrainClean\train
..\..\DATA\datasetv2_TrainClean\train\kamyun\218715050.jpg,kamyun,..\..\DATA\datasetv2_TrainClean\train
..\..\DATA\datasetv2_TrainClean\train\minibus\218882489.jpg,minibus,..\..\DATA\datasetv2_TrainClean\train
..\..\DATA\dataset\train\taxi\217834801.jpg,taxi,..\..\DATA\dataset\train
..\..\DATA\datasetv2_TrainClean\train\taxi\215570730.jpg,taxi,..\..\DATA\datasetv2_TrainClean\train
..\..\DATA\dataset\train\minibus\215945358.jpg,minibus,..\..\DATA\dataset\train
..\..\DATA\dataset\clean\minibus\216421891.jpg,minibus,..\..\DATA\dataset\clean
..\..\DATA\datasetv2_TrainClean\train\ambulance\218705819.jpg,ambulance,..\..\DATA\datasetv2_TrainClean\train
..\..\DATA\datasetv2_TrainClean\train\ambulance\216026223.jpg,ambulance,..\..\DATA\datasetv2_TrainClean\train
..\..\DATA\datasetv2_TrainClean\clean\ambulance\216625195.jpg,ambulance,..\..\DATA\datasetv2_TrainClean\clean
..\..\DATA\datasetv2_TrainClean\clean\kamyun\198158463.jpg,kamyun,..\..\DATA\datasetv2_TrainClean\clean
..\..\DATA\datasetv2_TrainClean\clean\ambulance\200180166.jpg,ambulance,..\..\DATA\datasetv2_TrainClean\clean
..\..\DATA\dataset\clean\vanet\202667629.jpg,vanet,..\..\DATA\dataset\clean
..\..\DATA\datasetv2_TrainClean\train\kamyun\217140921.jpg,kamyun,..\..\DATA\datasetv2_TrainClean\train
..\..\DATA\datasetv2_TrainClean\train\savari\199827467.jpg,savari,..\..\DATA\datasetv2_TrainClean\train
..\..\DATA\dataset\train\kamyun\216625819.jpg,kamyun,..\..\DATA\dataset\train
..\..\DATA\datasetv2_TrainClean\train\ambulance\218676611.jpg,ambulance,..\..\DATA\datasetv2_TrainClean\train
..\..\DATA\datasetv2_TrainClean\train\kamyun\198119425.jpg,kamyun,..\..\DATA\datasetv2_TrainClean\train
..\..\DATA\datasetv2_TrainClean\clean\vanet\201971644.jpg,vanet,..\..\DATA\datasetv2_TrainClean\clean
..\..\DATA\dataset\clean\savari\199907289.jpg,savari,..\..\DATA\dataset\clean
..\..\DATA\datasetv2_TrainClean\clean\vanet\218288833.jpg,vanet,..\..\DATA\datasetv2_TrainClean\clean
..\..\DATA\datasetv2_TrainClean\train\taxi\218339564.jpg,taxi,..\..\DATA\datasetv2_TrainClean\train
..\..\DATA\datasetv2_TrainClean\train\taxi\216787354.jpg,taxi,..\..\DATA\datasetv2_TrainClean\train
..\..\DATA\dataset\clean\savari\206276702.jpg,savari,..\..\DATA\dataset\clean
..\..\DATA\datasetv2_TrainClean\clean\kamyun\217368931.jpg,kamyun,..\..\DATA\datasetv2_TrainClean\clean
..\..\DATA\dataset\clean\autobus\217200065.jpg,autobus,..\..\DATA\dataset\clean
..\..\DATA\dataset\clean\kamyun\218978195.jpg,kamyun,..\..\DATA\dataset\clean
..\..\DATA\datasetv2_TrainClean\clean\autobus\217207859.jpg,autobus,..\..\DATA\datasetv2_TrainClean\clean
..\..\DATA\datasetv2_TrainClean\train\vanet\199550450.jpg,vanet,..\..\DATA\datasetv2_TrainClean\train
..\..\DATA\dataset\train\kamyun\219055863.jpg,kamyun,..\..\DATA\dataset\train
..\..\DATA\datasetv2_TrainClean\train\vanet\197400566.jpg,vanet,..\..\DATA\datasetv2_TrainClean\train
..\..\DATA\datasetv2_TrainClean\train\vanet\200481076.jpg,vanet,..\..\DATA\datasetv2_TrainClean\train
..\..\DATA\dataset\train\kamyun\218018095.jpg,kamyun,..\..\DATA\dataset\train
..\..\DATA\datasetv2_TrainClean\train\autobus\216729767.jpg,autobus,..\..\DATA\datasetv2_TrainClean\train
..\..\DATA\datasetv2_TrainClean\clean\vanet\215583918.jpg,vanet,..\..\DATA\datasetv2_TrainClean\clean
..\..\DATA\datasetv2_TrainClean\train\kamyun\217193298.jpg,kamyun,..\..\DATA\datasetv2_TrainClean\train
..\..\DATA\datasetv2_TrainClean\clean\vanet\213899758.jpg,vanet,..\..\DATA\datasetv2_TrainClean\clean
..\..\DATA\datasetv2_TrainClean\train\taxi\217426237.jpg,taxi,..\..\DATA\datasetv2_TrainClean\train
..\..\DATA\datasetv2_TrainClean\train\ambulance\217119220.jpg,ambulance,..\..\DATA\datasetv2_TrainClean\train
..\..\DATA\datasetv2_TrainClean\clean\autobus\199961601.jpg,autobus,..\..\DATA\datasetv2_TrainClean\clean
..\..\DATA\datasetv2_TrainClean\train\kamyun\209541758.jpg,kamyun,..\..\DATA\datasetv2_TrainClean\train
..\..\DATA\datasetv2_TrainClean\clean\taxi\216177990.jpg,taxi,..\..\DATA\datasetv2_TrainClean\clean
..\..\DATA\dataset\train\autobus\218337345.jpg,autobus,..\..\DATA\dataset\train
..\..\DATA\datasetv2_TrainClean\train\ambulance\213064777.jpg,ambulance,..\..\DATA\datasetv2_TrainClean\train
..\..\DATA\datasetv2_TrainClean\clean\minibus\218056154.jpg,minibus,..\..\DATA\datasetv2_TrainClean\clean
..\..\DATA\datasetv2_TrainClean\train\vanet\196163447.jpg,vanet,..\..\DATA\datasetv2_TrainClean\train
..\..\DATA\datasetv2_TrainClean\clean\kamyun\216904183.jpg,kamyun,..\..\DATA\datasetv2_TrainClean\clean
..\..\DATA\datasetv2_TrainClean\train\autobus\198480054.jpg,autobus,..\..\DATA\datasetv2_TrainClean\train
..\..\DATA\datasetv2_TrainClean\train\kamyun\217054200.jpg,kamyun,..\..\DATA\datasetv2_TrainClean\train
..\..\DATA\datasetv2_TrainClean\train\kamyun\217760085.jpg,kamyun,..\..\DATA\datasetv2_TrainClean\train
..\..\DATA\dataset\train\minibus\198885269.jpg,minibus,..\..\DATA\dataset\train
..\..\DATA\datasetv2_TrainClean\train\autobus\218993616.jpg,autobus,..\..\DATA\datasetv2_TrainClean\train
..\..\DATA\datasetv2_TrainClean\train\taxi\212237527.jpg,taxi,..\..\DATA\datasetv2_TrainClean\train
..\..\DATA\datasetv2_TrainClean\train\taxi\218690372.jpg,taxi,..\..\DATA\datasetv2_TrainClean\train
..\..\DATA\datasetv2_TrainClean\clean\savari\211490232.jpg,savari,..\..\DATA\datasetv2_TrainClean\clean
..\..\DATA\datasetv2_TrainClean\clean\autobus\218042517.jpg,autobus,..\..\DATA\datasetv2_TrainClean\clean
..\..\DATA\dataset\train\vanet\197410959.jpg,vanet,..\..\DATA\dataset\train
..\..\DATA\datasetv2_TrainClean\clean\kamyun\215849760.jpg,kamyun,..\..\DATA\datasetv2_TrainClean\clean
..\..\DATA\datasetv2_TrainClean\train\savari\195461114.jpg,savari,..\..\DATA\datasetv2_TrainClean\train
..\..\DATA\datasetv2_TrainClean\train\minibus\217006575.jpg,minibus,..\..\DATA\datasetv2_TrainClean\train
..\..\DATA\datasetv2_TrainClean\clean\autobus\218374242.jpg,autobus,..\..\DATA\datasetv2_TrainClean\clean
..\..\DATA\dataset\clean\kamyun\210254715.jpg,kamyun,..\..\DATA\dataset\clean
..\..\DATA\dataset\train\kamyun\216433007.jpg,kamyun,..\..\DATA\dataset\train
..\..\DATA\datasetv2_TrainClean\clean\kamyun\216585734.jpg,kamyun,..\..\DATA\datasetv2_TrainClean\clean
..\..\DATA\datasetv2_TrainClean\train\ambulance\218808822.jpg,ambulance,..\..\DATA\datasetv2_TrainClean\train
..\..\DATA\datasetv2_TrainClean\train\kamyun\215721968.jpg,kamyun,..\..\DATA\datasetv2_TrainClean\train
..\..\DATA\datasetv2_TrainClean\train\minibus\218740264.jpg,minibus,..\..\DATA\datasetv2_TrainClean\train
..\..\DATA\dataset\clean\vanet\216085337.jpg,vanet,..\..\DATA\dataset\clean
..\..\DATA\dataset\clean\kamyun\218916372.jpg,kamyun,..\..\DATA\dataset\clean
..\..\DATA\datasetv2_TrainClean\train\savari\217267545.jpg,savari,..\..\DATA\datasetv2_TrainClean\train
..\..\DATA\datasetv2_TrainClean\clean\minibus\217239328.jpg,minibus,..\..\DATA\datasetv2_TrainClean\clean
..\..\DATA\datasetv2_TrainClean\clean\kamyun\218955796.jpg,kamyun,..\..\DATA\datasetv2_TrainClean\clean
..\..\DATA\datasetv2_TrainClean\train\savari\216119295.jpg,savari,..\..\DATA\datasetv2_TrainClean\train
..\..\DATA\datasetv2_TrainClean\train\ambulance\217381140.jpg,ambulance,..\..\DATA\datasetv2_TrainClean\train
..\..\DATA\datasetv2_TrainClean\train\taxi\196727449.jpg,taxi,..\..\DATA\datasetv2_TrainClean\train
..\..\DATA\dataset\train\vanet\216352099.jpg,vanet,..\..\DATA\dataset\train
..\..\DATA\datasetv2_TrainClean\train\autobus\216262792.jpg,autobus,..\..\DATA\datasetv2_TrainClean\train
..\..\DATA\datasetv2_TrainClean\train\kamyun\216945616.jpg,kamyun,..\..\DATA\datasetv2_TrainClean\train
..\..\DATA\datasetv2_TrainClean\train\ambulance\217037450.jpg,ambulance,..\..\DATA\datasetv2_TrainClean\train
..\..\DATA\datasetv2_TrainClean\clean\taxi\216527052.jpg,taxi,..\..\DATA\datasetv2_TrainClean\clean
..\..\DATA\datasetv2_TrainClean\train\kamyun\202031464.jpg,kamyun,..\..\DATA\datasetv2_TrainClean\train
..\..\DATA\datasetv2_TrainClean\train\kamyun\193568157.jpg,kamyun,..\..\DATA\datasetv2_TrainClean\train
..\..\DATA\datasetv2_TrainClean\clean\kamyun\198248492.jpg,kamyun,..\..\DATA\datasetv2_TrainClean\clean
..\..\DATA\dataset\train\autobus\216021441.jpg,autobus,..\..\DATA\dataset\train
..\..\DATA\datasetv2_TrainClean\clean\ambulance\217064863.jpg,ambulance,..\..\DATA\datasetv2_TrainClean\clean
..\..\DATA\dataset\clean\taxi\216875057.jpg,taxi,..\..\DATA\dataset\clean
..\..\DATA\dataset\clean\autobus\218932712.jpg,autobus,..\..\DATA\dataset\clean
..\..\DATA\datasetv2_TrainClean\clean\savari\216138705.jpg,savari,..\..\DATA\datasetv2_TrainClean\clean
..\..\DATA\dataset\clean\savari\217746881.jpg,savari,..\..\DATA\dataset\clean
..\..\DATA\datasetv2_TrainClean\clean\taxi\218988377.jpg,taxi,..\..\DATA\datasetv2_TrainClean\clean
..\..\DATA\datasetv2_TrainClean\clean\vanet\209060648.jpg,vanet,..\..\DATA\datasetv2_TrainClean\clean
..\..\DATA\datasetv2_TrainClean\clean\taxi\218042131.jpg,taxi,..\..\DATA\datasetv2_TrainClean\clean
..\..\DATA\datasetv2_TrainClean\train\ambulance\218249834.jpg,ambulance,..\..\DATA\datasetv2_TrainClean\train
..\..\DATA\datasetv2_TrainClean\clean\kamyun\218715737.jpg,kamyun,..\..\DATA\datasetv2_TrainClean\clean
..\..\DATA\datasetv2_TrainClean\train\taxi\218056965.jpg,taxi,..\..\DATA\datasetv2_TrainClean\train
..\..\DATA\datasetv2_TrainClean\train\autobus\217145661.jpg,autobus,..\..\DATA\datasetv2_TrainClean\train
..\..\DATA\datasetv2_TrainClean\train\vanet\218511513.jpg,vanet,..\..\DATA\datasetv2_TrainClean\train
..\..\DATA\datasetv2_TrainClean\clean\savari\206793149.jpg,savari,..\..\DATA\datasetv2_TrainClean\clean
..\..\DATA\datasetv2_TrainClean\train\taxi\218320753.jpg,taxi,..\..\DATA\datasetv2_TrainClean\train
..\..\DATA\datasetv2_TrainClean\clean\autobus\216460431.jpg,autobus,..\..\DATA\datasetv2_TrainClean\clean
..\..\DATA\datasetv2_TrainClean\clean\vanet\215880051.jpg,vanet,..\..\DATA\datasetv2_TrainClean\clean
..\..\DATA\dataset\clean\autobus\218907601.jpg,autobus,..\..\DATA\dataset\clean
..\..\DATA\datasetv2_TrainClean\clean\vanet\204725649.jpg,vanet,..\..\DATA\datasetv2_TrainClean\clean
..\..\DATA\dataset\train\vanet\196587192.jpg,vanet,..\..\DATA\dataset\train
..\..\DATA\datasetv2_TrainClean\clean\kamyun\218263496.jpg,kamyun,..\..\DATA\datasetv2_TrainClean\clean
..\..\DATA\datasetv2_TrainClean\train\vanet\199169585.jpg,vanet,..\..\DATA\datasetv2_TrainClean\train
..\..\DATA\datasetv2_TrainClean\clean\taxi\200088909.jpg,taxi,..\..\DATA\datasetv2_TrainClean\clean
..\..\DATA\dataset\train\autobus\215655037.jpg,autobus,..\..\DATA\dataset\train
..\..\DATA\datasetv2_TrainClean\train\kamyun\207402995.jpg,kamyun,..\..\DATA\datasetv2_TrainClean\train
..\..\DATA\datasetv2_TrainClean\clean\vanet\213498106.jpg,vanet,..\..\DATA\datasetv2_TrainClean\clean
..\..\DATA\datasetv2_TrainClean\train\kamyun\217067503.jpg,kamyun,..\..\DATA\datasetv2_TrainClean\train
..\..\DATA\datasetv2_TrainClean\clean\vanet\218879297.jpg,vanet,..\..\DATA\datasetv2_TrainClean\clean
..\..\DATA\dataset\clean\taxi\216780403.jpg,taxi,..\..\DATA\dataset\clean
..\..\DATA\datasetv2_TrainClean\train\minibus\195644491.jpg,minibus,..\..\DATA\datasetv2_TrainClean\train
..\..\DATA\datasetv2_TrainClean\clean\kamyun\217000647.jpg,kamyun,..\..\DATA\datasetv2_TrainClean\clean
..\..\DATA\datasetv2_TrainClean\train\minibus\196386397.jpg,minibus,..\..\DATA\datasetv2_TrainClean\train
..\..\DATA\datasetv2_TrainClean\train\vanet\212286109.jpg,vanet,..\..\DATA\datasetv2_TrainClean\train
..\..\DATA\datasetv2_TrainClean\clean\kamyun\195660529.jpg,kamyun,..\..\DATA\datasetv2_TrainClean\clean
..\..\DATA\datasetv2_TrainClean\clean\autobus\217153827.jpg,autobus,..\..\DATA\datasetv2_TrainClean\clean
..\..\DATA\datasetv2_TrainClean\clean\ambulance\201944291.jpg,ambulance,..\..\DATA\datasetv2_TrainClean\clean
..\..\DATA\datasetv2_TrainClean\clean\vanet\218530330.jpg,vanet,..\..\DATA\datasetv2_TrainClean\clean
..\..\DATA\datasetv2_TrainClean\train\vanet\194936120.jpg,vanet,..\..\DATA\datasetv2_TrainClean\train
..\..\DATA\datasetv2_TrainClean\train\ambulance\215731258.jpg,ambulance,..\..\DATA\datasetv2_TrainClean\train
..\..\DATA\dataset\clean\taxi\215089910.jpg,taxi,..\..\DATA\dataset\clean
..\..\DATA\dataset\train\savari\211781928.jpg,savari,..\..\DATA\dataset\train
..\..\DATA\datasetv2_TrainClean\train\vanet\209919775.jpg,vanet,..\..\DATA\datasetv2_TrainClean\train
..\..\DATA\datasetv2_TrainClean\clean\kamyun\218206526.jpg,kamyun,..\..\DATA\datasetv2_TrainClean\clean
..\..\DATA\datasetv2_TrainClean\train\minibus\205944778.jpg,minibus,..\..\DATA\datasetv2_TrainClean\train
..\..\DATA\datasetv2_TrainClean\clean\autobus\210882256.jpg,autobus,..\..\DATA\datasetv2_TrainClean\clean
..\..\DATA\datasetv2_TrainClean\clean\savari\195552420.jpg,savari,..\..\DATA\datasetv2_TrainClean\clean
..\..\DATA\datasetv2_TrainClean\clean\taxi\215062575.jpg,taxi,..\..\DATA\datasetv2_TrainClean\clean
..\..\DATA\datasetv2_TrainClean\clean\vanet\204210347.jpg,vanet,..\..\DATA\datasetv2_TrainClean\clean
..\..\DATA\datasetv2_TrainClean\clean\savari\209165603.jpg,savari,..\..\DATA\datasetv2_TrainClean\clean
..\..\DATA\datasetv2_TrainClean\train\kamyun\218644842.jpg,kamyun,..\..\DATA\datasetv2_TrainClean\train
..\..\DATA\datasetv2_TrainClean\train\savari\216826110.jpg,savari,..\..\DATA\datasetv2_TrainClean\train
..\..\DATA\datasetv2_TrainClean\clean\savari\209430101.jpg,savari,..\..\DATA\datasetv2_TrainClean\clean
..\..\DATA\datasetv2_TrainClean\train\autobus\216013650.jpg,autobus,..\..\DATA\datasetv2_TrainClean\train
..\..\DATA\dataset\train\autobus\218020051.jpg,autobus,..\..\DATA\dataset\train
..\..\DATA\datasetv2_TrainClean\train\taxi\212538464.jpg,taxi,..\..\DATA\datasetv2_TrainClean\train
..\..\DATA\dataset\clean\vanet\198415918.jpg,vanet,..\..\DATA\dataset\clean
..\..\DATA\datasetv2_TrainClean\clean\taxi\218266883.jpg,taxi,..\..\DATA\datasetv2_TrainClean\clean
..\..\DATA\datasetv2_TrainClean\clean\minibus\216323316.jpg,minibus,..\..\DATA\datasetv2_TrainClean\clean
..\..\DATA\datasetv2_TrainClean\train\kamyun\216963332.jpg,kamyun,..\..\DATA\datasetv2_TrainClean\train
..\..\DATA\datasetv2_TrainClean\clean\vanet\203511630.jpg,vanet,..\..\DATA\datasetv2_TrainClean\clean
..\..\DATA\datasetv2_TrainClean\train\kamyun\216319937.jpg,kamyun,..\..\DATA\datasetv2_TrainClean\train
..\..\DATA\datasetv2_TrainClean\train\minibus\218588746.jpg,minibus,..\..\DATA\datasetv2_TrainClean\train
..\..\DATA\datasetv2_TrainClean\train\vanet\197012948.jpg,vanet,..\..\DATA\datasetv2_TrainClean\train
..\..\DATA\datasetv2_TrainClean\clean\ambulance\219035975.jpg,ambulance,..\..\DATA\datasetv2_TrainClean\clean
..\..\DATA\datasetv2_TrainClean\clean\ambulance\219036698.jpg,ambulance,..\..\DATA\datasetv2_TrainClean\clean
..\..\DATA\datasetv2_TrainClean\clean\kamyun\216616423.jpg,kamyun,..\..\DATA\datasetv2_TrainClean\clean
..\..\DATA\datasetv2_TrainClean\clean\minibus\218784689.jpg,minibus,..\..\DATA\datasetv2_TrainClean\clean
..\..\DATA\datasetv2_TrainClean\train\taxi\216952757.jpg,taxi,..\..\DATA\datasetv2_TrainClean\train
..\..\DATA\datasetv2_TrainClean\clean\vanet\195657144.jpg,vanet,..\..\DATA\datasetv2_TrainClean\clean
..\..\DATA\datasetv2_TrainClean\clean\vanet\218042482.jpg,vanet,..\..\DATA\datasetv2_TrainClean\clean
..\..\DATA\dataset\train\kamyun\218892809.jpg,kamyun,..\..\DATA\dataset\train
..\..\DATA\dataset\clean\minibus\198120481.jpg,minibus,..\..\DATA\dataset\clean
..\..\DATA\datasetv2_TrainClean\clean\autobus\214778708.jpg,autobus,..\..\DATA\datasetv2_TrainClean\clean
..\..\DATA\dataset\clean\kamyun\205904567.jpg,kamyun,..\..\DATA\dataset\clean
..\..\DATA\datasetv2_TrainClean\train\vanet\213201102.jpg,vanet,..\..\DATA\datasetv2_TrainClean\train
..\..\DATA\dataset\train\savari\218777011.jpg,savari,..\..\DATA\dataset\train
..\..\DATA\dataset\clean\vanet\195728454.jpg,vanet,..\..\DATA\dataset\clean
..\..\DATA\datasetv2_TrainClean\clean\ambulance\217782582.jpg,ambulance,..\..\DATA\datasetv2_TrainClean\clean
..\..\DATA\dataset\train\autobus\218405590.jpg,autobus,..\..\DATA\dataset\train
..\..\DATA\dataset\clean\autobus\215642404.jpg,autobus,..\..\DATA\dataset\clean
..\..\DATA\dataset\clean\taxi\216241992.jpg,taxi,..\..\DATA\dataset\clean
..\..\DATA\datasetv2_TrainClean\clean\savari\217567603.jpg,savari,..\..\DATA\datasetv2_TrainClean\clean
..\..\DATA\dataset\clean\ambulance\213495669.jpg,ambulance,..\..\DATA\dataset\clean
..\..\DATA\datasetv2_TrainClean\train\savari\217259942.jpg,savari,..\..\DATA\datasetv2_TrainClean\train
..\..\DATA\datasetv2_TrainClean\clean\taxi\199975006.jpg,taxi,..\..\DATA\datasetv2_TrainClean\clean
..\..\DATA\datasetv2_TrainClean\train\ambulance\213357768.jpg,ambulance,..\..\DATA\datasetv2_TrainClean\train
..\..\DATA\datasetv2_TrainClean\clean\autobus\215504509.jpg,autobus,..\..\DATA\datasetv2_TrainClean\clean
..\..\DATA\datasetv2_TrainClean\train\savari\218584705.jpg,savari,..\..\DATA\datasetv2_TrainClean\train
..\..\DATA\datasetv2_TrainClean\clean\kamyun\214493265.jpg,kamyun,..\..\DATA\datasetv2_TrainClean\clean
..\..\DATA\datasetv2_TrainClean\train\savari\202041863.jpg,savari,..\..\DATA\datasetv2_TrainClean\train
..\..\DATA\datasetv2_TrainClean\train\autobus\218936050.jpg,autobus,..\..\DATA\datasetv2_TrainClean\train
..\..\DATA\dataset\train\ambulance\213801906.jpg,ambulance,..\..\DATA\dataset\train
..\..\DATA\datasetv2_TrainClean\clean\kamyun\215805277.jpg,kamyun,..\..\DATA\datasetv2_TrainClean\clean
..\..\DATA\datasetv2_TrainClean\train\minibus\218984737.jpg,minibus,..\..\DATA\datasetv2_TrainClean\train
..\..\DATA\datasetv2_TrainClean\train\taxi\218811381.jpg,taxi,..\..\DATA\datasetv2_TrainClean\train
..\..\DATA\datasetv2_TrainClean\clean\minibus\216094190.jpg,minibus,..\..\DATA\datasetv2_TrainClean\clean
..\..\DATA\datasetv2_TrainClean\clean\vanet\208115002.jpg,vanet,..\..\DATA\datasetv2_TrainClean\clean
..\..\DATA\datasetv2_TrainClean\clean\vanet\213453392.jpg,vanet,..\..\DATA\datasetv2_TrainClean\clean
..\..\DATA\dataset\clean\savari\217945404.jpg,savari,..\..\DATA\dataset\clean
..\..\DATA\dataset\clean\vanet\209943473.jpg,vanet,..\..\DATA\dataset\clean
..\..\DATA\datasetv2_TrainClean\clean\vanet\215733811.jpg,vanet,..\..\DATA\datasetv2_TrainClean\clean
..\..\DATA\datasetv2_TrainClean\clean\ambulance\215692641.jpg,ambulance,..\..\DATA\datasetv2_TrainClean\clean
..\..\DATA\datasetv2_TrainClean\train\savari\209847217.jpg,savari,..\..\DATA\datasetv2_TrainClean\train
..\..\DATA\datasetv2_TrainClean\clean\kamyun\214806720.jpg,kamyun,..\..\DATA\datasetv2_TrainClean\clean
..\..\DATA\dataset\train\savari\202273928.jpg,savari,..\..\DATA\dataset\train
..\..\DATA\datasetv2_TrainClean\train\taxi\214612979.jpg,taxi,..\..\DATA\datasetv2_TrainClean\train
..\..\DATA\dataset\clean\vanet\195080365.jpg,vanet,..\..\DATA\dataset\clean
..\..\DATA\datasetv2_TrainClean\train\autobus\215321465.jpg,autobus,..\..\DATA\datasetv2_TrainClean\train
..\..\DATA\dataset\clean\ambulance\218197220.jpg,ambulance,..\..\DATA\dataset\clean
..\..\DATA\datasetv2_TrainClean\train\kamyun\216417572.jpg,kamyun,..\..\DATA\datasetv2_TrainClean\train
..\..\DATA\datasetv2_TrainClean\train\kamyun\215772828.jpg,kamyun,..\..\DATA\datasetv2_TrainClean\train
..\..\DATA\dataset\clean\kamyun\218884519.jpg,kamyun,..\..\DATA\dataset\clean
..\..\DATA\dataset\clean\kamyun\216055748.jpg,kamyun,..\..\DATA\dataset\clean
..\..\DATA\datasetv2_TrainClean\train\kamyun\198086630.jpg,kamyun,..\..\DATA\datasetv2_TrainClean\train
..\..\DATA\datasetv2_TrainClean\clean\kamyun\218913388.jpg,kamyun,..\..\DATA\datasetv2_TrainClean\clean
..\..\DATA\datasetv2_TrainClean\train\taxi\214743143.jpg,taxi,..\..\DATA\datasetv2_TrainClean\train
..\..\DATA\datasetv2_TrainClean\clean\kamyun\218391800.jpg,kamyun,..\..\DATA\datasetv2_TrainClean\clean
..\..\DATA\datasetv2_TrainClean\train\kamyun\218977616.jpg,kamyun,..\..\DATA\datasetv2_TrainClean\train
..\..\DATA\datasetv2_TrainClean\clean\taxi\217899602.jpg,taxi,..\..\DATA\datasetv2_TrainClean\clean
..\..\DATA\datasetv2_TrainClean\clean\kamyun\218330500.jpg,kamyun,..\..\DATA\datasetv2_TrainClean\clean
..\..\DATA\datasetv2_TrainClean\clean\taxi\217979957.jpg,taxi,..\..\DATA\datasetv2_TrainClean\clean
..\..\DATA\datasetv2_TrainClean\train\autobus\215918108.jpg,autobus,..\..\DATA\datasetv2_TrainClean\train
..\..\DATA\datasetv2_TrainClean\train\kamyun\215961412.jpg,kamyun,..\..\DATA\datasetv2_TrainClean\train
..\..\DATA\datasetv2_TrainClean\train\vanet\196271519.jpg,vanet,..\..\DATA\datasetv2_TrainClean\train
..\..\DATA\datasetv2_TrainClean\clean\autobus\218754987.jpg,autobus,..\..\DATA\datasetv2_TrainClean\clean
..\..\DATA\datasetv2_TrainClean\clean\minibus\199199766.jpg,minibus,..\..\DATA\datasetv2_TrainClean\clean
..\..\DATA\datasetv2_TrainClean\clean\savari\216757355.jpg,savari,..\..\DATA\datasetv2_TrainClean\clean
..\..\DATA\datasetv2_TrainClean\clean\savari\217339387.jpg,savari,..\..\DATA\datasetv2_TrainClean\clean
..\..\DATA\datasetv2_TrainClean\clean\taxi\212512475.jpg,taxi,..\..\DATA\datasetv2_TrainClean\clean
..\..\DATA\dataset\clean\savari\195800847.jpg,savari,..\..\DATA\dataset\clean
..\..\DATA\datasetv2_TrainClean\train\kamyun\218722185.jpg,kamyun,..\..\DATA\datasetv2_TrainClean\train
..\..\DATA\dataset\clean\ambulance\216082736.jpg,ambulance,..\..\DATA\dataset\clean
..\..\DATA\datasetv2_TrainClean\clean\vanet\216755502.jpg,vanet,..\..\DATA\datasetv2_TrainClean\clean
..\..\DATA\datasetv2_TrainClean\train\kamyun\218259349.jpg,kamyun,..\..\DATA\datasetv2_TrainClean\train
..\..\DATA\datasetv2_TrainClean\train\minibus\215773477.jpg,minibus,..\..\DATA\datasetv2_TrainClean\train
..\..\DATA\dataset\clean\vanet\197880860.jpg,vanet,..\..\DATA\dataset\clean
..\..\DATA\datasetv2_TrainClean\clean\kamyun\218134792.jpg,kamyun,..\..\DATA\datasetv2_TrainClean\clean
..\..\DATA\datasetv2_TrainClean\train\ambulance\216113788.jpg,ambulance,..\..\DATA\datasetv2_TrainClean\train
..\..\DATA\dataset\train\autobus\217999167.jpg,autobus,..\..\DATA\dataset\train
..\..\DATA\datasetv2_TrainClean\train\ambulance\217324168.jpg,ambulance,..\..\DATA\datasetv2_TrainClean\train
..\..\DATA\datasetv2_TrainClean\train\minibus\214381211.jpg,minibus,..\..\DATA\datasetv2_TrainClean\train
..\..\DATA\datasetv2_TrainClean\clean\vanet\212228652.jpg,vanet,..\..\DATA\datasetv2_TrainClean\clean
..\..\DATA\dataset\clean\kamyun\215724393.jpg,kamyun,..\..\DATA\dataset\clean
..\..\DATA\datasetv2_TrainClean\train\minibus\218145621.jpg,minibus,..\..\DATA\datasetv2_TrainClean\train
..\..\DATA\datasetv2_TrainClean\train\savari\218958124.jpg,savari,..\..\DATA\datasetv2_TrainClean\train
..\..\DATA\dataset\train\kamyun\216104417.jpg,kamyun,..\..\DATA\dataset\train
..\..\DATA\datasetv2_TrainClean\clean\taxi\215712033.jpg,taxi,..\..\DATA\datasetv2_TrainClean\clean
..\..\DATA\datasetv2_TrainClean\clean\taxi\216835817.jpg,taxi,..\..\DATA\datasetv2_TrainClean\clean
..\..\DATA\datasetv2_TrainClean\clean\ambulance\216771004.jpg,ambulance,..\..\DATA\datasetv2_TrainClean\clean
..\..\DATA\dataset\clean\minibus\194328969.jpg,minibus,..\..\DATA\dataset\clean
..\..\DATA\datasetv2_TrainClean\train\savari\217664284.jpg,savari,..\..\DATA\datasetv2_TrainClean\train
..\..\DATA\datasetv2_TrainClean\clean\minibus\215774280.jpg,minibus,..\..\DATA\datasetv2_TrainClean\clean
..\..\DATA\dataset\train\minibus\215113899.jpg,minibus,..\..\DATA\dataset\train
..\..\DATA\datasetv2_TrainClean\clean\vanet\197223393.jpg,vanet,..\..\DATA\datasetv2_TrainClean\clean
..\..\DATA\datasetv2_TrainClean\train\taxi\213163041.jpg,taxi,..\..\DATA\datasetv2_TrainClean\train
..\..\DATA\datasetv2_TrainClean\clean\kamyun\218451178.jpg,kamyun,..\..\DATA\datasetv2_TrainClean\clean
..\..\DATA\datasetv2_TrainClean\train\vanet\198361421.jpg,vanet,..\..\DATA\datasetv2_TrainClean\train
..\..\DATA\datasetv2_TrainClean\train\taxi\200643840.jpg,taxi,..\..\DATA\datasetv2_TrainClean\train
..\..\DATA\datasetv2_TrainClean\train\vanet\198083699.jpg,vanet,..\..\DATA\datasetv2_TrainClean\train
..\..\DATA\datasetv2_TrainClean\clean\vanet\217426680.jpg,vanet,..\..\DATA\datasetv2_TrainClean\clean
..\..\DATA\datasetv2_TrainClean\train\kamyun\212046691.jpg,kamyun,..\..\DATA\datasetv2_TrainClean\train
..\..\DATA\dataset\train\kamyun\216738258.jpg,kamyun,..\..\DATA\dataset\train
..\..\DATA\datasetv2_TrainClean\train\ambulance\216018033.jpg,ambulance,..\..\DATA\datasetv2_TrainClean\train
..\..\DATA\datasetv2_TrainClean\clean\savari\214729380.jpg,savari,..\..\DATA\datasetv2_TrainClean\clean
..\..\DATA\datasetv2_TrainClean\clean\taxi\200264885.jpg,taxi,..\..\DATA\datasetv2_TrainClean\clean
..\..\DATA\dataset\clean\kamyun\195416036.jpg,kamyun,..\..\DATA\dataset\clean
..\..\DATA\dataset\clean\kamyun\215976288.jpg,kamyun,..\..\DATA\dataset\clean
..\..\DATA\datasetv2_TrainClean\train\kamyun\215121872.jpg,kamyun,..\..\DATA\datasetv2_TrainClean\train
..\..\DATA\datasetv2_TrainClean\clean\kamyun\215809652.jpg,kamyun,..\..\DATA\datasetv2_TrainClean\clean
..\..\DATA\datasetv2_TrainClean\train\taxi\214804869.jpg,taxi,..\..\DATA\datasetv2_TrainClean\train
..\..\DATA\datasetv2_TrainClean\train\taxi\211856112.jpg,taxi,..\..\DATA\datasetv2_TrainClean\train
..\..\DATA\dataset\train\autobus\215865900.jpg,autobus,..\..\DATA\dataset\train
..\..\DATA\dataset\clean\autobus\216159953.jpg,autobus,..\..\DATA\dataset\clean
..\..\DATA\dataset\train\taxi\218948357.jpg,taxi,..\..\DATA\dataset\train
..\..\DATA\datasetv2_TrainClean\train\kamyun\215692883.jpg,kamyun,..\..\DATA\datasetv2_TrainClean\train
..\..\DATA\datasetv2_TrainClean\train\minibus\214045254.jpg,minibus,..\..\DATA\datasetv2_TrainClean\train
..\..\DATA\datasetv2_TrainClean\clean\vanet\208270780.jpg,vanet,..\..\DATA\datasetv2_TrainClean\clean
..\..\DATA\datasetv2_TrainClean\train\taxi\214738834.jpg,taxi,..\..\DATA\datasetv2_TrainClean\train
..\..\DATA\datasetv2_TrainClean\train\autobus\218884742.jpg,autobus,..\..\DATA\datasetv2_TrainClean\train
..\..\DATA\datasetv2_TrainClean\clean\kamyun\217187069.jpg,kamyun,..\..\DATA\datasetv2_TrainClean\clean
..\..\DATA\datasetv2_TrainClean\train\vanet\213213974.jpg,vanet,..\..\DATA\datasetv2_TrainClean\train
..\..\DATA\datasetv2_TrainClean\clean\kamyun\218990997.jpg,kamyun,..\..\DATA\datasetv2_TrainClean\clean
..\..\DATA\datasetv2_TrainClean\clean\savari\206138343.jpg,savari,..\..\DATA\datasetv2_TrainClean\clean
..\..\DATA\datasetv2_TrainClean\train\kamyun\215612697.jpg,kamyun,..\..\DATA\datasetv2_TrainClean\train
..\..\DATA\dataset\train\minibus\218022337.jpg,minibus,..\..\DATA\dataset\train
..\..\DATA\dataset\clean\savari\217408734.jpg,savari,..\..\DATA\dataset\clean
..\..\DATA\datasetv2_TrainClean\train\kamyun\217203031.jpg,kamyun,..\..\DATA\datasetv2_TrainClean\train
..\..\DATA\datasetv2_TrainClean\clean\vanet\194260851.jpg,vanet,..\..\DATA\datasetv2_TrainClean\clean
..\..\DATA\datasetv2_TrainClean\clean\taxi\217501689.jpg,taxi,..\..\DATA\datasetv2_TrainClean\clean
..\..\DATA\datasetv2_TrainClean\clean\taxi\214543438.jpg,taxi,..\..\DATA\datasetv2_TrainClean\clean
..\..\DATA\datasetv2_TrainClean\clean\minibus\218142111.jpg,minibus,..\..\DATA\datasetv2_TrainClean\clean
..\..\DATA\dataset\clean\kamyun\217739639.jpg,kamyun,..\..\DATA\dataset\clean
..\..\DATA\datasetv2_TrainClean\train\vanet\209937838.jpg,vanet,..\..\DATA\datasetv2_TrainClean\train
..\..\DATA\datasetv2_TrainClean\train\savari\216858353.jpg,savari,..\..\DATA\datasetv2_TrainClean\train
..\..\DATA\datasetv2_TrainClean\train\autobus\210328665.jpg,autobus,..\..\DATA\datasetv2_TrainClean\train
..\..\DATA\dataset\clean\kamyun\218375873.jpg,kamyun,..\..\DATA\dataset\clean
..\..\DATA\datasetv2_TrainClean\clean\autobus\216967854.jpg,autobus,..\..\DATA\datasetv2_TrainClean\clean
..\..\DATA\datasetv2_TrainClean\clean\taxi\216369226.jpg,taxi,..\..\DATA\datasetv2_TrainClean\clean
..\..\DATA\datasetv2_TrainClean\clean\autobus\200139637.jpg,autobus,..\..\DATA\datasetv2_TrainClean\clean
..\..\DATA\datasetv2_TrainClean\clean\taxi\212746503.jpg,taxi,..\..\DATA\datasetv2_TrainClean\clean
..\..\DATA\datasetv2_TrainClean\clean\kamyun\216761927.jpg,kamyun,..\..\DATA\datasetv2_TrainClean\clean
..\..\DATA\dataset\train\ambulance\216840747.jpg,ambulance,..\..\DATA\dataset\train
..\..\DATA\datasetv2_TrainClean\clean\kamyun\216454111.jpg,kamyun,..\..\DATA\datasetv2_TrainClean\clean
..\..\DATA\datasetv2_TrainClean\clean\kamyun\217558245.jpg,kamyun,..\..\DATA\datasetv2_TrainClean\clean
..\..\DATA\datasetv2_TrainClean\train\minibus\216680958.jpg,minibus,..\..\DATA\datasetv2_TrainClean\train
..\..\DATA\datasetv2_TrainClean\clean\taxi\218106502.jpg,taxi,..\..\DATA\datasetv2_TrainClean\clean
..\..\DATA\dataset\clean\savari\206190231.jpg,savari,..\..\DATA\dataset\clean
..\..\DATA\datasetv2_TrainClean\clean\kamyun\218307800.jpg,kamyun,..\..\DATA\datasetv2_TrainClean\clean
..\..\DATA\datasetv2_TrainClean\train\ambulance\215922180.jpg,ambulance,..\..\DATA\datasetv2_TrainClean\train
..\..\DATA\datasetv2_TrainClean\clean\kamyun\215762954.jpg,kamyun,..\..\DATA\datasetv2_TrainClean\clean
..\..\DATA\dataset\train\vanet\216107182.jpg,vanet,..\..\DATA\dataset\train
..\..\DATA\datasetv2_TrainClean\train\minibus\216667781.jpg,minibus,..\..\DATA\datasetv2_TrainClean\train
..\..\DATA\datasetv2_TrainClean\clean\vanet\197826422.jpg,vanet,..\..\DATA\datasetv2_TrainClean\clean
..\..\DATA\dataset\clean\vanet\217207555.jpg,vanet,..\..\DATA\dataset\clean
..\..\DATA\dataset\clean\kamyun\216972904.jpg,kamyun,..\..\DATA\dataset\clean
..\..\DATA\datasetv2_TrainClean\clean\kamyun\218007427.jpg,kamyun,..\..\DATA\datasetv2_TrainClean\clean
..\..\DATA\datasetv2_TrainClean\clean\vanet\217352815.jpg,vanet,..\..\DATA\datasetv2_TrainClean\clean
..\..\DATA\datasetv2_TrainClean\clean\kamyun\218983235.jpg,kamyun,..\..\DATA\datasetv2_TrainClean\clean
..\..\DATA\datasetv2_TrainClean\train\minibus\218732172.jpg,minibus,..\..\DATA\datasetv2_TrainClean\train
..\..\DATA\datasetv2_TrainClean\clean\taxi\217360055.jpg,taxi,..\..\DATA\datasetv2_TrainClean\clean
..\..\DATA\datasetv2_TrainClean\train\taxi\217054704.jpg,taxi,..\..\DATA\datasetv2_TrainClean\train
..\..\DATA\dataset\train\ambulance\203158523.jpg,ambulance,..\..\DATA\dataset\train
..\..\DATA\datasetv2_TrainClean\train\minibus\218608623.jpg,minibus,..\..\DATA\datasetv2_TrainClean\train
..\..\DATA\datasetv2_TrainClean\clean\kamyun\215576573.jpg,kamyun,..\..\DATA\datasetv2_TrainClean\clean
..\..\DATA\datasetv2_TrainClean\train\ambulance\217043669.jpg,ambulance,..\..\DATA\datasetv2_TrainClean\train
..\..\DATA\datasetv2_TrainClean\train\kamyun\218984813.jpg,kamyun,..\..\DATA\datasetv2_TrainClean\train
..\..\DATA\datasetv2_TrainClean\clean\taxi\218182821.jpg,taxi,..\..\DATA\datasetv2_TrainClean\clean
..\..\DATA\datasetv2_TrainClean\clean\vanet\212946567.jpg,vanet,..\..\DATA\datasetv2_TrainClean\clean
..\..\DATA\datasetv2_TrainClean\clean\kamyun\216930847.jpg,kamyun,..\..\DATA\datasetv2_TrainClean\clean
..\..\DATA\datasetv2_TrainClean\clean\savari\208507398.jpg,savari,..\..\DATA\datasetv2_TrainClean\clean
..\..\DATA\datasetv2_TrainClean\clean\autobus\215129619.jpg,autobus,..\..\DATA\datasetv2_TrainClean\clean
..\..\DATA\datasetv2_TrainClean\train\kamyun\194252891.jpg,kamyun,..\..\DATA\datasetv2_TrainClean\train
..\..\DATA\dataset\train\taxi\217233737.jpg,taxi,..\..\DATA\dataset\train
..\..\DATA\datasetv2_TrainClean\train\kamyun\217008914.jpg,kamyun,..\..\DATA\datasetv2_TrainClean\train
..\..\DATA\datasetv2_TrainClean\train\ambulance\211996658.jpg,ambulance,..\..\DATA\datasetv2_TrainClean\train
..\..\DATA\dataset\train\kamyun\216589057.jpg,kamyun,..\..\DATA\dataset\train
..\..\DATA\datasetv2_TrainClean\clean\vanet\207684145.jpg,vanet,..\..\DATA\datasetv2_TrainClean\clean
..\..\DATA\datasetv2_TrainClean\train\savari\218220982.jpg,savari,..\..\DATA\datasetv2_TrainClean\train
..\..\DATA\dataset\train\kamyun\218698955.jpg,kamyun,..\..\DATA\dataset\train
..\..\DATA\datasetv2_TrainClean\clean\savari\215925240.jpg,savari,..\..\DATA\datasetv2_TrainClean\clean
..\..\DATA\datasetv2_TrainClean\train\taxi\216587611.jpg,taxi,..\..\DATA\datasetv2_TrainClean\train
..\..\DATA\dataset\clean\vanet\211683675.jpg,vanet,..\..\DATA\dataset\clean
..\..\DATA\datasetv2_TrainClean\clean\kamyun\207502063.jpg,kamyun,..\..\DATA\datasetv2_TrainClean\clean
..\..\DATA\datasetv2_TrainClean\train\vanet\208129801.jpg,vanet,..\..\DATA\datasetv2_TrainClean\train
..\..\DATA\datasetv2_TrainClean\clean\kamyun\216916842.jpg,kamyun,..\..\DATA\datasetv2_TrainClean\clean
..\..\DATA\datasetv2_TrainClean\train\kamyun\209724949.jpg,kamyun,..\..\DATA\datasetv2_TrainClean\train
..\..\DATA\datasetv2_TrainClean\clean\taxi\215575671.jpg,taxi,..\..\DATA\datasetv2_TrainClean\clean
..\..\DATA\dataset\clean\taxi\217967703.jpg,taxi,..\..\DATA\dataset\clean
..\..\DATA\datasetv2_TrainClean\clean\vanet\207748261.jpg,vanet,..\..\DATA\datasetv2_TrainClean\clean
..\..\DATA\datasetv2_TrainClean\train\kamyun\216019031.jpg,kamyun,..\..\DATA\datasetv2_TrainClean\train
..\..\DATA\datasetv2_TrainClean\clean\taxi\218769647.jpg,taxi,..\..\DATA\datasetv2_TrainClean\clean
..\..\DATA\datasetv2_TrainClean\train\vanet\202926245.jpg,vanet,..\..\DATA\datasetv2_TrainClean\train
..\..\DATA\datasetv2_TrainClean\train\kamyun\218555708.jpg,kamyun,..\..\DATA\datasetv2_TrainClean\train
..\..\DATA\datasetv2_TrainClean\clean\savari\218315298.jpg,savari,..\..\DATA\datasetv2_TrainClean\clean
..\..\DATA\dataset\train\vanet\198628181.jpg,vanet,..\..\DATA\dataset\train
..\..\DATA\datasetv2_TrainClean\clean\taxi\218306921.jpg,taxi,..\..\DATA\datasetv2_TrainClean\clean
..\..\DATA\datasetv2_TrainClean\clean\vanet\196908180.jpg,vanet,..\..\DATA\datasetv2_TrainClean\clean
..\..\DATA\datasetv2_TrainClean\clean\autobus\216720717.jpg,autobus,..\..\DATA\datasetv2_TrainClean\clean
..\..\DATA\datasetv2_TrainClean\train\savari\216423320.jpg,savari,..\..\DATA\datasetv2_TrainClean\train
..\..\DATA\dataset\train\autobus\218505266.jpg,autobus,..\..\DATA\dataset\train
..\..\DATA\datasetv2_TrainClean\train\taxi\212354100.jpg,taxi,..\..\DATA\datasetv2_TrainClean\train
..\..\DATA\datasetv2_TrainClean\train\vanet\212130689.jpg,vanet,..\..\DATA\datasetv2_TrainClean\train
..\..\DATA\datasetv2_TrainClean\clean\vanet\195148040.jpg,vanet,..\..\DATA\datasetv2_TrainClean\clean
..\..\DATA\datasetv2_TrainClean\train\minibus\205940443.jpg,minibus,..\..\DATA\datasetv2_TrainClean\train
..\..\DATA\datasetv2_TrainClean\train\minibus\217196726.jpg,minibus,..\..\DATA\datasetv2_TrainClean\train
..\..\DATA\datasetv2_TrainClean\clean\autobus\218755990.jpg,autobus,..\..\DATA\datasetv2_TrainClean\clean
..\..\DATA\datasetv2_TrainClean\train\savari\215962276.jpg,savari,..\..\DATA\datasetv2_TrainClean\train
..\..\DATA\dataset\train\savari\216662449.jpg,savari,..\..\DATA\dataset\train
..\..\DATA\datasetv2_TrainClean\train\kamyun\216857360.jpg,kamyun,..\..\DATA\datasetv2_TrainClean\train
..\..\DATA\datasetv2_TrainClean\clean\autobus\198482481.jpg,autobus,..\..\DATA\datasetv2_TrainClean\clean
..\..\DATA\datasetv2_TrainClean\clean\autobus\196595859.jpg,autobus,..\..\DATA\datasetv2_TrainClean\clean
..\..\DATA\datasetv2_TrainClean\train\vanet\199953375.jpg,vanet,..\..\DATA\datasetv2_TrainClean\train
..\..\DATA\datasetv2_TrainClean\clean\ambulance\198197588.jpg,ambulance,..\..\DATA\datasetv2_TrainClean\clean
..\..\DATA\datasetv2_TrainClean\train\vanet\206177192.jpg,vanet,..\..\DATA\datasetv2_TrainClean\train
..\..\DATA\datasetv2_TrainClean\train\minibus\218681641.jpg,minibus,..\..\DATA\datasetv2_TrainClean\train
..\..\DATA\datasetv2_TrainClean\train\vanet\208635729.jpg,vanet,..\..\DATA\datasetv2_TrainClean\train
..\..\DATA\datasetv2_TrainClean\clean\taxi\218010664.jpg,taxi,..\..\DATA\datasetv2_TrainClean\clean
..\..\DATA\datasetv2_TrainClean\train\vanet\218980394.jpg,vanet,..\..\DATA\datasetv2_TrainClean\train
..\..\DATA\dataset\clean\minibus\214507352.jpg,minibus,..\..\DATA\dataset\clean
..\..\DATA\datasetv2_TrainClean\clean\kamyun\218492318.jpg,kamyun,..\..\DATA\datasetv2_TrainClean\clean
..\..\DATA\datasetv2_TrainClean\clean\taxi\218776391.jpg,taxi,..\..\DATA\datasetv2_TrainClean\clean
..\..\DATA\datasetv2_TrainClean\train\ambulance\218308494.jpg,ambulance,..\..\DATA\datasetv2_TrainClean\train
..\..\DATA\datasetv2_TrainClean\clean\kamyun\216849455.jpg,kamyun,..\..\DATA\datasetv2_TrainClean\clean
..\..\DATA\datasetv2_TrainClean\train\kamyun\217914514.jpg,kamyun,..\..\DATA\datasetv2_TrainClean\train
..\..\DATA\dataset\train\kamyun\218753345.jpg,kamyun,..\..\DATA\dataset\train
..\..\DATA\dataset\train\minibus\198398123.jpg,minibus,..\..\DATA\dataset\train
..\..\DATA\dataset\clean\savari\205048854.jpg,savari,..\..\DATA\dataset\clean
..\..\DATA\datasetv2_TrainClean\clean\taxi\215608527.jpg,taxi,..\..\DATA\datasetv2_TrainClean\clean
..\..\DATA\datasetv2_TrainClean\clean\kamyun\218259112.jpg,kamyun,..\..\DATA\datasetv2_TrainClean\clean
..\..\DATA\datasetv2_TrainClean\clean\savari\216657566.jpg,savari,..\..\DATA\datasetv2_TrainClean\clean
..\..\DATA\datasetv2_TrainClean\clean\vanet\215780374.jpg,vanet,..\..\DATA\datasetv2_TrainClean\clean
..\..\DATA\datasetv2_TrainClean\train\taxi\218580315.jpg,taxi,..\..\DATA\datasetv2_TrainClean\train
..\..\DATA\datasetv2_TrainClean\clean\minibus\218938634.jpg,minibus,..\..\DATA\datasetv2_TrainClean\clean
..\..\DATA\datasetv2_TrainClean\clean\vanet\215717560.jpg,vanet,..\..\DATA\datasetv2_TrainClean\clean
..\..\DATA\dataset\clean\savari\217561081.jpg,savari,..\..\DATA\dataset\clean
..\..\DATA\dataset\clean\savari\206644295.jpg,savari,..\..\DATA\dataset\clean
..\..\DATA\datasetv2_TrainClean\clean\taxi\218399607.jpg,taxi,..\..\DATA\datasetv2_TrainClean\clean
..\..\DATA\datasetv2_TrainClean\train\taxi\218944731.jpg,taxi,..\..\DATA\datasetv2_TrainClean\train
..\..\DATA\datasetv2_TrainClean\clean\kamyun\217922047.jpg,kamyun,..\..\DATA\datasetv2_TrainClean\clean
..\..\DATA\dataset\clean\savari\210680167.jpg,savari,..\..\DATA\dataset\clean
..\..\DATA\dataset\train\kamyun\214284950.jpg,kamyun,..\..\DATA\dataset\train
..\..\DATA\datasetv2_TrainClean\train\kamyun\216835885.jpg,kamyun,..\..\DATA\datasetv2_TrainClean\train
..\..\DATA\datasetv2_TrainClean\train\kamyun\219107667.jpg,kamyun,..\..\DATA\datasetv2_TrainClean\train
..\..\DATA\dataset\train\vanet\197838737.jpg,vanet,..\..\DATA\dataset\train
..\..\DATA\dataset\train\taxi\218748243.jpg,taxi,..\..\DATA\dataset\train
..\..\DATA\datasetv2_TrainClean\train\vanet\199392072.jpg,vanet,..\..\DATA\datasetv2_TrainClean\train
..\..\DATA\datasetv2_TrainClean\clean\savari\217283312.jpg,savari,..\..\DATA\datasetv2_TrainClean\clean
..\..\DATA\datasetv2_TrainClean\train\vanet\214716307.jpg,vanet,..\..\DATA\datasetv2_TrainClean\train
..\..\DATA\datasetv2_TrainClean\clean\autobus\214366241.jpg,autobus,..\..\DATA\datasetv2_TrainClean\clean
..\..\DATA\datasetv2_TrainClean\train\taxi\217814325.jpg,taxi,..\..\DATA\datasetv2_TrainClean\train
..\..\DATA\datasetv2_TrainClean\clean\minibus\206182725.jpg,minibus,..\..\DATA\datasetv2_TrainClean\clean
..\..\DATA\dataset\train\taxi\218685986.jpg,taxi,..\..\DATA\dataset\train
..\..\DATA\datasetv2_TrainClean\train\autobus\216485879.jpg,autobus,..\..\DATA\datasetv2_TrainClean\train
..\..\DATA\datasetv2_TrainClean\clean\autobus\216279911.jpg,autobus,..\..\DATA\datasetv2_TrainClean\clean
..\..\DATA\datasetv2_TrainClean\clean\autobus\197331533.jpg,autobus,..\..\DATA\datasetv2_TrainClean\clean
..\..\DATA\datasetv2_TrainClean\train\taxi\216532535.jpg,taxi,..\..\DATA\datasetv2_TrainClean\train
..\..\DATA\datasetv2_TrainClean\train\kamyun\218929209.jpg,kamyun,..\..\DATA\datasetv2_TrainClean\train
..\..\DATA\dataset\train\kamyun\216591450.jpg,kamyun,..\..\DATA\dataset\train
..\..\DATA\dataset\clean\kamyun\218571589.jpg,kamyun,..\..\DATA\dataset\clean
..\..\DATA\datasetv2_TrainClean\train\ambulance\218816506.jpg,ambulance,..\..\DATA\datasetv2_TrainClean\train
..\..\DATA\datasetv2_TrainClean\train\taxi\214628757.jpg,taxi,..\..\DATA\datasetv2_TrainClean\train
..\..\DATA\datasetv2_TrainClean\train\minibus\216326170.jpg,minibus,..\..\DATA\datasetv2_TrainClean\train
..\..\DATA\datasetv2_TrainClean\train\taxi\217627944.jpg,taxi,..\..\DATA\datasetv2_TrainClean\train
..\..\DATA\datasetv2_TrainClean\clean\vanet\193796538.jpg,vanet,..\..\DATA\datasetv2_TrainClean\clean
..\..\DATA\datasetv2_TrainClean\clean\savari\218311049.jpg,savari,..\..\DATA\datasetv2_TrainClean\clean
..\..\DATA\datasetv2_TrainClean\train\kamyun\215119243.jpg,kamyun,..\..\DATA\datasetv2_TrainClean\train
..\..\DATA\dataset\train\taxi\197362638.jpg,taxi,..\..\DATA\dataset\train
..\..\DATA\datasetv2_TrainClean\train\savari\216562677.jpg,savari,..\..\DATA\datasetv2_TrainClean\train
..\..\DATA\dataset\clean\autobus\218800911.jpg,autobus,..\..\DATA\dataset\clean
..\..\DATA\datasetv2_TrainClean\train\taxi\217093155.jpg,taxi,..\..\DATA\datasetv2_TrainClean\train
..\..\DATA\datasetv2_TrainClean\clean\kamyun\216575329.jpg,kamyun,..\..\DATA\datasetv2_TrainClean\clean
..\..\DATA\dataset\train\kamyun\213479569.jpg,kamyun,..\..\DATA\dataset\train
..\..\DATA\datasetv2_TrainClean\clean\kamyun\218906408.jpg,kamyun,..\..\DATA\datasetv2_TrainClean\clean
..\..\DATA\dataset\clean\kamyun\199279799.jpg,kamyun,..\..\DATA\dataset\clean
..\..\DATA\datasetv2_TrainClean\train\minibus\206066058.jpg,minibus,..\..\DATA\datasetv2_TrainClean\train
..\..\DATA\datasetv2_TrainClean\train\minibus\216428820.jpg,minibus,..\..\DATA\datasetv2_TrainClean\train
..\..\DATA\datasetv2_TrainClean\train\taxi\211667354.jpg,taxi,..\..\DATA\datasetv2_TrainClean\train
..\..\DATA\datasetv2_TrainClean\clean\minibus\216196368.jpg,minibus,..\..\DATA\datasetv2_TrainClean\clean
..\..\DATA\datasetv2_TrainClean\train\kamyun\215847280.jpg,kamyun,..\..\DATA\datasetv2_TrainClean\train
..\..\DATA\datasetv2_TrainClean\clean\vanet\198555767.jpg,vanet,..\..\DATA\datasetv2_TrainClean\clean
..\..\DATA\datasetv2_TrainClean\clean\vanet\195718438.jpg,vanet,..\..\DATA\datasetv2_TrainClean\clean
..\..\DATA\dataset\train\vanet\214844236.jpg,vanet,..\..\DATA\dataset\train
..\..\DATA\dataset\clean\autobus\215856085.jpg,autobus,..\..\DATA\dataset\clean
..\..\DATA\datasetv2_TrainClean\clean\ambulance\215068423.jpg,ambulance,..\..\DATA\datasetv2_TrainClean\clean
..\..\DATA\datasetv2_TrainClean\clean\savari\198541116.jpg,savari,..\..\DATA\datasetv2_TrainClean\clean
..\..\DATA\datasetv2_TrainClean\train\savari\218187376.jpg,savari,..\..\DATA\datasetv2_TrainClean\train
..\..\DATA\datasetv2_TrainClean\clean\kamyun\214646142.jpg,kamyun,..\..\DATA\datasetv2_TrainClean\clean
..\..\DATA\dataset\clean\savari\205865817.jpg,savari,..\..\DATA\dataset\clean
..\..\DATA\datasetv2_TrainClean\train\kamyun\212033747.jpg,kamyun,..\..\DATA\datasetv2_TrainClean\train
..\..\DATA\datasetv2_TrainClean\clean\vanet\206019581.jpg,vanet,..\..\DATA\datasetv2_TrainClean\clean
..\..\DATA\datasetv2_TrainClean\clean\savari\216565316.jpg,savari,..\..\DATA\datasetv2_TrainClean\clean
..\..\DATA\datasetv2_TrainClean\train\autobus\209549928.jpg,autobus,..\..\DATA\datasetv2_TrainClean\train
..\..\DATA\datasetv2_TrainClean\train\ambulance\215799618.jpg,ambulance,..\..\DATA\datasetv2_TrainClean\train
..\..\DATA\datasetv2_TrainClean\clean\vanet\218870355.jpg,vanet,..\..\DATA\datasetv2_TrainClean\clean
..\..\DATA\datasetv2_TrainClean\clean\taxi\215162820.jpg,taxi,..\..\DATA\datasetv2_TrainClean\clean
..\..\DATA\dataset\clean\vanet\207200870.jpg,vanet,..\..\DATA\dataset\clean
..\..\DATA\dataset\train\kamyun\215888901.jpg,kamyun,..\..\DATA\dataset\train
..\..\DATA\datasetv2_TrainClean\train\kamyun\218018334.jpg,kamyun,..\..\DATA\datasetv2_TrainClean\train
..\..\DATA\datasetv2_TrainClean\clean\vanet\206621017.jpg,vanet,..\..\DATA\datasetv2_TrainClean\clean
..\..\DATA\datasetv2_TrainClean\train\kamyun\218410038.jpg,kamyun,..\..\DATA\datasetv2_TrainClean\train
..\..\DATA\datasetv2_TrainClean\train\autobus\218833342.jpg,autobus,..\..\DATA\datasetv2_TrainClean\train
..\..\DATA\datasetv2_TrainClean\train\kamyun\217143476.jpg,kamyun,..\..\DATA\datasetv2_TrainClean\train
..\..\DATA\dataset\clean\vanet\197551635.jpg,vanet,..\..\DATA\dataset\clean
..\..\DATA\datasetv2_TrainClean\train\vanet\197526482.jpg,vanet,..\..\DATA\datasetv2_TrainClean\train
..\..\DATA\datasetv2_TrainClean\train\kamyun\218137882.jpg,kamyun,..\..\DATA\datasetv2_TrainClean\train
..\..\DATA\datasetv2_TrainClean\clean\vanet\212037438.jpg,vanet,..\..\DATA\datasetv2_TrainClean\clean
..\..\DATA\datasetv2_TrainClean\train\kamyun\216538122.jpg,kamyun,..\..\DATA\datasetv2_TrainClean\train
..\..\DATA\datasetv2_TrainClean\clean\savari\214832756.jpg,savari,..\..\DATA\datasetv2_TrainClean\clean
..\..\DATA\datasetv2_TrainClean\train\autobus\218667916.jpg,autobus,..\..\DATA\datasetv2_TrainClean\train
..\..\DATA\datasetv2_TrainClean\train\vanet\195136808.jpg,vanet,..\..\DATA\datasetv2_TrainClean\train
..\..\DATA\dataset\clean\kamyun\216484088.jpg,kamyun,..\..\DATA\dataset\clean
..\..\DATA\datasetv2_TrainClean\train\savari\216899188.jpg,savari,..\..\DATA\datasetv2_TrainClean\train
..\..\DATA\datasetv2_TrainClean\train\taxi\195141634.jpg,taxi,..\..\DATA\datasetv2_TrainClean\train
..\..\DATA\datasetv2_TrainClean\clean\ambulance\218166278.jpg,ambulance,..\..\DATA\datasetv2_TrainClean\clean
..\..\DATA\dataset\clean\vanet\216752426.jpg,vanet,..\..\DATA\dataset\clean
..\..\DATA\datasetv2_TrainClean\clean\kamyun\216941617.jpg,kamyun,..\..\DATA\datasetv2_TrainClean\clean
..\..\DATA\datasetv2_TrainClean\clean\kamyun\218510929.jpg,kamyun,..\..\DATA\datasetv2_TrainClean\clean
..\..\DATA\datasetv2_TrainClean\clean\minibus\215614242.jpg,minibus,..\..\DATA\datasetv2_TrainClean\clean
..\..\DATA\datasetv2_TrainClean\clean\taxi\215179571.jpg,taxi,..\..\DATA\datasetv2_TrainClean\clean
..\..\DATA\datasetv2_TrainClean\train\savari\211521907.jpg,savari,..\..\DATA\datasetv2_TrainClean\train
..\..\DATA\datasetv2_TrainClean\clean\ambulance\213231064.jpg,ambulance,..\..\DATA\datasetv2_TrainClean\clean
..\..\DATA\datasetv2_TrainClean\clean\taxi\211928111.jpg,taxi,..\..\DATA\datasetv2_TrainClean\clean
..\..\DATA\datasetv2_TrainClean\clean\minibus\215757162.jpg,minibus,..\..\DATA\datasetv2_TrainClean\clean
..\..\DATA\datasetv2_TrainClean\train\minibus\218317977.jpg,minibus,..\..\DATA\datasetv2_TrainClean\train
..\..\DATA\datasetv2_TrainClean\clean\kamyun\218981964.jpg,kamyun,..\..\DATA\datasetv2_TrainClean\clean
..\..\DATA\datasetv2_TrainClean\train\minibus\216736913.jpg,minibus,..\..\DATA\datasetv2_TrainClean\train
..\..\DATA\datasetv2_TrainClean\clean\savari\214764331.jpg,savari,..\..\DATA\datasetv2_TrainClean\clean
..\..\DATA\datasetv2_TrainClean\train\vanet\200609458.jpg,vanet,..\..\DATA\datasetv2_TrainClean\train
..\..\DATA\datasetv2_TrainClean\train\minibus\203677139.jpg,minibus,..\..\DATA\datasetv2_TrainClean\train
..\..\DATA\dataset\train\ambulance\216673206.jpg,ambulance,..\..\DATA\dataset\train
..\..\DATA\datasetv2_TrainClean\train\savari\216624283.jpg,savari,..\..\DATA\datasetv2_TrainClean\train
..\..\DATA\datasetv2_TrainClean\clean\kamyun\215805284.jpg,kamyun,..\..\DATA\datasetv2_TrainClean\clean
..\..\DATA\datasetv2_TrainClean\train\minibus\215985546.jpg,minibus,..\..\DATA\datasetv2_TrainClean\train
..\..\DATA\dataset\clean\kamyun\218490161.jpg,kamyun,..\..\DATA\dataset\clean
..\..\DATA\datasetv2_TrainClean\clean\vanet\199525188.jpg,vanet,..\..\DATA\datasetv2_TrainClean\clean
..\..\DATA\dataset\train\kamyun\217156552.jpg,kamyun,..\..\DATA\dataset\train
..\..\DATA\dataset\clean\vanet\206134330.jpg,vanet,..\..\DATA\dataset\clean
..\..\DATA\datasetv2_TrainClean\train\kamyun\218324130.jpg,kamyun,..\..\DATA\datasetv2_TrainClean\train
..\..\DATA\datasetv2_TrainClean\train\vanet\219037231.jpg,vanet,..\..\DATA\datasetv2_TrainClean\train
..\..\DATA\datasetv2_TrainClean\clean\vanet\217401649.jpg,vanet,..\..\DATA\datasetv2_TrainClean\clean
..\..\DATA\dataset\train\savari\206573249.jpg,savari,..\..\DATA\dataset\train
..\..\DATA\dataset\train\taxi\216209734.jpg,taxi,..\..\DATA\dataset\train
..\..\DATA\dataset\clean\ambulance\212921984.jpg,ambulance,..\..\DATA\dataset\clean
..\..\DATA\dataset\train\ambulance\214425638.jpg,ambulance,..\..\DATA\dataset\train
..\..\DATA\datasetv2_TrainClean\clean\kamyun\217382212.jpg,kamyun,..\..\DATA\datasetv2_TrainClean\clean
..\..\DATA\datasetv2_TrainClean\train\taxi\218000849.jpg,taxi,..\..\DATA\datasetv2_TrainClean\train
..\..\DATA\datasetv2_TrainClean\clean\autobus\217005583.jpg,autobus,..\..\DATA\datasetv2_TrainClean\clean
..\..\DATA\datasetv2_TrainClean\clean\savari\212213154.jpg,savari,..\..\DATA\datasetv2_TrainClean\clean
..\..\DATA\datasetv2_TrainClean\train\kamyun\219008632.jpg,kamyun,..\..\DATA\datasetv2_TrainClean\train
..\..\DATA\datasetv2_TrainClean\clean\vanet\216119284.jpg,vanet,..\..\DATA\datasetv2_TrainClean\clean
..\..\DATA\datasetv2_TrainClean\clean\vanet\207079360.jpg,vanet,..\..\DATA\datasetv2_TrainClean\clean
..\..\DATA\dataset\train\kamyun\217204099.jpg,kamyun,..\..\DATA\dataset\train
..\..\DATA\datasetv2_TrainClean\train\vanet\206569698.jpg,vanet,..\..\DATA\datasetv2_TrainClean\train
..\..\DATA\datasetv2_TrainClean\train\savari\211574020.jpg,savari,..\..\DATA\datasetv2_TrainClean\train
..\..\DATA\datasetv2_TrainClean\train\kamyun\216447524.jpg,kamyun,..\..\DATA\datasetv2_TrainClean\train
..\..\DATA\dataset\clean\vanet\215055953.jpg,vanet,..\..\DATA\dataset\clean
..\..\DATA\dataset\train\kamyun\217054853.jpg,kamyun,..\..\DATA\dataset\train
..\..\DATA\datasetv2_TrainClean\clean\kamyun\216816286.jpg,kamyun,..\..\DATA\datasetv2_TrainClean\clean
..\..\DATA\dataset\train\autobus\208843464.jpg,autobus,..\..\DATA\dataset\train
..\..\DATA\datasetv2_TrainClean\clean\kamyun\215814774.jpg,kamyun,..\..\DATA\datasetv2_TrainClean\clean
..\..\DATA\datasetv2_TrainClean\train\kamyun\218587067.jpg,kamyun,..\..\DATA\datasetv2_TrainClean\train
..\..\DATA\datasetv2_TrainClean\clean\kamyun\216568882.jpg,kamyun,..\..\DATA\datasetv2_TrainClean\clean
..\..\DATA\datasetv2_TrainClean\train\ambulance\216232960.jpg,ambulance,..\..\DATA\datasetv2_TrainClean\train
..\..\DATA\dataset\clean\minibus\218832361.jpg,minibus,..\..\DATA\dataset\clean
..\..\DATA\datasetv2_TrainClean\train\vanet\202810079.jpg,vanet,..\..\DATA\datasetv2_TrainClean\train
..\..\DATA\dataset\train\vanet\209780947.jpg,vanet,..\..\DATA\dataset\train
..\..\DATA\datasetv2_TrainClean\clean\kamyun\216737299.jpg,kamyun,..\..\DATA\datasetv2_TrainClean\clean
..\..\DATA\datasetv2_TrainClean\clean\minibus\217959451.jpg,minibus,..\..\DATA\datasetv2_TrainClean\clean
..\..\DATA\datasetv2_TrainClean\train\savari\199057130.jpg,savari,..\..\DATA\datasetv2_TrainClean\train
..\..\DATA\datasetv2_TrainClean\train\savari\214790427.jpg,savari,..\..\DATA\datasetv2_TrainClean\train
..\..\DATA\datasetv2_TrainClean\train\taxi\217729028.jpg,taxi,..\..\DATA\datasetv2_TrainClean\train
..\..\DATA\datasetv2_TrainClean\clean\minibus\216452875.jpg,minibus,..\..\DATA\datasetv2_TrainClean\clean
..\..\DATA\dataset\clean\vanet\219016956.jpg,vanet,..\..\DATA\dataset\clean
..\..\DATA\dataset\clean\autobus\215521655.jpg,autobus,..\..\DATA\dataset\clean
..\..\DATA\datasetv2_TrainClean\train\vanet\218571705.jpg,vanet,..\..\DATA\datasetv2_TrainClean\train
..\..\DATA\dataset\train\savari\216106609.jpg,savari,..\..\DATA\dataset\train
..\..\DATA\datasetv2_TrainClean\train\ambulance\219110239.jpg,ambulance,..\..\DATA\datasetv2_TrainClean\train
..\..\DATA\dataset\train\ambulance\216533019.jpg,ambulance,..\..\DATA\dataset\train
..\..\DATA\datasetv2_TrainClean\train\savari\211425180.jpg,savari,..\..\DATA\datasetv2_TrainClean\train
..\..\DATA\datasetv2_TrainClean\clean\vanet\218155360.jpg,vanet,..\..\DATA\datasetv2_TrainClean\clean
..\..\DATA\datasetv2_TrainClean\clean\vanet\218879049.jpg,vanet,..\..\DATA\datasetv2_TrainClean\clean
..\..\DATA\datasetv2_TrainClean\train\vanet\200389158.jpg,vanet,..\..\DATA\datasetv2_TrainClean\train
..\..\DATA\datasetv2_TrainClean\train\taxi\218521917.jpg,taxi,..\..\DATA\datasetv2_TrainClean\train
..\..\DATA\datasetv2_TrainClean\train\ambulance\212409258.jpg,ambulance,..\..\DATA\datasetv2_TrainClean\train
..\..\DATA\datasetv2_TrainClean\train\kamyun\216039206.jpg,kamyun,..\..\DATA\datasetv2_TrainClean\train
..\..\DATA\datasetv2_TrainClean\train\autobus\217007978.jpg,autobus,..\..\DATA\datasetv2_TrainClean\train
..\..\DATA\datasetv2_TrainClean\clean\ambulance\215784252.jpg,ambulance,..\..\DATA\datasetv2_TrainClean\clean
..\..\DATA\datasetv2_TrainClean\clean\vanet\206287271.jpg,vanet,..\..\DATA\datasetv2_TrainClean\clean
..\..\DATA\dataset\clean\kamyun\216699823.jpg,kamyun,..\..\DATA\dataset\clean
..\..\DATA\datasetv2_TrainClean\clean\kamyun\216144484.jpg,kamyun,..\..\DATA\datasetv2_TrainClean\clean
..\..\DATA\dataset\train\kamyun\218279195.jpg,kamyun,..\..\DATA\dataset\train
..\..\DATA\datasetv2_TrainClean\clean\kamyun\217309460.jpg,kamyun,..\..\DATA\datasetv2_TrainClean\clean
..\..\DATA\datasetv2_TrainClean\clean\vanet\195147641.jpg,vanet,..\..\DATA\datasetv2_TrainClean\clean
..\..\DATA\datasetv2_TrainClean\train\ambulance\216915388.jpg,ambulance,..\..\DATA\datasetv2_TrainClean\train
..\..\DATA\datasetv2_TrainClean\clean\savari\217522146.jpg,savari,..\..\DATA\datasetv2_TrainClean\clean
..\..\DATA\datasetv2_TrainClean\train\autobus\215071661.jpg,autobus,..\..\DATA\datasetv2_TrainClean\train
..\..\DATA\datasetv2_TrainClean\clean\vanet\207696354.jpg,vanet,..\..\DATA\datasetv2_TrainClean\clean
..\..\DATA\datasetv2_TrainClean\train\taxi\217656357.jpg,taxi,..\..\DATA\datasetv2_TrainClean\train
..\..\DATA\datasetv2_TrainClean\train\ambulance\214784967.jpg,ambulance,..\..\DATA\datasetv2_TrainClean\train
..\..\DATA\datasetv2_TrainClean\train\taxi\217002049.jpg,taxi,..\..\DATA\datasetv2_TrainClean\train
..\..\DATA\datasetv2_TrainClean\train\autobus\214640760.jpg,autobus,..\..\DATA\datasetv2_TrainClean\train
..\..\DATA\datasetv2_TrainClean\train\savari\199256640.jpg,savari,..\..\DATA\datasetv2_TrainClean\train
..\..\DATA\datasetv2_TrainClean\clean\vanet\197440812.jpg,vanet,..\..\DATA\datasetv2_TrainClean\clean
..\..\DATA\datasetv2_TrainClean\clean\kamyun\212165742.jpg,kamyun,..\..\DATA\datasetv2_TrainClean\clean
..\..\DATA\datasetv2_TrainClean\train\autobus\218643529.jpg,autobus,..\..\DATA\datasetv2_TrainClean\train
..\..\DATA\datasetv2_TrainClean\train\kamyun\218963215.jpg,kamyun,..\..\DATA\datasetv2_TrainClean\train
..\..\DATA\datasetv2_TrainClean\train\vanet\218844658.jpg,vanet,..\..\DATA\datasetv2_TrainClean\train
..\..\DATA\datasetv2_TrainClean\clean\vanet\212164480.jpg,vanet,..\..\DATA\datasetv2_TrainClean\clean
..\..\DATA\datasetv2_TrainClean\train\savari\201730625.jpg,savari,..\..\DATA\datasetv2_TrainClean\train
..\..\DATA\dataset\train\kamyun\217185484.jpg,kamyun,..\..\DATA\dataset\train
..\..\DATA\datasetv2_TrainClean\train\savari\216623020.jpg,savari,..\..\DATA\datasetv2_TrainClean\train
..\..\DATA\datasetv2_TrainClean\train\minibus\206067532.jpg,minibus,..\..\DATA\datasetv2_TrainClean\train
..\..\DATA\datasetv2_TrainClean\train\vanet\210121027.jpg,vanet,..\..\DATA\datasetv2_TrainClean\train
..\..\DATA\datasetv2_TrainClean\train\savari\217266476.jpg,savari,..\..\DATA\datasetv2_TrainClean\train
..\..\DATA\datasetv2_TrainClean\clean\vanet\197237993.jpg,vanet,..\..\DATA\datasetv2_TrainClean\clean
..\..\DATA\dataset\clean\taxi\216029720.jpg,taxi,..\..\DATA\dataset\clean
..\..\DATA\datasetv2_TrainClean\clean\minibus\203431368.jpg,minibus,..\..\DATA\datasetv2_TrainClean\clean
..\..\DATA\datasetv2_TrainClean\clean\kamyun\217967481.jpg,kamyun,..\..\DATA\datasetv2_TrainClean\clean
..\..\DATA\datasetv2_TrainClean\clean\kamyun\218036546.jpg,kamyun,..\..\DATA\datasetv2_TrainClean\clean
..\..\DATA\datasetv2_TrainClean\train\taxi\216555951.jpg,taxi,..\..\DATA\datasetv2_TrainClean\train
..\..\DATA\datasetv2_TrainClean\clean\savari\218252931.jpg,savari,..\..\DATA\datasetv2_TrainClean\clean
..\..\DATA\datasetv2_TrainClean\clean\autobus\216158622.jpg,autobus,..\..\DATA\datasetv2_TrainClean\clean
..\..\DATA\datasetv2_TrainClean\train\vanet\203213711.jpg,vanet,..\..\DATA\datasetv2_TrainClean\train
..\..\DATA\datasetv2_TrainClean\clean\savari\206277240.jpg,savari,..\..\DATA\datasetv2_TrainClean\clean
..\..\DATA\datasetv2_TrainClean\train\ambulance\214715793.jpg,ambulance,..\..\DATA\datasetv2_TrainClean\train
..\..\DATA\datasetv2_TrainClean\train\taxi\216118231.jpg,taxi,..\..\DATA\datasetv2_TrainClean\train
..\..\DATA\dataset\train\vanet\218753316.jpg,vanet,..\..\DATA\dataset\train
..\..\DATA\datasetv2_TrainClean\clean\vanet\197527148.jpg,vanet,..\..\DATA\datasetv2_TrainClean\clean
..\..\DATA\datasetv2_TrainClean\train\kamyun\215801211.jpg,kamyun,..\..\DATA\datasetv2_TrainClean\train
..\..\DATA\datasetv2_TrainClean\train\taxi\196859984.jpg,taxi,..\..\DATA\datasetv2_TrainClean\train
..\..\DATA\dataset\clean\vanet\207412597.jpg,vanet,..\..\DATA\dataset\clean
..\..\DATA\datasetv2_TrainClean\clean\kamyun\219089402.jpg,kamyun,..\..\DATA\datasetv2_TrainClean\clean
..\..\DATA\datasetv2_TrainClean\train\kamyun\216008162.jpg,kamyun,..\..\DATA\datasetv2_TrainClean\train
..\..\DATA\dataset\clean\taxi\212216436.jpg,taxi,..\..\DATA\dataset\clean
..\..\DATA\datasetv2_TrainClean\clean\kamyun\214822567.jpg,kamyun,..\..\DATA\datasetv2_TrainClean\clean
..\..\DATA\dataset\clean\savari\215933473.jpg,savari,..\..\DATA\dataset\clean
..\..\DATA\datasetv2_TrainClean\train\kamyun\201179873.jpg,kamyun,..\..\DATA\datasetv2_TrainClean\train
..\..\DATA\datasetv2_TrainClean\train\kamyun\216697023.jpg,kamyun,..\..\DATA\datasetv2_TrainClean\train
..\..\DATA\datasetv2_TrainClean\clean\taxi\217137849.jpg,taxi,..\..\DATA\datasetv2_TrainClean\clean
..\..\DATA\datasetv2_TrainClean\clean\autobus\214799092.jpg,autobus,..\..\DATA\datasetv2_TrainClean\clean
..\..\DATA\datasetv2_TrainClean\clean\autobus\216034928.jpg,autobus,..\..\DATA\datasetv2_TrainClean\clean
..\..\DATA\datasetv2_TrainClean\clean\kamyun\217066957.jpg,kamyun,..\..\DATA\datasetv2_TrainClean\clean
..\..\DATA\dataset\clean\autobus\218634883.jpg,autobus,..\..\DATA\dataset\clean
..\..\DATA\datasetv2_TrainClean\train\kamyun\216733938.jpg,kamyun,..\..\DATA\datasetv2_TrainClean\train
..\..\DATA\datasetv2_TrainClean\clean\taxi\216752830.jpg,taxi,..\..\DATA\datasetv2_TrainClean\clean
..\..\DATA\datasetv2_TrainClean\train\minibus\205941237.jpg,minibus,..\..\DATA\datasetv2_TrainClean\train
..\..\DATA\datasetv2_TrainClean\clean\taxi\218563090.jpg,taxi,..\..\DATA\datasetv2_TrainClean\clean
..\..\DATA\datasetv2_TrainClean\clean\kamyun\217933127.jpg,kamyun,..\..\DATA\datasetv2_TrainClean\clean
..\..\DATA\datasetv2_TrainClean\train\kamyun\216563794.jpg,kamyun,..\..\DATA\datasetv2_TrainClean\train
..\..\DATA\datasetv2_TrainClean\train\savari\199595051.jpg,savari,..\..\DATA\datasetv2_TrainClean\train
..\..\DATA\datasetv2_TrainClean\train\ambulance\218353709.jpg,ambulance,..\..\DATA\datasetv2_TrainClean\train
..\..\DATA\datasetv2_TrainClean\clean\kamyun\210107304.jpg,kamyun,..\..\DATA\datasetv2_TrainClean\clean
..\..\DATA\datasetv2_TrainClean\train\ambulance\211940909.jpg,ambulance,..\..\DATA\datasetv2_TrainClean\train
..\..\DATA\datasetv2_TrainClean\clean\vanet\213563450.jpg,vanet,..\..\DATA\datasetv2_TrainClean\clean
..\..\DATA\datasetv2_TrainClean\clean\taxi\213424798.jpg,taxi,..\..\DATA\datasetv2_TrainClean\clean
..\..\DATA\datasetv2_TrainClean\train\kamyun\205077309.jpg,kamyun,..\..\DATA\datasetv2_TrainClean\train
..\..\DATA\datasetv2_TrainClean\train\kamyun\215188569.jpg,kamyun,..\..\DATA\datasetv2_TrainClean\train
..\..\DATA\datasetv2_TrainClean\train\kamyun\217624081.jpg,kamyun,..\..\DATA\datasetv2_TrainClean\train
..\..\DATA\datasetv2_TrainClean\train\ambulance\214493399.jpg,ambulance,..\..\DATA\datasetv2_TrainClean\train
..\..\DATA\datasetv2_TrainClean\clean\kamyun\213879581.jpg,kamyun,..\..\DATA\datasetv2_TrainClean\clean
..\..\DATA\datasetv2_TrainClean\clean\vanet\215714541.jpg,vanet,..\..\DATA\datasetv2_TrainClean\clean
..\..\DATA\datasetv2_TrainClean\clean\vanet\205317833.jpg,vanet,..\..\DATA\datasetv2_TrainClean\clean
..\..\DATA\dataset\train\autobus\216875964.jpg,autobus,..\..\DATA\dataset\train
..\..\DATA\datasetv2_TrainClean\train\autobus\217893775.jpg,autobus,..\..\DATA\datasetv2_TrainClean\train
..\..\DATA\datasetv2_TrainClean\clean\taxi\198088855.jpg,taxi,..\..\DATA\datasetv2_TrainClean\clean
..\..\DATA\datasetv2_TrainClean\train\savari\218692987.jpg,savari,..\..\DATA\datasetv2_TrainClean\train
..\..\DATA\datasetv2_TrainClean\clean\autobus\215105897.jpg,autobus,..\..\DATA\datasetv2_TrainClean\clean
..\..\DATA\datasetv2_TrainClean\train\taxi\218567436.jpg,taxi,..\..\DATA\datasetv2_TrainClean\train
..\..\DATA\datasetv2_TrainClean\train\minibus\219068960.jpg,minibus,..\..\DATA\datasetv2_TrainClean\train
..\..\DATA\datasetv2_TrainClean\clean\vanet\210819242.jpg,vanet,..\..\DATA\datasetv2_TrainClean\clean
..\..\DATA\datasetv2_TrainClean\train\kamyun\219008707.jpg,kamyun,..\..\DATA\datasetv2_TrainClean\train
..\..\DATA\datasetv2_TrainClean\train\taxi\219055248.jpg,taxi,..\..\DATA\datasetv2_TrainClean\train
..\..\DATA\datasetv2_TrainClean\clean\kamyun\217154686.jpg,kamyun,..\..\DATA\datasetv2_TrainClean\clean
..\..\DATA\datasetv2_TrainClean\clean\taxi\217902707.jpg,taxi,..\..\DATA\datasetv2_TrainClean\clean
..\..\DATA\datasetv2_TrainClean\clean\kamyun\216087919.jpg,kamyun,..\..\DATA\datasetv2_TrainClean\clean
..\..\DATA\datasetv2_TrainClean\train\autobus\218993999.jpg,autobus,..\..\DATA\datasetv2_TrainClean\train
..\..\DATA\datasetv2_TrainClean\clean\minibus\197002715.jpg,minibus,..\..\DATA\datasetv2_TrainClean\clean
..\..\DATA\datasetv2_TrainClean\clean\kamyun\216392196.jpg,kamyun,..\..\DATA\datasetv2_TrainClean\clean
..\..\DATA\datasetv2_TrainClean\clean\kamyun\216037426.jpg,kamyun,..\..\DATA\datasetv2_TrainClean\clean
..\..\DATA\datasetv2_TrainClean\clean\savari\203013904.jpg,savari,..\..\DATA\datasetv2_TrainClean\clean
..\..\DATA\datasetv2_TrainClean\clean\minibus\215755894.jpg,minibus,..\..\DATA\datasetv2_TrainClean\clean
..\..\DATA\datasetv2_TrainClean\clean\vanet\196541912.jpg,vanet,..\..\DATA\datasetv2_TrainClean\clean
..\..\DATA\datasetv2_TrainClean\clean\ambulance\212836783.jpg,ambulance,..\..\DATA\datasetv2_TrainClean\clean
..\..\DATA\datasetv2_TrainClean\clean\savari\209019732.jpg,savari,..\..\DATA\datasetv2_TrainClean\clean
..\..\DATA\dataset\clean\kamyun\195918838.jpg,kamyun,..\..\DATA\dataset\clean
..\..\DATA\datasetv2_TrainClean\train\savari\216155616.jpg,savari,..\..\DATA\datasetv2_TrainClean\train
..\..\DATA\datasetv2_TrainClean\clean\vanet\196484539.jpg,vanet,..\..\DATA\datasetv2_TrainClean\clean
..\..\DATA\datasetv2_TrainClean\train\kamyun\217314647.jpg,kamyun,..\..\DATA\datasetv2_TrainClean\train
..\..\DATA\dataset\train\savari\217164961.jpg,savari,..\..\DATA\dataset\train
..\..\DATA\datasetv2_TrainClean\train\vanet\218602877.jpg,vanet,..\..\DATA\datasetv2_TrainClean\train
..\..\DATA\datasetv2_TrainClean\train\minibus\214813678.jpg,minibus,..\..\DATA\datasetv2_TrainClean\train
..\..\DATA\datasetv2_TrainClean\clean\minibus\217144586.jpg,minibus,..\..\DATA\datasetv2_TrainClean\clean
..\..\DATA\datasetv2_TrainClean\train\kamyun\216864100.jpg,kamyun,..\..\DATA\datasetv2_TrainClean\train
..\..\DATA\datasetv2_TrainClean\clean\kamyun\198111935.jpg,kamyun,..\..\DATA\datasetv2_TrainClean\clean
..\..\DATA\datasetv2_TrainClean\clean\vanet\201927527.jpg,vanet,..\..\DATA\datasetv2_TrainClean\clean
..\..\DATA\datasetv2_TrainClean\train\minibus\215836229.jpg,minibus,..\..\DATA\datasetv2_TrainClean\train
..\..\DATA\dataset\clean\vanet\208671162.jpg,vanet,..\..\DATA\dataset\clean
..\..\DATA\datasetv2_TrainClean\clean\savari\199291703.jpg,savari,..\..\DATA\datasetv2_TrainClean\clean
..\..\DATA\datasetv2_TrainClean\train\taxi\218861019.jpg,taxi,..\..\DATA\datasetv2_TrainClean\train
..\..\DATA\datasetv2_TrainClean\clean\kamyun\218559449.jpg,kamyun,..\..\DATA\datasetv2_TrainClean\clean
..\..\DATA\dataset\clean\autobus\215551069.jpg,autobus,..\..\DATA\dataset\clean
..\..\DATA\datasetv2_TrainClean\train\vanet\207385887.jpg,vanet,..\..\DATA\datasetv2_TrainClean\train
..\..\DATA\datasetv2_TrainClean\train\taxi\218243301.jpg,taxi,..\..\DATA\datasetv2_TrainClean\train
..\..\DATA\datasetv2_TrainClean\train\autobus\215062637.jpg,autobus,..\..\DATA\datasetv2_TrainClean\train
..\..\DATA\datasetv2_TrainClean\clean\minibus\215808912.jpg,minibus,..\..\DATA\datasetv2_TrainClean\clean
..\..\DATA\datasetv2_TrainClean\train\minibus\216184596.jpg,minibus,..\..\DATA\datasetv2_TrainClean\train
..\..\DATA\datasetv2_TrainClean\train\ambulance\214358069.jpg,ambulance,..\..\DATA\datasetv2_TrainClean\train
..\..\DATA\datasetv2_TrainClean\clean\taxi\214685953.jpg,taxi,..\..\DATA\datasetv2_TrainClean\clean
..\..\DATA\datasetv2_TrainClean\train\taxi\218201278.jpg,taxi,..\..\DATA\datasetv2_TrainClean\train
..\..\DATA\datasetv2_TrainClean\train\vanet\213499081.jpg,vanet,..\..\DATA\datasetv2_TrainClean\train
..\..\DATA\datasetv2_TrainClean\train\kamyun\218064792.jpg,kamyun,..\..\DATA\datasetv2_TrainClean\train
..\..\DATA\datasetv2_TrainClean\train\autobus\210906540.jpg,autobus,..\..\DATA\datasetv2_TrainClean\train
..\..\DATA\datasetv2_TrainClean\clean\kamyun\218083651.jpg,kamyun,..\..\DATA\datasetv2_TrainClean\clean
..\..\DATA\dataset\train\taxi\215833228.jpg,taxi,..\..\DATA\dataset\train
..\..\DATA\datasetv2_TrainClean\clean\savari\214593501.jpg,savari,..\..\DATA\datasetv2_TrainClean\clean
..\..\DATA\datasetv2_TrainClean\train\kamyun\218719693.jpg,kamyun,..\..\DATA\datasetv2_TrainClean\train
..\..\DATA\dataset\train\ambulance\216019173.jpg,ambulance,..\..\DATA\dataset\train
..\..\DATA\datasetv2_TrainClean\clean\kamyun\218968655.jpg,kamyun,..\..\DATA\datasetv2_TrainClean\clean
..\..\DATA\datasetv2_TrainClean\train\ambulance\214485304.jpg,ambulance,..\..\DATA\datasetv2_TrainClean\train
..\..\DATA\datasetv2_TrainClean\train\vanet\217260102.jpg,vanet,..\..\DATA\datasetv2_TrainClean\train
..\..\DATA\dataset\train\autobus\218737303.jpg,autobus,..\..\DATA\dataset\train
..\..\DATA\datasetv2_TrainClean\train\savari\216232087.jpg,savari,..\..\DATA\datasetv2_TrainClean\train
..\..\DATA\dataset\clean\savari\218713286.jpg,savari,..\..\DATA\dataset\clean
..\..\DATA\datasetv2_TrainClean\train\vanet\208707423.jpg,vanet,..\..\DATA\datasetv2_TrainClean\train
..\..\DATA\datasetv2_TrainClean\clean\taxi\217218520.jpg,taxi,..\..\DATA\datasetv2_TrainClean\clean
..\..\DATA\datasetv2_TrainClean\clean\kamyun\215894307.jpg,kamyun,..\..\DATA\datasetv2_TrainClean\clean
..\..\DATA\dataset\train\savari\205377474.jpg,savari,..\..\DATA\dataset\train
..\..\DATA\dataset\clean\taxi\215049694.jpg,taxi,..\..\DATA\dataset\clean
..\..\DATA\datasetv2_TrainClean\clean\autobus\217094566.jpg,autobus,..\..\DATA\datasetv2_TrainClean\clean
..\..\DATA\datasetv2_TrainClean\train\minibus\205941203.jpg,minibus,..\..\DATA\datasetv2_TrainClean\train
..\..\DATA\datasetv2_TrainClean\clean\autobus\217008884.jpg,autobus,..\..\DATA\datasetv2_TrainClean\clean
..\..\DATA\datasetv2_TrainClean\clean\minibus\216318483.jpg,minibus,..\..\DATA\datasetv2_TrainClean\clean
..\..\DATA\datasetv2_TrainClean\clean\kamyun\199946768.jpg,kamyun,..\..\DATA\datasetv2_TrainClean\clean
..\..\DATA\datasetv2_TrainClean\train\kamyun\204958460.jpg,kamyun,..\..\DATA\datasetv2_TrainClean\train
..\..\DATA\datasetv2_TrainClean\clean\autobus\217007082.jpg,autobus,..\..\DATA\datasetv2_TrainClean\clean
..\..\DATA\datasetv2_TrainClean\clean\minibus\218956706.jpg,minibus,..\..\DATA\datasetv2_TrainClean\clean
..\..\DATA\datasetv2_TrainClean\train\savari\206290018.jpg,savari,..\..\DATA\datasetv2_TrainClean\train
..\..\DATA\datasetv2_TrainClean\train\vanet\213510187.jpg,vanet,..\..\DATA\datasetv2_TrainClean\train
..\..\DATA\datasetv2_TrainClean\clean\kamyun\214034569.jpg,kamyun,..\..\DATA\datasetv2_TrainClean\clean
..\..\DATA\datasetv2_TrainClean\clean\kamyun\217644872.jpg,kamyun,..\..\DATA\datasetv2_TrainClean\clean
..\..\DATA\dataset\clean\vanet\205896670.jpg,vanet,..\..\DATA\dataset\clean
..\..\DATA\datasetv2_TrainClean\train\ambulance\216765169.jpg,ambulance,..\..\DATA\datasetv2_TrainClean\train
..\..\DATA\dataset\clean\ambulance\217165994.jpg,ambulance,..\..\DATA\dataset\clean
..\..\DATA\dataset\clean\vanet\198195169.jpg,vanet,..\..\DATA\dataset\clean
..\..\DATA\dataset\train\autobus\215825621.jpg,autobus,..\..\DATA\dataset\train
..\..\DATA\datasetv2_TrainClean\clean\minibus\215844340.jpg,minibus,..\..\DATA\datasetv2_TrainClean\clean
..\..\DATA\datasetv2_TrainClean\train\autobus\216575324.jpg,autobus,..\..\DATA\datasetv2_TrainClean\train
..\..\DATA\datasetv2_TrainClean\train\savari\197021107.jpg,savari,..\..\DATA\datasetv2_TrainClean\train
..\..\DATA\datasetv2_TrainClean\train\kamyun\215795207.jpg,kamyun,..\..\DATA\datasetv2_TrainClean\train
..\..\DATA\datasetv2_TrainClean\clean\vanet\206728042.jpg,vanet,..\..\DATA\datasetv2_TrainClean\clean
..\..\DATA\dataset\train\vanet\215738096.jpg,vanet,..\..\DATA\dataset\train
..\..\DATA\dataset\train\minibus\214734110.jpg,minibus,..\..\DATA\dataset\train
..\..\DATA\datasetv2_TrainClean\clean\minibus\216007874.jpg,minibus,..\..\DATA\datasetv2_TrainClean\clean
..\..\DATA\datasetv2_TrainClean\train\autobus\218265944.jpg,autobus,..\..\DATA\datasetv2_TrainClean\train
..\..\DATA\dataset\clean\vanet\208758342.jpg,vanet,..\..\DATA\dataset\clean
..\..\DATA\datasetv2_TrainClean\clean\kamyun\217273409.jpg,kamyun,..\..\DATA\datasetv2_TrainClean\clean
..\..\DATA\datasetv2_TrainClean\train\kamyun\215916570.jpg,kamyun,..\..\DATA\datasetv2_TrainClean\train
..\..\DATA\dataset\clean\autobus\217768428.jpg,autobus,..\..\DATA\dataset\clean
..\..\DATA\dataset\clean\ambulance\215951291.jpg,ambulance,..\..\DATA\dataset\clean
..\..\DATA\datasetv2_TrainClean\clean\ambulance\212759904.jpg,ambulance,..\..\DATA\datasetv2_TrainClean\clean
..\..\DATA\datasetv2_TrainClean\clean\vanet\196586673.jpg,vanet,..\..\DATA\datasetv2_TrainClean\clean
..\..\DATA\dataset\train\savari\217737871.jpg,savari,..\..\DATA\dataset\train
..\..\DATA\datasetv2_TrainClean\train\kamyun\216740654.jpg,kamyun,..\..\DATA\datasetv2_TrainClean\train
..\..\DATA\datasetv2_TrainClean\clean\savari\210514855.jpg,savari,..\..\DATA\datasetv2_TrainClean\clean
..\..\DATA\datasetv2_TrainClean\train\kamyun\215104341.jpg,kamyun,..\..\DATA\datasetv2_TrainClean\train
..\..\DATA\datasetv2_TrainClean\train\kamyun\218104347.jpg,kamyun,..\..\DATA\datasetv2_TrainClean\train
..\..\DATA\datasetv2_TrainClean\clean\minibus\206187093.jpg,minibus,..\..\DATA\datasetv2_TrainClean\clean
..\..\DATA\datasetv2_TrainClean\clean\kamyun\212708966.jpg,kamyun,..\..\DATA\datasetv2_TrainClean\clean
..\..\DATA\dataset\clean\ambulance\215973116.jpg,ambulance,..\..\DATA\dataset\clean
..\..\DATA\datasetv2_TrainClean\train\savari\199702972.jpg,savari,..\..\DATA\datasetv2_TrainClean\train
..\..\DATA\datasetv2_TrainClean\clean\vanet\218692911.jpg,vanet,..\..\DATA\datasetv2_TrainClean\clean
..\..\DATA\datasetv2_TrainClean\clean\savari\203405391.jpg,savari,..\..\DATA\datasetv2_TrainClean\clean
..\..\DATA\datasetv2_TrainClean\train\ambulance\218819549.jpg,ambulance,..\..\DATA\datasetv2_TrainClean\train
..\..\DATA\datasetv2_TrainClean\train\vanet\207702391.jpg,vanet,..\..\DATA\datasetv2_TrainClean\train
..\..\DATA\datasetv2_TrainClean\clean\savari\216802984.jpg,savari,..\..\DATA\datasetv2_TrainClean\clean
..\..\DATA\datasetv2_TrainClean\train\taxi\214678598.jpg,taxi,..\..\DATA\datasetv2_TrainClean\train
..\..\DATA\datasetv2_TrainClean\clean\vanet\215720225.jpg,vanet,..\..\DATA\datasetv2_TrainClean\clean
..\..\DATA\datasetv2_TrainClean\train\autobus\216946113.jpg,autobus,..\..\DATA\datasetv2_TrainClean\train
..\..\DATA\datasetv2_TrainClean\clean\kamyun\217195459.jpg,kamyun,..\..\DATA\datasetv2_TrainClean\clean
..\..\DATA\datasetv2_TrainClean\train\taxi\217570575.jpg,taxi,..\..\DATA\datasetv2_TrainClean\train
..\..\DATA\datasetv2_TrainClean\train\autobus\218952897.jpg,autobus,..\..\DATA\datasetv2_TrainClean\train
..\..\DATA\datasetv2_TrainClean\train\kamyun\219114546.jpg,kamyun,..\..\DATA\datasetv2_TrainClean\train
..\..\DATA\dataset\clean\autobus\199713076.jpg,autobus,..\..\DATA\dataset\clean
..\..\DATA\datasetv2_TrainClean\clean\taxi\216140407.jpg,taxi,..\..\DATA\datasetv2_TrainClean\clean
..\..\DATA\dataset\train\autobus\218286526.jpg,autobus,..\..\DATA\dataset\train
..\..\DATA\datasetv2_TrainClean\clean\vanet\218169177.jpg,vanet,..\..\DATA\datasetv2_TrainClean\clean
..\..\DATA\dataset\clean\kamyun\218755560.jpg,kamyun,..\..\DATA\dataset\clean
..\..\DATA\datasetv2_TrainClean\clean\savari\206883575.jpg,savari,..\..\DATA\datasetv2_TrainClean\clean
..\..\DATA\dataset\clean\vanet\214500693.jpg,vanet,..\..\DATA\dataset\clean
..\..\DATA\dataset\clean\autobus\215685399.jpg,autobus,..\..\DATA\dataset\clean
..\..\DATA\datasetv2_TrainClean\train\ambulance\217814338.jpg,ambulance,..\..\DATA\datasetv2_TrainClean\train
..\..\DATA\datasetv2_TrainClean\train\taxi\216964234.jpg,taxi,..\..\DATA\datasetv2_TrainClean\train
..\..\DATA\datasetv2_TrainClean\train\minibus\205855305.jpg,minibus,..\..\DATA\datasetv2_TrainClean\train
..\..\DATA\datasetv2_TrainClean\train\minibus\218185076.jpg,minibus,..\..\DATA\datasetv2_TrainClean\train
..\..\DATA\dataset\train\savari\216192117.jpg,savari,..\..\DATA\dataset\train
..\..\DATA\datasetv2_TrainClean\train\vanet\206108673.jpg,vanet,..\..\DATA\datasetv2_TrainClean\train
..\..\DATA\datasetv2_TrainClean\train\kamyun\216628238.jpg,kamyun,..\..\DATA\datasetv2_TrainClean\train
..\..\DATA\datasetv2_TrainClean\train\kamyun\195219977.jpg,kamyun,..\..\DATA\datasetv2_TrainClean\train
..\..\DATA\datasetv2_TrainClean\clean\savari\209434334.jpg,savari,..\..\DATA\datasetv2_TrainClean\clean
..\..\DATA\datasetv2_TrainClean\clean\kamyun\217024570.jpg,kamyun,..\..\DATA\datasetv2_TrainClean\clean
..\..\DATA\datasetv2_TrainClean\train\savari\198224561.jpg,savari,..\..\DATA\datasetv2_TrainClean\train
..\..\DATA\datasetv2_TrainClean\clean\ambulance\217479305.jpg,ambulance,..\..\DATA\datasetv2_TrainClean\clean
..\..\DATA\datasetv2_TrainClean\train\kamyun\216850661.jpg,kamyun,..\..\DATA\datasetv2_TrainClean\train
..\..\DATA\datasetv2_TrainClean\clean\autobus\218691159.jpg,autobus,..\..\DATA\datasetv2_TrainClean\clean
..\..\DATA\datasetv2_TrainClean\clean\ambulance\215080857.jpg,ambulance,..\..\DATA\datasetv2_TrainClean\clean
..\..\DATA\datasetv2_TrainClean\clean\kamyun\217880543.jpg,kamyun,..\..\DATA\datasetv2_TrainClean\clean
..\..\DATA\dataset\clean\vanet\217784730.jpg,vanet,..\..\DATA\dataset\clean
..\..\DATA\dataset\train\savari\217387431.jpg,savari,..\..\DATA\dataset\train
..\..\DATA\datasetv2_TrainClean\train\savari\210771543.jpg,savari,..\..\DATA\datasetv2_TrainClean\train
..\..\DATA\datasetv2_TrainClean\clean\taxi\218778376.jpg,taxi,..\..\DATA\datasetv2_TrainClean\clean
..\..\DATA\dataset\train\ambulance\216657889.jpg,ambulance,..\..\DATA\dataset\train
..\..\DATA\datasetv2_TrainClean\train\kamyun\218778629.jpg,kamyun,..\..\DATA\datasetv2_TrainClean\train
..\..\DATA\datasetv2_TrainClean\train\savari\218055833.jpg,savari,..\..\DATA\datasetv2_TrainClean\train
..\..\DATA\datasetv2_TrainClean\clean\kamyun\215739554.jpg,kamyun,..\..\DATA\datasetv2_TrainClean\clean
..\..\DATA\datasetv2_TrainClean\train\kamyun\219017445.jpg,kamyun,..\..\DATA\datasetv2_TrainClean\train
..\..\DATA\datasetv2_TrainClean\clean\taxi\214640530.jpg,taxi,..\..\DATA\datasetv2_TrainClean\clean
..\..\DATA\datasetv2_TrainClean\clean\minibus\205929474.jpg,minibus,..\..\DATA\datasetv2_TrainClean\clean
..\..\DATA\datasetv2_TrainClean\train\kamyun\216318337.jpg,kamyun,..\..\DATA\datasetv2_TrainClean\train
..\..\DATA\datasetv2_TrainClean\clean\taxi\216646720.jpg,taxi,..\..\DATA\datasetv2_TrainClean\clean
..\..\DATA\datasetv2_TrainClean\train\kamyun\216293604.jpg,kamyun,..\..\DATA\datasetv2_TrainClean\train
..\..\DATA\datasetv2_TrainClean\clean\kamyun\217791346.jpg,kamyun,..\..\DATA\datasetv2_TrainClean\clean
..\..\DATA\datasetv2_TrainClean\train\kamyun\199213257.jpg,kamyun,..\..\DATA\datasetv2_TrainClean\train
..\..\DATA\dataset\train\taxi\218156501.jpg,taxi,..\..\DATA\dataset\train
..\..\DATA\datasetv2_TrainClean\clean\vanet\219088134.jpg,vanet,..\..\DATA\datasetv2_TrainClean\clean
..\..\DATA\dataset\train\minibus\205929471.jpg,minibus,..\..\DATA\dataset\train
..\..\DATA\datasetv2_TrainClean\clean\vanet\197741309.jpg,vanet,..\..\DATA\datasetv2_TrainClean\clean
..\..\DATA\datasetv2_TrainClean\clean\savari\195877097.jpg,savari,..\..\DATA\datasetv2_TrainClean\clean
..\..\DATA\dataset\clean\vanet\198504276.jpg,vanet,..\..\DATA\dataset\clean
..\..\DATA\datasetv2_TrainClean\train\vanet\196659846.jpg,vanet,..\..\DATA\datasetv2_TrainClean\train
..\..\DATA\datasetv2_TrainClean\clean\vanet\212933941.jpg,vanet,..\..\DATA\datasetv2_TrainClean\clean
..\..\DATA\dataset\train\vanet\218206335.jpg,vanet,..\..\DATA\dataset\train
..\..\DATA\dataset\train\ambulance\215162191.jpg,ambulance,..\..\DATA\dataset\train
..\..\DATA\datasetv2_TrainClean\train\savari\202316938.jpg,savari,..\..\DATA\datasetv2_TrainClean\train
..\..\DATA\datasetv2_TrainClean\clean\taxi\216608752.jpg,taxi,..\..\DATA\datasetv2_TrainClean\clean
..\..\DATA\datasetv2_TrainClean\clean\savari\217937778.jpg,savari,..\..\DATA\datasetv2_TrainClean\clean
..\..\DATA\datasetv2_TrainClean\clean\autobus\217056270.jpg,autobus,..\..\DATA\datasetv2_TrainClean\clean
..\..\DATA\datasetv2_TrainClean\train\vanet\217829551.jpg,vanet,..\..\DATA\datasetv2_TrainClean\train
..\..\DATA\datasetv2_TrainClean\train\savari\199280713.jpg,savari,..\..\DATA\datasetv2_TrainClean\train
..\..\DATA\datasetv2_TrainClean\clean\autobus\217011802.jpg,autobus,..\..\DATA\datasetv2_TrainClean\clean
..\..\DATA\dataset\clean\taxi\217418779.jpg,taxi,..\..\DATA\dataset\clean
..\..\DATA\datasetv2_TrainClean\clean\taxi\217644232.jpg,taxi,..\..\DATA\datasetv2_TrainClean\clean
..\..\DATA\datasetv2_TrainClean\clean\ambulance\207226876.jpg,ambulance,..\..\DATA\datasetv2_TrainClean\clean
..\..\DATA\dataset\train\vanet\218080336.jpg,vanet,..\..\DATA\dataset\train
..\..\DATA\datasetv2_TrainClean\train\taxi\215681913.jpg,taxi,..\..\DATA\datasetv2_TrainClean\train
..\..\DATA\datasetv2_TrainClean\train\kamyun\202198620.jpg,kamyun,..\..\DATA\datasetv2_TrainClean\train
..\..\DATA\datasetv2_TrainClean\clean\taxi\216818182.jpg,taxi,..\..\DATA\datasetv2_TrainClean\clean
..\..\DATA\dataset\clean\savari\217448062.jpg,savari,..\..\DATA\dataset\clean
..\..\DATA\datasetv2_TrainClean\train\taxi\213219294.jpg,taxi,..\..\DATA\datasetv2_TrainClean\train
..\..\DATA\datasetv2_TrainClean\train\ambulance\219025430.jpg,ambulance,..\..\DATA\datasetv2_TrainClean\train
..\..\DATA\datasetv2_TrainClean\train\vanet\197986381.jpg,vanet,..\..\DATA\datasetv2_TrainClean\train
..\..\DATA\dataset\clean\kamyun\217804557.jpg,kamyun,..\..\DATA\dataset\clean
..\..\DATA\datasetv2_TrainClean\clean\savari\218743709.jpg,savari,..\..\DATA\datasetv2_TrainClean\clean
..\..\DATA\datasetv2_TrainClean\train\autobus\216947005.jpg,autobus,..\..\DATA\datasetv2_TrainClean\train
..\..\DATA\datasetv2_TrainClean\train\ambulance\216612929.jpg,ambulance,..\..\DATA\datasetv2_TrainClean\train
..\..\DATA\datasetv2_TrainClean\clean\kamyun\211524213.jpg,kamyun,..\..\DATA\datasetv2_TrainClean\clean
..\..\DATA\datasetv2_TrainClean\clean\autobus\210955520.jpg,autobus,..\..\DATA\datasetv2_TrainClean\clean
..\..\DATA\datasetv2_TrainClean\clean\kamyun\218342110.jpg,kamyun,..\..\DATA\datasetv2_TrainClean\clean
..\..\DATA\datasetv2_TrainClean\clean\vanet\206171093.jpg,vanet,..\..\DATA\datasetv2_TrainClean\clean
..\..\DATA\datasetv2_TrainClean\train\autobus\216551484.jpg,autobus,..\..\DATA\datasetv2_TrainClean\train
..\..\DATA\datasetv2_TrainClean\train\kamyun\215614718.jpg,kamyun,..\..\DATA\datasetv2_TrainClean\train
..\..\DATA\datasetv2_TrainClean\train\kamyun\218558741.jpg,kamyun,..\..\DATA\datasetv2_TrainClean\train
..\..\DATA\datasetv2_TrainClean\train\kamyun\216476063.jpg,kamyun,..\..\DATA\datasetv2_TrainClean\train
..\..\DATA\datasetv2_TrainClean\clean\taxi\215591038.jpg,taxi,..\..\DATA\datasetv2_TrainClean\clean
..\..\DATA\datasetv2_TrainClean\clean\minibus\215691629.jpg,minibus,..\..\DATA\datasetv2_TrainClean\clean
..\..\DATA\dataset\clean\autobus\216086020.jpg,autobus,..\..\DATA\dataset\clean
..\..\DATA\datasetv2_TrainClean\train\savari\211483910.jpg,savari,..\..\DATA\datasetv2_TrainClean\train
..\..\DATA\dataset\clean\kamyun\214283248.jpg,kamyun,..\..\DATA\dataset\clean
..\..\DATA\datasetv2_TrainClean\train\savari\207814911.jpg,savari,..\..\DATA\datasetv2_TrainClean\train
..\..\DATA\datasetv2_TrainClean\clean\kamyun\216677011.jpg,kamyun,..\..\DATA\datasetv2_TrainClean\clean
..\..\DATA\datasetv2_TrainClean\train\kamyun\216419624.jpg,kamyun,..\..\DATA\datasetv2_TrainClean\train
..\..\DATA\datasetv2_TrainClean\train\savari\218307934.jpg,savari,..\..\DATA\datasetv2_TrainClean\train
..\..\DATA\datasetv2_TrainClean\train\savari\216767197.jpg,savari,..\..\DATA\datasetv2_TrainClean\train
..\..\DATA\datasetv2_TrainClean\clean\ambulance\218775859.jpg,ambulance,..\..\DATA\datasetv2_TrainClean\clean
..\..\DATA\dataset\clean\vanet\217090683.jpg,vanet,..\..\DATA\dataset\clean
..\..\DATA\datasetv2_TrainClean\train\autobus\216010159.jpg,autobus,..\..\DATA\datasetv2_TrainClean\train
..\..\DATA\datasetv2_TrainClean\clean\savari\198102291.jpg,savari,..\..\DATA\datasetv2_TrainClean\clean
..\..\DATA\datasetv2_TrainClean\train\ambulance\216400367.jpg,ambulance,..\..\DATA\datasetv2_TrainClean\train
..\..\DATA\datasetv2_TrainClean\clean\vanet\195391348.jpg,vanet,..\..\DATA\datasetv2_TrainClean\clean
..\..\DATA\datasetv2_TrainClean\train\kamyun\215951406.jpg,kamyun,..\..\DATA\datasetv2_TrainClean\train
..\..\DATA\datasetv2_TrainClean\clean\vanet\209813193.jpg,vanet,..\..\DATA\datasetv2_TrainClean\clean
..\..\DATA\datasetv2_TrainClean\clean\vanet\196501322.jpg,vanet,..\..\DATA\datasetv2_TrainClean\clean
..\..\DATA\datasetv2_TrainClean\clean\vanet\202766710.jpg,vanet,..\..\DATA\datasetv2_TrainClean\clean
..\..\DATA\datasetv2_TrainClean\clean\autobus\216637123.jpg,autobus,..\..\DATA\datasetv2_TrainClean\clean
..\..\DATA\dataset\clean\vanet\197011245.jpg,vanet,..\..\DATA\dataset\clean
..\..\DATA\dataset\train\kamyun\215572272.jpg,kamyun,..\..\DATA\dataset\train
..\..\DATA\datasetv2_TrainClean\train\ambulance\200011359.jpg,ambulance,..\..\DATA\datasetv2_TrainClean\train
..\..\DATA\datasetv2_TrainClean\train\vanet\198067896.jpg,vanet,..\..\DATA\datasetv2_TrainClean\train
..\..\DATA\datasetv2_TrainClean\train\kamyun\193171555.jpg,kamyun,..\..\DATA\datasetv2_TrainClean\train
..\..\DATA\datasetv2_TrainClean\clean\vanet\212359578.jpg,vanet,..\..\DATA\datasetv2_TrainClean\clean
..\..\DATA\datasetv2_TrainClean\clean\kamyun\218804409.jpg,kamyun,..\..\DATA\datasetv2_TrainClean\clean
..\..\DATA\datasetv2_TrainClean\clean\vanet\213802809.jpg,vanet,..\..\DATA\datasetv2_TrainClean\clean
..\..\DATA\dataset\train\minibus\215703743.jpg,minibus,..\..\DATA\dataset\train
..\..\DATA\datasetv2_TrainClean\train\ambulance\217697159.jpg,ambulance,..\..\DATA\datasetv2_TrainClean\train
..\..\DATA\datasetv2_TrainClean\clean\ambulance\210118911.jpg,ambulance,..\..\DATA\datasetv2_TrainClean\clean
..\..\DATA\datasetv2_TrainClean\train\ambulance\217402380.jpg,ambulance,..\..\DATA\datasetv2_TrainClean\train
..\..\DATA\dataset\train\vanet\200533750.jpg,vanet,..\..\DATA\dataset\train
..\..\DATA\dataset\clean\ambulance\218089422.jpg,ambulance,..\..\DATA\dataset\clean
..\..\DATA\datasetv2_TrainClean\clean\vanet\205952169.jpg,vanet,..\..\DATA\datasetv2_TrainClean\clean
..\..\DATA\datasetv2_TrainClean\train\kamyun\215345300.jpg,kamyun,..\..\DATA\datasetv2_TrainClean\train
..\..\DATA\datasetv2_TrainClean\train\vanet\217881742.jpg,vanet,..\..\DATA\datasetv2_TrainClean\train
..\..\DATA\datasetv2_TrainClean\clean\savari\216586565.jpg,savari,..\..\DATA\datasetv2_TrainClean\clean
..\..\DATA\datasetv2_TrainClean\train\autobus\218220108.jpg,autobus,..\..\DATA\datasetv2_TrainClean\train
..\..\DATA\datasetv2_TrainClean\clean\kamyun\207936351.jpg,kamyun,..\..\DATA\datasetv2_TrainClean\clean
..\..\DATA\datasetv2_TrainClean\clean\taxi\214415281.jpg,taxi,..\..\DATA\datasetv2_TrainClean\clean
..\..\DATA\datasetv2_TrainClean\train\savari\212107649.jpg,savari,..\..\DATA\datasetv2_TrainClean\train
..\..\DATA\datasetv2_TrainClean\train\taxi\215105398.jpg,taxi,..\..\DATA\datasetv2_TrainClean\train
..\..\DATA\dataset\train\taxi\218414701.jpg,taxi,..\..\DATA\dataset\train
..\..\DATA\datasetv2_TrainClean\clean\vanet\205997164.jpg,vanet,..\..\DATA\datasetv2_TrainClean\clean
..\..\DATA\datasetv2_TrainClean\clean\vanet\207742359.jpg,vanet,..\..\DATA\datasetv2_TrainClean\clean
..\..\DATA\datasetv2_TrainClean\train\minibus\207309597.jpg,minibus,..\..\DATA\datasetv2_TrainClean\train
..\..\DATA\datasetv2_TrainClean\train\taxi\218834664.jpg,taxi,..\..\DATA\datasetv2_TrainClean\train
..\..\DATA\datasetv2_TrainClean\clean\minibus\216032016.jpg,minibus,..\..\DATA\datasetv2_TrainClean\clean
..\..\DATA\datasetv2_TrainClean\train\autobus\217619978.jpg,autobus,..\..\DATA\datasetv2_TrainClean\train
..\..\DATA\dataset\clean\vanet\215821681.jpg,vanet,..\..\DATA\dataset\clean
..\..\DATA\datasetv2_TrainClean\train\ambulance\217477279.jpg,ambulance,..\..\DATA\datasetv2_TrainClean\train
..\..\DATA\datasetv2_TrainClean\clean\taxi\218120131.jpg,taxi,..\..\DATA\datasetv2_TrainClean\clean
..\..\DATA\dataset\clean\taxi\218609374.jpg,taxi,..\..\DATA\dataset\clean
..\..\DATA\dataset\clean\kamyun\218666415.jpg,kamyun,..\..\DATA\dataset\clean
..\..\DATA\datasetv2_TrainClean\train\savari\211932573.jpg,savari,..\..\DATA\datasetv2_TrainClean\train
..\..\DATA\datasetv2_TrainClean\clean\vanet\208473051.jpg,vanet,..\..\DATA\datasetv2_TrainClean\clean
..\..\DATA\datasetv2_TrainClean\clean\ambulance\217200843.jpg,ambulance,..\..\DATA\datasetv2_TrainClean\clean
..\..\DATA\datasetv2_TrainClean\train\savari\217280199.jpg,savari,..\..\DATA\datasetv2_TrainClean\train
..\..\DATA\datasetv2_TrainClean\train\vanet\195623474.jpg,vanet,..\..\DATA\datasetv2_TrainClean\train
..\..\DATA\datasetv2_TrainClean\clean\autobus\216732326.jpg,autobus,..\..\DATA\datasetv2_TrainClean\clean
..\..\DATA\datasetv2_TrainClean\train\autobus\215770203.jpg,autobus,..\..\DATA\datasetv2_TrainClean\train
..\..\DATA\datasetv2_TrainClean\clean\taxi\218236851.jpg,taxi,..\..\DATA\datasetv2_TrainClean\clean
..\..\DATA\datasetv2_TrainClean\clean\taxi\218434268.jpg,taxi,..\..\DATA\datasetv2_TrainClean\clean
..\..\DATA\datasetv2_TrainClean\clean\autobus\218384939.jpg,autobus,..\..\DATA\datasetv2_TrainClean\clean
..\..\DATA\dataset\train\kamyun\214372132.jpg,kamyun,..\..\DATA\dataset\train
..\..\DATA\datasetv2_TrainClean\clean\ambulance\216529830.jpg,ambulance,..\..\DATA\datasetv2_TrainClean\clean
..\..\DATA\datasetv2_TrainClean\train\kamyun\215716022.jpg,kamyun,..\..\DATA\datasetv2_TrainClean\train
..\..\DATA\datasetv2_TrainClean\clean\vanet\210735083.jpg,vanet,..\..\DATA\datasetv2_TrainClean\clean
..\..\DATA\datasetv2_TrainClean\clean\vanet\197919941.jpg,vanet,..\..\DATA\datasetv2_TrainClean\clean
..\..\DATA\datasetv2_TrainClean\train\autobus\216948140.jpg,autobus,..\..\DATA\datasetv2_TrainClean\train
..\..\DATA\datasetv2_TrainClean\clean\autobus\216917990.jpg,autobus,..\..\DATA\datasetv2_TrainClean\clean
..\..\DATA\datasetv2_TrainClean\clean\autobus\218199792.jpg,autobus,..\..\DATA\datasetv2_TrainClean\clean
..\..\DATA\datasetv2_TrainClean\train\autobus\197162771.jpg,autobus,..\..\DATA\datasetv2_TrainClean\train
..\..\DATA\datasetv2_TrainClean\train\vanet\200298503.jpg,vanet,..\..\DATA\datasetv2_TrainClean\train
..\..\DATA\datasetv2_TrainClean\train\kamyun\218154755.jpg,kamyun,..\..\DATA\datasetv2_TrainClean\train
..\..\DATA\datasetv2_TrainClean\train\savari\211951629.jpg,savari,..\..\DATA\datasetv2_TrainClean\train
..\..\DATA\datasetv2_TrainClean\train\minibus\199981262.jpg,minibus,..\..\DATA\datasetv2_TrainClean\train
..\..\DATA\datasetv2_TrainClean\clean\vanet\205839665.jpg,vanet,..\..\DATA\datasetv2_TrainClean\clean
..\..\DATA\datasetv2_TrainClean\train\minibus\216044266.jpg,minibus,..\..\DATA\datasetv2_TrainClean\train
..\..\DATA\datasetv2_TrainClean\train\kamyun\216710667.jpg,kamyun,..\..\DATA\datasetv2_TrainClean\train
..\..\DATA\dataset\clean\taxi\199209656.jpg,taxi,..\..\DATA\dataset\clean
..\..\DATA\datasetv2_TrainClean\clean\vanet\196216785.jpg,vanet,..\..\DATA\datasetv2_TrainClean\clean
..\..\DATA\datasetv2_TrainClean\train\vanet\217515157.jpg,vanet,..\..\DATA\datasetv2_TrainClean\train
..\..\DATA\datasetv2_TrainClean\clean\savari\201705208.jpg,savari,..\..\DATA\datasetv2_TrainClean\clean
..\..\DATA\datasetv2_TrainClean\train\taxi\197032336.jpg,taxi,..\..\DATA\datasetv2_TrainClean\train
..\..\DATA\datasetv2_TrainClean\clean\ambulance\216676321.jpg,ambulance,..\..\DATA\datasetv2_TrainClean\clean
..\..\DATA\datasetv2_TrainClean\train\taxi\218279077.jpg,taxi,..\..\DATA\datasetv2_TrainClean\train
..\..\DATA\dataset\train\taxi\218136743.jpg,taxi,..\..\DATA\dataset\train
..\..\DATA\dataset\clean\vanet\217698430.jpg,vanet,..\..\DATA\dataset\clean
..\..\DATA\dataset\clean\vanet\198879422.jpg,vanet,..\..\DATA\dataset\clean
..\..\DATA\datasetv2_TrainClean\train\kamyun\218727216.jpg,kamyun,..\..\DATA\datasetv2_TrainClean\train
..\..\DATA\datasetv2_TrainClean\clean\vanet\217427995.jpg,vanet,..\..\DATA\datasetv2_TrainClean\clean
..\..\DATA\datasetv2_TrainClean\clean\kamyun\217892920.jpg,kamyun,..\..\DATA\datasetv2_TrainClean\clean
..\..\DATA\datasetv2_TrainClean\clean\taxi\215729322.jpg,taxi,..\..\DATA\datasetv2_TrainClean\clean
..\..\DATA\datasetv2_TrainClean\train\autobus\217930382.jpg,autobus,..\..\DATA\datasetv2_TrainClean\train
..\..\DATA\datasetv2_TrainClean\clean\kamyun\215183315.jpg,kamyun,..\..\DATA\datasetv2_TrainClean\clean
..\..\DATA\datasetv2_TrainClean\train\savari\197816467.jpg,savari,..\..\DATA\datasetv2_TrainClean\train
..\..\DATA\datasetv2_TrainClean\train\autobus\215679623.jpg,autobus,..\..\DATA\datasetv2_TrainClean\train
..\..\DATA\datasetv2_TrainClean\train\minibus\203404935.jpg,minibus,..\..\DATA\datasetv2_TrainClean\train
..\..\DATA\datasetv2_TrainClean\clean\autobus\215865757.jpg,autobus,..\..\DATA\datasetv2_TrainClean\clean
..\..\DATA\datasetv2_TrainClean\clean\savari\194293170.jpg,savari,..\..\DATA\datasetv2_TrainClean\clean
..\..\DATA\datasetv2_TrainClean\clean\kamyun\216742207.jpg,kamyun,..\..\DATA\datasetv2_TrainClean\clean
..\..\DATA\dataset\clean\vanet\213306634.jpg,vanet,..\..\DATA\dataset\clean
..\..\DATA\dataset\clean\taxi\218256574.jpg,taxi,..\..\DATA\dataset\clean
..\..\DATA\dataset\train\savari\206147449.jpg,savari,..\..\DATA\dataset\train
..\..\DATA\datasetv2_TrainClean\clean\vanet\202308812.jpg,vanet,..\..\DATA\datasetv2_TrainClean\clean
..\..\DATA\datasetv2_TrainClean\clean\vanet\196946016.jpg,vanet,..\..\DATA\datasetv2_TrainClean\clean
..\..\DATA\dataset\clean\ambulance\214830125.jpg,ambulance,..\..\DATA\dataset\clean
..\..\DATA\datasetv2_TrainClean\train\minibus\218541081.jpg,minibus,..\..\DATA\datasetv2_TrainClean\train
..\..\DATA\datasetv2_TrainClean\clean\kamyun\195898713.jpg,kamyun,..\..\DATA\datasetv2_TrainClean\clean
..\..\DATA\datasetv2_TrainClean\clean\taxi\218367265.jpg,taxi,..\..\DATA\datasetv2_TrainClean\clean
..\..\DATA\datasetv2_TrainClean\train\vanet\206926152.jpg,vanet,..\..\DATA\datasetv2_TrainClean\train
..\..\DATA\datasetv2_TrainClean\clean\taxi\218260137.jpg,taxi,..\..\DATA\datasetv2_TrainClean\clean
..\..\DATA\datasetv2_TrainClean\train\ambulance\216128960.jpg,ambulance,..\..\DATA\datasetv2_TrainClean\train
..\..\DATA\datasetv2_TrainClean\train\kamyun\216224608.jpg,kamyun,..\..\DATA\datasetv2_TrainClean\train
..\..\DATA\dataset\train\vanet\213788075.jpg,vanet,..\..\DATA\dataset\train
..\..\DATA\datasetv2_TrainClean\train\kamyun\212928506.jpg,kamyun,..\..\DATA\datasetv2_TrainClean\train
..\..\DATA\datasetv2_TrainClean\train\kamyun\218813969.jpg,kamyun,..\..\DATA\datasetv2_TrainClean\train
..\..\DATA\datasetv2_TrainClean\train\minibus\216405073.jpg,minibus,..\..\DATA\datasetv2_TrainClean\train
..\..\DATA\datasetv2_TrainClean\clean\taxi\216456703.jpg,taxi,..\..\DATA\datasetv2_TrainClean\clean
..\..\DATA\dataset\train\taxi\218009858.jpg,taxi,..\..\DATA\dataset\train
..\..\DATA\datasetv2_TrainClean\train\ambulance\216951685.jpg,ambulance,..\..\DATA\datasetv2_TrainClean\train
..\..\DATA\datasetv2_TrainClean\clean\savari\213701981.jpg,savari,..\..\DATA\datasetv2_TrainClean\clean
..\..\DATA\dataset\train\savari\210565057.jpg,savari,..\..\DATA\dataset\train
..\..\DATA\dataset\train\autobus\216421304.jpg,autobus,..\..\DATA\dataset\train
..\..\DATA\datasetv2_TrainClean\clean\kamyun\218849140.jpg,kamyun,..\..\DATA\datasetv2_TrainClean\clean
..\..\DATA\datasetv2_TrainClean\train\kamyun\218793846.jpg,kamyun,..\..\DATA\datasetv2_TrainClean\train
..\..\DATA\datasetv2_TrainClean\clean\vanet\216646205.jpg,vanet,..\..\DATA\datasetv2_TrainClean\clean
..\..\DATA\datasetv2_TrainClean\train\minibus\214810628.jpg,minibus,..\..\DATA\datasetv2_TrainClean\train
..\..\DATA\datasetv2_TrainClean\clean\ambulance\214721739.jpg,ambulance,..\..\DATA\datasetv2_TrainClean\clean
..\..\DATA\datasetv2_TrainClean\train\savari\214217815.jpg,savari,..\..\DATA\datasetv2_TrainClean\train
..\..\DATA\datasetv2_TrainClean\clean\kamyun\217114315.jpg,kamyun,..\..\DATA\datasetv2_TrainClean\clean
..\..\DATA\datasetv2_TrainClean\train\kamyun\195923707.jpg,kamyun,..\..\DATA\datasetv2_TrainClean\train
..\..\DATA\datasetv2_TrainClean\train\taxi\218002619.jpg,taxi,..\..\DATA\datasetv2_TrainClean\train
..\..\DATA\datasetv2_TrainClean\train\kamyun\218973447.jpg,kamyun,..\..\DATA\datasetv2_TrainClean\train
..\..\DATA\datasetv2_TrainClean\train\kamyun\196384553.jpg,kamyun,..\..\DATA\datasetv2_TrainClean\train
..\..\DATA\dataset\train\ambulance\206808986.jpg,ambulance,..\..\DATA\dataset\train
..\..\DATA\dataset\train\ambulance\198727855.jpg,ambulance,..\..\DATA\dataset\train
..\..\DATA\datasetv2_TrainClean\train\kamyun\217012663.jpg,kamyun,..\..\DATA\datasetv2_TrainClean\train
..\..\DATA\datasetv2_TrainClean\train\vanet\197599935.jpg,vanet,..\..\DATA\datasetv2_TrainClean\train
..\..\DATA\dataset\train\vanet\216972735.jpg,vanet,..\..\DATA\dataset\train
..\..\DATA\dataset\clean\ambulance\217579130.jpg,ambulance,..\..\DATA\dataset\clean
..\..\DATA\datasetv2_TrainClean\clean\taxi\218319555.jpg,taxi,..\..\DATA\datasetv2_TrainClean\clean
..\..\DATA\datasetv2_TrainClean\train\kamyun\216599410.jpg,kamyun,..\..\DATA\datasetv2_TrainClean\train
..\..\DATA\dataset\train\minibus\218596879.jpg,minibus,..\..\DATA\dataset\train
..\..\DATA\datasetv2_TrainClean\train\minibus\218080034.jpg,minibus,..\..\DATA\datasetv2_TrainClean\train
..\..\DATA\datasetv2_TrainClean\train\taxi\215631129.jpg,taxi,..\..\DATA\datasetv2_TrainClean\train
..\..\DATA\datasetv2_TrainClean\train\kamyun\216181883.jpg,kamyun,..\..\DATA\datasetv2_TrainClean\train
..\..\DATA\dataset\train\savari\206431037.jpg,savari,..\..\DATA\dataset\train
..\..\DATA\datasetv2_TrainClean\train\kamyun\215789247.jpg,kamyun,..\..\DATA\datasetv2_TrainClean\train
..\..\DATA\datasetv2_TrainClean\clean\kamyun\194253735.jpg,kamyun,..\..\DATA\datasetv2_TrainClean\clean
..\..\DATA\datasetv2_TrainClean\train\taxi\217395242.jpg,taxi,..\..\DATA\datasetv2_TrainClean\train
..\..\DATA\datasetv2_TrainClean\train\autobus\217999498.jpg,autobus,..\..\DATA\datasetv2_TrainClean\train
..\..\DATA\datasetv2_TrainClean\clean\autobus\215893121.jpg,autobus,..\..\DATA\datasetv2_TrainClean\clean
..\..\DATA\datasetv2_TrainClean\clean\autobus\198756999.jpg,autobus,..\..\DATA\datasetv2_TrainClean\clean
..\..\DATA\datasetv2_TrainClean\train\savari\216121140.jpg,savari,..\..\DATA\datasetv2_TrainClean\train
..\..\DATA\datasetv2_TrainClean\train\autobus\193937509.jpg,autobus,..\..\DATA\datasetv2_TrainClean\train
..\..\DATA\datasetv2_TrainClean\clean\vanet\195451128.jpg,vanet,..\..\DATA\datasetv2_TrainClean\clean
..\..\DATA\datasetv2_TrainClean\train\minibus\215143612.jpg,minibus,..\..\DATA\datasetv2_TrainClean\train
..\..\DATA\datasetv2_TrainClean\train\kamyun\213311124.jpg,kamyun,..\..\DATA\datasetv2_TrainClean\train
..\..\DATA\datasetv2_TrainClean\train\autobus\217932299.jpg,autobus,..\..\DATA\datasetv2_TrainClean\train
..\..\DATA\dataset\clean\vanet\195673270.jpg,vanet,..\..\DATA\dataset\clean
..\..\DATA\datasetv2_TrainClean\clean\vanet\218706597.jpg,vanet,..\..\DATA\datasetv2_TrainClean\clean
..\..\DATA\datasetv2_TrainClean\clean\autobus\200603886.jpg,autobus,..\..\DATA\datasetv2_TrainClean\clean
..\..\DATA\datasetv2_TrainClean\train\autobus\218625583.jpg,autobus,..\..\DATA\datasetv2_TrainClean\train
..\..\DATA\datasetv2_TrainClean\train\kamyun\218464321.jpg,kamyun,..\..\DATA\datasetv2_TrainClean\train
..\..\DATA\datasetv2_TrainClean\train\savari\218987822.jpg,savari,..\..\DATA\datasetv2_TrainClean\train
..\..\DATA\datasetv2_TrainClean\clean\autobus\218048879.jpg,autobus,..\..\DATA\datasetv2_TrainClean\clean
..\..\DATA\datasetv2_TrainClean\train\savari\210970421.jpg,savari,..\..\DATA\datasetv2_TrainClean\train
..\..\DATA\datasetv2_TrainClean\train\kamyun\218714519.jpg,kamyun,..\..\DATA\datasetv2_TrainClean\train
..\..\DATA\datasetv2_TrainClean\clean\vanet\209440438.jpg,vanet,..\..\DATA\datasetv2_TrainClean\clean
..\..\DATA\datasetv2_TrainClean\clean\savari\216428705.jpg,savari,..\..\DATA\datasetv2_TrainClean\clean
..\..\DATA\datasetv2_TrainClean\train\vanet\196951112.jpg,vanet,..\..\DATA\datasetv2_TrainClean\train
..\..\DATA\dataset\train\vanet\198055205.jpg,vanet,..\..\DATA\dataset\train
..\..\DATA\datasetv2_TrainClean\clean\taxi\218006006.jpg,taxi,..\..\DATA\datasetv2_TrainClean\clean
..\..\DATA\datasetv2_TrainClean\clean\kamyun\196424170.jpg,kamyun,..\..\DATA\datasetv2_TrainClean\clean
..\..\DATA\datasetv2_TrainClean\clean\ambulance\216235901.jpg,ambulance,..\..\DATA\datasetv2_TrainClean\clean
..\..\DATA\datasetv2_TrainClean\train\minibus\206185314.jpg,minibus,..\..\DATA\datasetv2_TrainClean\train
..\..\DATA\datasetv2_TrainClean\train\kamyun\193234027.jpg,kamyun,..\..\DATA\datasetv2_TrainClean\train
..\..\DATA\datasetv2_TrainClean\train\vanet\198922511.jpg,vanet,..\..\DATA\datasetv2_TrainClean\train
..\..\DATA\datasetv2_TrainClean\clean\minibus\218547989.jpg,minibus,..\..\DATA\datasetv2_TrainClean\clean
..\..\DATA\datasetv2_TrainClean\clean\kamyun\216496874.jpg,kamyun,..\..\DATA\datasetv2_TrainClean\clean
..\..\DATA\datasetv2_TrainClean\clean\vanet\215896255.jpg,vanet,..\..\DATA\datasetv2_TrainClean\clean
..\..\DATA\datasetv2_TrainClean\train\autobus\218375514.jpg,autobus,..\..\DATA\datasetv2_TrainClean\train
..\..\DATA\datasetv2_TrainClean\clean\minibus\218588253.jpg,minibus,..\..\DATA\datasetv2_TrainClean\clean
..\..\DATA\datasetv2_TrainClean\clean\autobus\216658438.jpg,autobus,..\..\DATA\datasetv2_TrainClean\clean
..\..\DATA\dataset\clean\kamyun\216792837.jpg,kamyun,..\..\DATA\dataset\clean
..\..\DATA\datasetv2_TrainClean\train\kamyun\218720188.jpg,kamyun,..\..\DATA\datasetv2_TrainClean\train
..\..\DATA\datasetv2_TrainClean\train\kamyun\219002808.jpg,kamyun,..\..\DATA\datasetv2_TrainClean\train
..\..\DATA\datasetv2_TrainClean\clean\ambulance\217813096.jpg,ambulance,..\..\DATA\datasetv2_TrainClean\clean
..\..\DATA\datasetv2_TrainClean\clean\taxi\216746933.jpg,taxi,..\..\DATA\datasetv2_TrainClean\clean
..\..\DATA\datasetv2_TrainClean\train\taxi\215658087.jpg,taxi,..\..\DATA\datasetv2_TrainClean\train
..\..\DATA\datasetv2_TrainClean\train\kamyun\218965460.jpg,kamyun,..\..\DATA\datasetv2_TrainClean\train
..\..\DATA\dataset\train\vanet\216034128.jpg,vanet,..\..\DATA\dataset\train
..\..\DATA\dataset\train\taxi\213300692.jpg,taxi,..\..\DATA\dataset\train
..\..\DATA\datasetv2_TrainClean\clean\ambulance\215776808.jpg,ambulance,..\..\DATA\datasetv2_TrainClean\clean
..\..\DATA\dataset\clean\kamyun\218151052.jpg,kamyun,..\..\DATA\dataset\clean
..\..\DATA\datasetv2_TrainClean\clean\savari\217504043.jpg,savari,..\..\DATA\datasetv2_TrainClean\clean
..\..\DATA\datasetv2_TrainClean\clean\minibus\216102576.jpg,minibus,..\..\DATA\datasetv2_TrainClean\clean
..\..\DATA\dataset\train\kamyun\218431091.jpg,kamyun,..\..\DATA\dataset\train
..\..\DATA\datasetv2_TrainClean\clean\kamyun\217940022.jpg,kamyun,..\..\DATA\datasetv2_TrainClean\clean
..\..\DATA\dataset\train\minibus\206186624.jpg,minibus,..\..\DATA\dataset\train
..\..\DATA\datasetv2_TrainClean\train\minibus\206172277.jpg,minibus,..\..\DATA\datasetv2_TrainClean\train
..\..\DATA\dataset\clean\vanet\197253666.jpg,vanet,..\..\DATA\dataset\clean
..\..\DATA\datasetv2_TrainClean\train\ambulance\201107960.jpg,ambulance,..\..\DATA\datasetv2_TrainClean\train
..\..\DATA\dataset\clean\vanet\216417392.jpg,vanet,..\..\DATA\dataset\clean
..\..\DATA\datasetv2_TrainClean\train\savari\217128837.jpg,savari,..\..\DATA\datasetv2_TrainClean\train
..\..\DATA\datasetv2_TrainClean\clean\minibus\197546828.jpg,minibus,..\..\DATA\datasetv2_TrainClean\clean
..\..\DATA\datasetv2_TrainClean\clean\taxi\215184166.jpg,taxi,..\..\DATA\datasetv2_TrainClean\clean
..\..\DATA\datasetv2_TrainClean\clean\vanet\215755752.jpg,vanet,..\..\DATA\datasetv2_TrainClean\clean
..\..\DATA\datasetv2_TrainClean\clean\vanet\215857042.jpg,vanet,..\..\DATA\datasetv2_TrainClean\clean
..\..\DATA\dataset\clean\taxi\218124538.jpg,taxi,..\..\DATA\dataset\clean
..\..\DATA\dataset\clean\vanet\198251219.jpg,vanet,..\..\DATA\dataset\clean
..\..\DATA\dataset\train\kamyun\215904707.jpg,kamyun,..\..\DATA\dataset\train
..\..\DATA\datasetv2_TrainClean\train\vanet\209493858.jpg,vanet,..\..\DATA\datasetv2_TrainClean\train
..\..\DATA\datasetv2_TrainClean\clean\vanet\206621338.jpg,vanet,..\..\DATA\datasetv2_TrainClean\clean
..\..\DATA\datasetv2_TrainClean\clean\taxi\217739057.jpg,taxi,..\..\DATA\datasetv2_TrainClean\clean
..\..\DATA\datasetv2_TrainClean\train\autobus\218080642.jpg,autobus,..\..\DATA\datasetv2_TrainClean\train
..\..\DATA\dataset\clean\autobus\216162374.jpg,autobus,..\..\DATA\dataset\clean
..\..\DATA\datasetv2_TrainClean\clean\minibus\216990378.jpg,minibus,..\..\DATA\datasetv2_TrainClean\clean
..\..\DATA\datasetv2_TrainClean\clean\kamyun\215958562.jpg,kamyun,..\..\DATA\datasetv2_TrainClean\clean
..\..\DATA\datasetv2_TrainClean\clean\savari\210570601.jpg,savari,..\..\DATA\datasetv2_TrainClean\clean
..\..\DATA\datasetv2_TrainClean\clean\kamyun\218106127.jpg,kamyun,..\..\DATA\datasetv2_TrainClean\clean
..\..\DATA\datasetv2_TrainClean\clean\savari\218989944.jpg,savari,..\..\DATA\datasetv2_TrainClean\clean
..\..\DATA\datasetv2_TrainClean\clean\savari\216246147.jpg,savari,..\..\DATA\datasetv2_TrainClean\clean
..\..\DATA\datasetv2_TrainClean\clean\autobus\209489102.jpg,autobus,..\..\DATA\datasetv2_TrainClean\clean
..\..\DATA\dataset\train\kamyun\218839669.jpg,kamyun,..\..\DATA\dataset\train
..\..\DATA\datasetv2_TrainClean\clean\kamyun\216048031.jpg,kamyun,..\..\DATA\datasetv2_TrainClean\clean
..\..\DATA\datasetv2_TrainClean\clean\ambulance\218179131.jpg,ambulance,..\..\DATA\datasetv2_TrainClean\clean
..\..\DATA\datasetv2_TrainClean\clean\taxi\217430278.jpg,taxi,..\..\DATA\datasetv2_TrainClean\clean
..\..\DATA\datasetv2_TrainClean\train\autobus\218688301.jpg,autobus,..\..\DATA\datasetv2_TrainClean\train
..\..\DATA\datasetv2_TrainClean\train\savari\216840028.jpg,savari,..\..\DATA\datasetv2_TrainClean\train
..\..\DATA\datasetv2_TrainClean\clean\vanet\198487480.jpg,vanet,..\..\DATA\datasetv2_TrainClean\clean
..\..\DATA\dataset\train\ambulance\208738861.jpg,ambulance,..\..\DATA\dataset\train
..\..\DATA\datasetv2_TrainClean\train\kamyun\217791052.jpg,kamyun,..\..\DATA\datasetv2_TrainClean\train
..\..\DATA\datasetv2_TrainClean\clean\kamyun\216790354.jpg,kamyun,..\..\DATA\datasetv2_TrainClean\clean
..\..\DATA\datasetv2_TrainClean\clean\kamyun\212746296.jpg,kamyun,..\..\DATA\datasetv2_TrainClean\clean
..\..\DATA\datasetv2_TrainClean\train\autobus\211222927.jpg,autobus,..\..\DATA\datasetv2_TrainClean\train
..\..\DATA\datasetv2_TrainClean\clean\minibus\218276550.jpg,minibus,..\..\DATA\datasetv2_TrainClean\clean
..\..\DATA\dataset\train\ambulance\217910074.jpg,ambulance,..\..\DATA\dataset\train
..\..\DATA\datasetv2_TrainClean\clean\savari\216442459.jpg,savari,..\..\DATA\datasetv2_TrainClean\clean
..\..\DATA\datasetv2_TrainClean\clean\ambulance\217896022.jpg,ambulance,..\..\DATA\datasetv2_TrainClean\clean
..\..\DATA\datasetv2_TrainClean\clean\taxi\215578060.jpg,taxi,..\..\DATA\datasetv2_TrainClean\clean
..\..\DATA\dataset\clean\autobus\218955741.jpg,autobus,..\..\DATA\dataset\clean
..\..\DATA\dataset\train\savari\218577056.jpg,savari,..\..\DATA\dataset\train
..\..\DATA\datasetv2_TrainClean\clean\kamyun\215897723.jpg,kamyun,..\..\DATA\datasetv2_TrainClean\clean
..\..\DATA\datasetv2_TrainClean\clean\vanet\209749493.jpg,vanet,..\..\DATA\datasetv2_TrainClean\clean
..\..\DATA\datasetv2_TrainClean\train\kamyun\216973054.jpg,kamyun,..\..\DATA\datasetv2_TrainClean\train
..\..\DATA\dataset\train\kamyun\216832169.jpg,kamyun,..\..\DATA\dataset\train
..\..\DATA\datasetv2_TrainClean\clean\taxi\198241462.jpg,taxi,..\..\DATA\datasetv2_TrainClean\clean
..\..\DATA\datasetv2_TrainClean\clean\savari\215797978.jpg,savari,..\..\DATA\datasetv2_TrainClean\clean
..\..\DATA\datasetv2_TrainClean\clean\kamyun\198465540.jpg,kamyun,..\..\DATA\datasetv2_TrainClean\clean
..\..\DATA\datasetv2_TrainClean\clean\vanet\207785775.jpg,vanet,..\..\DATA\datasetv2_TrainClean\clean
..\..\DATA\dataset\clean\kamyun\218696889.jpg,kamyun,..\..\DATA\dataset\clean
..\..\DATA\datasetv2_TrainClean\train\autobus\196503008.jpg,autobus,..\..\DATA\datasetv2_TrainClean\train
..\..\DATA\datasetv2_TrainClean\train\taxi\214583113.jpg,taxi,..\..\DATA\datasetv2_TrainClean\train
..\..\DATA\datasetv2_TrainClean\train\vanet\198381413.jpg,vanet,..\..\DATA\datasetv2_TrainClean\train
..\..\DATA\datasetv2_TrainClean\train\kamyun\212770154.jpg,kamyun,..\..\DATA\datasetv2_TrainClean\train
..\..\DATA\dataset\train\ambulance\216527609.jpg,ambulance,..\..\DATA\dataset\train
..\..\DATA\datasetv2_TrainClean\train\minibus\206253264.jpg,minibus,..\..\DATA\datasetv2_TrainClean\train
..\..\DATA\datasetv2_TrainClean\clean\kamyun\215772684.jpg,kamyun,..\..\DATA\datasetv2_TrainClean\clean
..\..\DATA\datasetv2_TrainClean\clean\autobus\216639197.jpg,autobus,..\..\DATA\datasetv2_TrainClean\clean
..\..\DATA\datasetv2_TrainClean\train\autobus\210036680.jpg,autobus,..\..\DATA\datasetv2_TrainClean\train
..\..\DATA\datasetv2_TrainClean\clean\ambulance\216050566.jpg,ambulance,..\..\DATA\datasetv2_TrainClean\clean
..\..\DATA\dataset\clean\kamyun\216297399.jpg,kamyun,..\..\DATA\dataset\clean
..\..\DATA\datasetv2_TrainClean\clean\savari\199250608.jpg,savari,..\..\DATA\datasetv2_TrainClean\clean
..\..\DATA\datasetv2_TrainClean\train\kamyun\218324880.jpg,kamyun,..\..\DATA\datasetv2_TrainClean\train
..\..\DATA\dataset\clean\minibus\217026643.jpg,minibus,..\..\DATA\dataset\clean
..\..\DATA\datasetv2_TrainClean\train\taxi\216003493.jpg,taxi,..\..\DATA\datasetv2_TrainClean\train
..\..\DATA\dataset\clean\autobus\216594094.jpg,autobus,..\..\DATA\dataset\clean
..\..\DATA\datasetv2_TrainClean\train\autobus\199993161.jpg,autobus,..\..\DATA\datasetv2_TrainClean\train
..\..\DATA\datasetv2_TrainClean\clean\taxi\212015814.jpg,taxi,..\..\DATA\datasetv2_TrainClean\clean
..\..\DATA\dataset\train\kamyun\217203351.jpg,kamyun,..\..\DATA\dataset\train
..\..\DATA\datasetv2_TrainClean\train\vanet\197800952.jpg,vanet,..\..\DATA\datasetv2_TrainClean\train
..\..\DATA\datasetv2_TrainClean\train\savari\217203738.jpg,savari,..\..\DATA\datasetv2_TrainClean\train
..\..\DATA\datasetv2_TrainClean\clean\taxi\216597558.jpg,taxi,..\..\DATA\datasetv2_TrainClean\clean
..\..\DATA\datasetv2_TrainClean\train\minibus\215763336.jpg,minibus,..\..\DATA\datasetv2_TrainClean\train
..\..\DATA\datasetv2_TrainClean\train\kamyun\218187257.jpg,kamyun,..\..\DATA\datasetv2_TrainClean\train
..\..\DATA\dataset\train\ambulance\218591595.jpg,ambulance,..\..\DATA\dataset\train
..\..\DATA\datasetv2_TrainClean\train\savari\217054235.jpg,savari,..\..\DATA\datasetv2_TrainClean\train
..\..\DATA\datasetv2_TrainClean\clean\vanet\218706383.jpg,vanet,..\..\DATA\datasetv2_TrainClean\clean
..\..\DATA\datasetv2_TrainClean\train\ambulance\217323781.jpg,ambulance,..\..\DATA\datasetv2_TrainClean\train
..\..\DATA\datasetv2_TrainClean\train\taxi\217601310.jpg,taxi,..\..\DATA\datasetv2_TrainClean\train
..\..\DATA\datasetv2_TrainClean\clean\vanet\218733711.jpg,vanet,..\..\DATA\datasetv2_TrainClean\clean
..\..\DATA\datasetv2_TrainClean\train\minibus\206121407.jpg,minibus,..\..\DATA\datasetv2_TrainClean\train
..\..\DATA\datasetv2_TrainClean\clean\vanet\216755768.jpg,vanet,..\..\DATA\datasetv2_TrainClean\clean
..\..\DATA\dataset\clean\ambulance\217040489.jpg,ambulance,..\..\DATA\dataset\clean
..\..\DATA\datasetv2_TrainClean\clean\savari\210866108.jpg,savari,..\..\DATA\datasetv2_TrainClean\clean
..\..\DATA\datasetv2_TrainClean\train\taxi\211554070.jpg,taxi,..\..\DATA\datasetv2_TrainClean\train
..\..\DATA\datasetv2_TrainClean\train\kamyun\209546498.jpg,kamyun,..\..\DATA\datasetv2_TrainClean\train
..\..\DATA\datasetv2_TrainClean\clean\taxi\213492354.jpg,taxi,..\..\DATA\datasetv2_TrainClean\clean
..\..\DATA\dataset\train\minibus\210125671.jpg,minibus,..\..\DATA\dataset\train
..\..\DATA\datasetv2_TrainClean\clean\savari\198480913.jpg,savari,..\..\DATA\datasetv2_TrainClean\clean
..\..\DATA\datasetv2_TrainClean\clean\autobus\217925813.jpg,autobus,..\..\DATA\datasetv2_TrainClean\clean
..\..\DATA\datasetv2_TrainClean\train\minibus\203238526.jpg,minibus,..\..\DATA\datasetv2_TrainClean\train
..\..\DATA\dataset\clean\vanet\214838660.jpg,vanet,..\..\DATA\dataset\clean
..\..\DATA\dataset\clean\vanet\217624535.jpg,vanet,..\..\DATA\dataset\clean
..\..\DATA\datasetv2_TrainClean\clean\vanet\207145836.jpg,vanet,..\..\DATA\datasetv2_TrainClean\clean
..\..\DATA\datasetv2_TrainClean\train\minibus\216419649.jpg,minibus,..\..\DATA\datasetv2_TrainClean\train
..\..\DATA\datasetv2_TrainClean\clean\kamyun\218187809.jpg,kamyun,..\..\DATA\datasetv2_TrainClean\clean
..\..\DATA\datasetv2_TrainClean\train\autobus\215687278.jpg,autobus,..\..\DATA\datasetv2_TrainClean\train
..\..\DATA\datasetv2_TrainClean\train\vanet\197508757.jpg,vanet,..\..\DATA\datasetv2_TrainClean\train
..\..\DATA\datasetv2_TrainClean\train\savari\211944076.jpg,savari,..\..\DATA\datasetv2_TrainClean\train
..\..\DATA\datasetv2_TrainClean\train\ambulance\218820152.jpg,ambulance,..\..\DATA\datasetv2_TrainClean\train
..\..\DATA\dataset\train\minibus\214620434.jpg,minibus,..\..\DATA\dataset\train
..\..\DATA\datasetv2_TrainClean\train\minibus\205942776.jpg,minibus,..\..\DATA\datasetv2_TrainClean\train
..\..\DATA\datasetv2_TrainClean\clean\taxi\217201191.jpg,taxi,..\..\DATA\datasetv2_TrainClean\clean
..\..\DATA\datasetv2_TrainClean\clean\minibus\218589609.jpg,minibus,..\..\DATA\datasetv2_TrainClean\clean
..\..\DATA\dataset\train\autobus\216060637.jpg,autobus,..\..\DATA\dataset\train
..\..\DATA\dataset\clean\autobus\197977992.jpg,autobus,..\..\DATA\dataset\clean
..\..\DATA\datasetv2_TrainClean\clean\vanet\211960009.jpg,vanet,..\..\DATA\datasetv2_TrainClean\clean
..\..\DATA\datasetv2_TrainClean\clean\taxi\215905052.jpg,taxi,..\..\DATA\datasetv2_TrainClean\clean
..\..\DATA\datasetv2_TrainClean\clean\savari\211317276.jpg,savari,..\..\DATA\datasetv2_TrainClean\clean
..\..\DATA\datasetv2_TrainClean\train\vanet\217570438.jpg,vanet,..\..\DATA\datasetv2_TrainClean\train
..\..\DATA\datasetv2_TrainClean\train\kamyun\215839717.jpg,kamyun,..\..\DATA\datasetv2_TrainClean\train
..\..\DATA\datasetv2_TrainClean\clean\savari\214643894.jpg,savari,..\..\DATA\datasetv2_TrainClean\clean
..\..\DATA\datasetv2_TrainClean\clean\ambulance\201232370.jpg,ambulance,..\..\DATA\datasetv2_TrainClean\clean
..\..\DATA\datasetv2_TrainClean\train\taxi\218051297.jpg,taxi,..\..\DATA\datasetv2_TrainClean\train
..\..\DATA\datasetv2_TrainClean\train\minibus\196261888.jpg,minibus,..\..\DATA\datasetv2_TrainClean\train
..\..\DATA\datasetv2_TrainClean\train\ambulance\218420550.jpg,ambulance,..\..\DATA\datasetv2_TrainClean\train
..\..\DATA\datasetv2_TrainClean\train\vanet\208339363.jpg,vanet,..\..\DATA\datasetv2_TrainClean\train
..\..\DATA\datasetv2_TrainClean\train\kamyun\198199671.jpg,kamyun,..\..\DATA\datasetv2_TrainClean\train
..\..\DATA\datasetv2_TrainClean\train\vanet\210908141.jpg,vanet,..\..\DATA\datasetv2_TrainClean\train
..\..\DATA\datasetv2_TrainClean\train\taxi\215948383.jpg,taxi,..\..\DATA\datasetv2_TrainClean\train
..\..\DATA\datasetv2_TrainClean\clean\vanet\197137291.jpg,vanet,..\..\DATA\datasetv2_TrainClean\clean
..\..\DATA\datasetv2_TrainClean\train\vanet\208422550.jpg,vanet,..\..\DATA\datasetv2_TrainClean\train
..\..\DATA\datasetv2_TrainClean\train\minibus\202350769.jpg,minibus,..\..\DATA\datasetv2_TrainClean\train
..\..\DATA\datasetv2_TrainClean\train\taxi\218045822.jpg,taxi,..\..\DATA\datasetv2_TrainClean\train
..\..\DATA\datasetv2_TrainClean\clean\kamyun\205327106.jpg,kamyun,..\..\DATA\datasetv2_TrainClean\clean
..\..\DATA\datasetv2_TrainClean\clean\ambulance\217255744.jpg,ambulance,..\..\DATA\datasetv2_TrainClean\clean
..\..\DATA\dataset\train\ambulance\218819949.jpg,ambulance,..\..\DATA\dataset\train
..\..\DATA\datasetv2_TrainClean\clean\kamyun\217801280.jpg,kamyun,..\..\DATA\datasetv2_TrainClean\clean
..\..\DATA\datasetv2_TrainClean\train\kamyun\218146720.jpg,kamyun,..\..\DATA\datasetv2_TrainClean\train
..\..\DATA\datasetv2_TrainClean\train\taxi\216207089.jpg,taxi,..\..\DATA\datasetv2_TrainClean\train
..\..\DATA\datasetv2_TrainClean\clean\savari\216570081.jpg,savari,..\..\DATA\datasetv2_TrainClean\clean
..\..\DATA\datasetv2_TrainClean\train\vanet\217279618.jpg,vanet,..\..\DATA\datasetv2_TrainClean\train
..\..\DATA\datasetv2_TrainClean\train\autobus\215710303.jpg,autobus,..\..\DATA\datasetv2_TrainClean\train
..\..\DATA\datasetv2_TrainClean\clean\vanet\208036477.jpg,vanet,..\..\DATA\datasetv2_TrainClean\clean
..\..\DATA\datasetv2_TrainClean\train\ambulance\209441415.jpg,ambulance,..\..\DATA\datasetv2_TrainClean\train
..\..\DATA\dataset\clean\vanet\207849483.jpg,vanet,..\..\DATA\dataset\clean
..\..\DATA\datasetv2_TrainClean\clean\taxi\218278120.jpg,taxi,..\..\DATA\datasetv2_TrainClean\clean
..\..\DATA\dataset\train\kamyun\200464110.jpg,kamyun,..\..\DATA\dataset\train
..\..\DATA\datasetv2_TrainClean\clean\ambulance\214343204.jpg,ambulance,..\..\DATA\datasetv2_TrainClean\clean
..\..\DATA\datasetv2_TrainClean\train\autobus\214398398.jpg,autobus,..\..\DATA\datasetv2_TrainClean\train
..\..\DATA\datasetv2_TrainClean\train\autobus\216141785.jpg,autobus,..\..\DATA\datasetv2_TrainClean\train
..\..\DATA\datasetv2_TrainClean\train\kamyun\215618855.jpg,kamyun,..\..\DATA\datasetv2_TrainClean\train
..\..\DATA\datasetv2_TrainClean\train\autobus\216847640.jpg,autobus,..\..\DATA\datasetv2_TrainClean\train
..\..\DATA\datasetv2_TrainClean\train\autobus\216176130.jpg,autobus,..\..\DATA\datasetv2_TrainClean\train
..\..\DATA\datasetv2_TrainClean\clean\autobus\218729799.jpg,autobus,..\..\DATA\datasetv2_TrainClean\clean
..\..\DATA\datasetv2_TrainClean\clean\vanet\197187868.jpg,vanet,..\..\DATA\datasetv2_TrainClean\clean
..\..\DATA\datasetv2_TrainClean\clean\kamyun\218729757.jpg,kamyun,..\..\DATA\datasetv2_TrainClean\clean
..\..\DATA\datasetv2_TrainClean\clean\autobus\216022475.jpg,autobus,..\..\DATA\datasetv2_TrainClean\clean
..\..\DATA\datasetv2_TrainClean\clean\vanet\198422649.jpg,vanet,..\..\DATA\datasetv2_TrainClean\clean
..\..\DATA\dataset\clean\minibus\216430711.jpg,minibus,..\..\DATA\dataset\clean
..\..\DATA\dataset\train\taxi\217787108.jpg,taxi,..\..\DATA\dataset\train
..\..\DATA\datasetv2_TrainClean\train\autobus\216322942.jpg,autobus,..\..\DATA\datasetv2_TrainClean\train
..\..\DATA\datasetv2_TrainClean\clean\minibus\206191662.jpg,minibus,..\..\DATA\datasetv2_TrainClean\clean
..\..\DATA\datasetv2_TrainClean\clean\kamyun\213506255.jpg,kamyun,..\..\DATA\datasetv2_TrainClean\clean
..\..\DATA\datasetv2_TrainClean\clean\vanet\214710884.jpg,vanet,..\..\DATA\datasetv2_TrainClean\clean
..\..\DATA\datasetv2_TrainClean\train\autobus\218964750.jpg,autobus,..\..\DATA\datasetv2_TrainClean\train
..\..\DATA\datasetv2_TrainClean\clean\minibus\216317074.jpg,minibus,..\..\DATA\datasetv2_TrainClean\clean
..\..\DATA\datasetv2_TrainClean\clean\savari\217377465.jpg,savari,..\..\DATA\datasetv2_TrainClean\clean
..\..\DATA\datasetv2_TrainClean\train\autobus\211087357.jpg,autobus,..\..\DATA\datasetv2_TrainClean\train
..\..\DATA\datasetv2_TrainClean\train\kamyun\215906129.jpg,kamyun,..\..\DATA\datasetv2_TrainClean\train
..\..\DATA\datasetv2_TrainClean\clean\autobus\218962057.jpg,autobus,..\..\DATA\datasetv2_TrainClean\clean
..\..\DATA\datasetv2_TrainClean\train\taxi\212411751.jpg,taxi,..\..\DATA\datasetv2_TrainClean\train
..\..\DATA\datasetv2_TrainClean\train\minibus\216106217.jpg,minibus,..\..\DATA\datasetv2_TrainClean\train
..\..\DATA\dataset\clean\taxi\216848358.jpg,taxi,..\..\DATA\dataset\clean
..\..\DATA\datasetv2_TrainClean\train\taxi\217058934.jpg,taxi,..\..\DATA\datasetv2_TrainClean\train
..\..\DATA\datasetv2_TrainClean\train\kamyun\217762819.jpg,kamyun,..\..\DATA\datasetv2_TrainClean\train
..\..\DATA\datasetv2_TrainClean\clean\kamyun\218208780.jpg,kamyun,..\..\DATA\datasetv2_TrainClean\clean
..\..\DATA\datasetv2_TrainClean\clean\kamyun\218342823.jpg,kamyun,..\..\DATA\datasetv2_TrainClean\clean
..\..\DATA\dataset\clean\vanet\208570612.jpg,vanet,..\..\DATA\dataset\clean
..\..\DATA\datasetv2_TrainClean\clean\savari\205576507.jpg,savari,..\..\DATA\datasetv2_TrainClean\clean
..\..\DATA\datasetv2_TrainClean\train\kamyun\217206646.jpg,kamyun,..\..\DATA\datasetv2_TrainClean\train
..\..\DATA\datasetv2_TrainClean\train\kamyun\205760352.jpg,kamyun,..\..\DATA\datasetv2_TrainClean\train
..\..\DATA\datasetv2_TrainClean\train\kamyun\215699541.jpg,kamyun,..\..\DATA\datasetv2_TrainClean\train
..\..\DATA\datasetv2_TrainClean\clean\kamyun\219108317.jpg,kamyun,..\..\DATA\datasetv2_TrainClean\clean
..\..\DATA\datasetv2_TrainClean\clean\savari\218304819.jpg,savari,..\..\DATA\datasetv2_TrainClean\clean
..\..\DATA\dataset\clean\ambulance\218460563.jpg,ambulance,..\..\DATA\dataset\clean
..\..\DATA\datasetv2_TrainClean\clean\vanet\199358904.jpg,vanet,..\..\DATA\datasetv2_TrainClean\clean
..\..\DATA\dataset\train\savari\218777657.jpg,savari,..\..\DATA\dataset\train
..\..\DATA\dataset\train\ambulance\216864213.jpg,ambulance,..\..\DATA\dataset\train
..\..\DATA\datasetv2_TrainClean\train\kamyun\215580189.jpg,kamyun,..\..\DATA\datasetv2_TrainClean\train
..\..\DATA\dataset\train\autobus\217672139.jpg,autobus,..\..\DATA\dataset\train
..\..\DATA\datasetv2_TrainClean\clean\savari\213387241.jpg,savari,..\..\DATA\datasetv2_TrainClean\clean
..\..\DATA\dataset\clean\kamyun\209859136.jpg,kamyun,..\..\DATA\dataset\clean
..\..\DATA\datasetv2_TrainClean\clean\minibus\218943435.jpg,minibus,..\..\DATA\datasetv2_TrainClean\clean
..\..\DATA\datasetv2_TrainClean\clean\minibus\215969336.jpg,minibus,..\..\DATA\datasetv2_TrainClean\clean
..\..\DATA\datasetv2_TrainClean\clean\ambulance\211184410.jpg,ambulance,..\..\DATA\datasetv2_TrainClean\clean
..\..\DATA\datasetv2_TrainClean\clean\ambulance\217282219.jpg,ambulance,..\..\DATA\datasetv2_TrainClean\clean
..\..\DATA\datasetv2_TrainClean\clean\taxi\198359281.jpg,taxi,..\..\DATA\datasetv2_TrainClean\clean
..\..\DATA\datasetv2_TrainClean\clean\taxi\218187498.jpg,taxi,..\..\DATA\datasetv2_TrainClean\clean
..\..\DATA\datasetv2_TrainClean\train\ambulance\216843475.jpg,ambulance,..\..\DATA\datasetv2_TrainClean\train
..\..\DATA\datasetv2_TrainClean\train\savari\216533289.jpg,savari,..\..\DATA\datasetv2_TrainClean\train
..\..\DATA\datasetv2_TrainClean\train\kamyun\216801664.jpg,kamyun,..\..\DATA\datasetv2_TrainClean\train
..\..\DATA\dataset\clean\autobus\199115928.jpg,autobus,..\..\DATA\dataset\clean
..\..\DATA\datasetv2_TrainClean\clean\vanet\208529735.jpg,vanet,..\..\DATA\datasetv2_TrainClean\clean
..\..\DATA\datasetv2_TrainClean\train\taxi\215131777.jpg,taxi,..\..\DATA\datasetv2_TrainClean\train
..\..\DATA\datasetv2_TrainClean\clean\kamyun\218592622.jpg,kamyun,..\..\DATA\datasetv2_TrainClean\clean
..\..\DATA\dataset\clean\kamyun\198425102.jpg,kamyun,..\..\DATA\dataset\clean
..\..\DATA\datasetv2_TrainClean\train\ambulance\216777388.jpg,ambulance,..\..\DATA\datasetv2_TrainClean\train
..\..\DATA\datasetv2_TrainClean\train\autobus\217040529.jpg,autobus,..\..\DATA\datasetv2_TrainClean\train
..\..\DATA\datasetv2_TrainClean\train\kamyun\216130239.jpg,kamyun,..\..\DATA\datasetv2_TrainClean\train
..\..\DATA\datasetv2_TrainClean\train\savari\211295182.jpg,savari,..\..\DATA\datasetv2_TrainClean\train
..\..\DATA\dataset\clean\vanet\212662044.jpg,vanet,..\..\DATA\dataset\clean
..\..\DATA\datasetv2_TrainClean\clean\vanet\198284815.jpg,vanet,..\..\DATA\datasetv2_TrainClean\clean
..\..\DATA\datasetv2_TrainClean\train\kamyun\216022236.jpg,kamyun,..\..\DATA\datasetv2_TrainClean\train
..\..\DATA\dataset\train\taxi\212460719.jpg,taxi,..\..\DATA\dataset\train
..\..\DATA\datasetv2_TrainClean\clean\minibus\215869395.jpg,minibus,..\..\DATA\datasetv2_TrainClean\clean
..\..\DATA\datasetv2_TrainClean\train\autobus\218932432.jpg,autobus,..\..\DATA\datasetv2_TrainClean\train
..\..\DATA\datasetv2_TrainClean\train\ambulance\216035809.jpg,ambulance,..\..\DATA\datasetv2_TrainClean\train
..\..\DATA\datasetv2_TrainClean\clean\kamyun\218163443.jpg,kamyun,..\..\DATA\datasetv2_TrainClean\clean
..\..\DATA\datasetv2_TrainClean\clean\autobus\216652655.jpg,autobus,..\..\DATA\datasetv2_TrainClean\clean
..\..\DATA\datasetv2_TrainClean\train\kamyun\212656774.jpg,kamyun,..\..\DATA\datasetv2_TrainClean\train
..\..\DATA\dataset\train\savari\207964148.jpg,savari,..\..\DATA\dataset\train
..\..\DATA\datasetv2_TrainClean\train\ambulance\217785400.jpg,ambulance,..\..\DATA\datasetv2_TrainClean\train
..\..\DATA\dataset\train\kamyun\214789826.jpg,kamyun,..\..\DATA\dataset\train
..\..\DATA\dataset\clean\kamyun\215100998.jpg,kamyun,..\..\DATA\dataset\clean
..\..\DATA\datasetv2_TrainClean\train\vanet\218044166.jpg,vanet,..\..\DATA\datasetv2_TrainClean\train
..\..\DATA\datasetv2_TrainClean\train\kamyun\212828689.jpg,kamyun,..\..\DATA\datasetv2_TrainClean\train
..\..\DATA\dataset\clean\vanet\203454250.jpg,vanet,..\..\DATA\dataset\clean
..\..\DATA\datasetv2_TrainClean\clean\savari\216856504.jpg,savari,..\..\DATA\datasetv2_TrainClean\clean
..\..\DATA\datasetv2_TrainClean\train\kamyun\216479941.jpg,kamyun,..\..\DATA\datasetv2_TrainClean\train
..\..\DATA\datasetv2_TrainClean\train\savari\218868809.jpg,savari,..\..\DATA\datasetv2_TrainClean\train
..\..\DATA\datasetv2_TrainClean\clean\vanet\198578327.jpg,vanet,..\..\DATA\datasetv2_TrainClean\clean
..\..\DATA\datasetv2_TrainClean\clean\minibus\206190675.jpg,minibus,..\..\DATA\datasetv2_TrainClean\clean
..\..\DATA\datasetv2_TrainClean\clean\ambulance\212001982.jpg,ambulance,..\..\DATA\datasetv2_TrainClean\clean
..\..\DATA\datasetv2_TrainClean\clean\kamyun\218018419.jpg,kamyun,..\..\DATA\datasetv2_TrainClean\clean
..\..\DATA\datasetv2_TrainClean\train\taxi\195273350.jpg,taxi,..\..\DATA\datasetv2_TrainClean\train
..\..\DATA\datasetv2_TrainClean\train\minibus\197892143.jpg,minibus,..\..\DATA\datasetv2_TrainClean\train
..\..\DATA\datasetv2_TrainClean\clean\vanet\202045297.jpg,vanet,..\..\DATA\datasetv2_TrainClean\clean
..\..\DATA\datasetv2_TrainClean\clean\vanet\218807198.jpg,vanet,..\..\DATA\datasetv2_TrainClean\clean
..\..\DATA\datasetv2_TrainClean\train\vanet\200809636.jpg,vanet,..\..\DATA\datasetv2_TrainClean\train
..\..\DATA\datasetv2_TrainClean\clean\vanet\216525289.jpg,vanet,..\..\DATA\datasetv2_TrainClean\clean
..\..\DATA\datasetv2_TrainClean\train\kamyun\216539171.jpg,kamyun,..\..\DATA\datasetv2_TrainClean\train
..\..\DATA\datasetv2_TrainClean\train\autobus\216328773.jpg,autobus,..\..\DATA\datasetv2_TrainClean\train
..\..\DATA\dataset\clean\vanet\209233623.jpg,vanet,..\..\DATA\dataset\clean
..\..\DATA\datasetv2_TrainClean\clean\vanet\200932721.jpg,vanet,..\..\DATA\datasetv2_TrainClean\clean
..\..\DATA\datasetv2_TrainClean\train\taxi\196711537.jpg,taxi,..\..\DATA\datasetv2_TrainClean\train
..\..\DATA\datasetv2_TrainClean\train\autobus\194356888.jpg,autobus,..\..\DATA\datasetv2_TrainClean\train
..\..\DATA\datasetv2_TrainClean\clean\savari\216624665.jpg,savari,..\..\DATA\datasetv2_TrainClean\clean
..\..\DATA\datasetv2_TrainClean\train\savari\199630427.jpg,savari,..\..\DATA\datasetv2_TrainClean\train
..\..\DATA\datasetv2_TrainClean\train\ambulance\218332655.jpg,ambulance,..\..\DATA\datasetv2_TrainClean\train
..\..\DATA\dataset\train\vanet\197702697.jpg,vanet,..\..\DATA\dataset\train
..\..\DATA\datasetv2_TrainClean\clean\savari\205317151.jpg,savari,..\..\DATA\datasetv2_TrainClean\clean
..\..\DATA\datasetv2_TrainClean\clean\vanet\211921402.jpg,vanet,..\..\DATA\datasetv2_TrainClean\clean
..\..\DATA\datasetv2_TrainClean\train\autobus\215033304.jpg,autobus,..\..\DATA\datasetv2_TrainClean\train
..\..\DATA\datasetv2_TrainClean\train\ambulance\211623028.jpg,ambulance,..\..\DATA\datasetv2_TrainClean\train
..\..\DATA\datasetv2_TrainClean\train\kamyun\217957818.jpg,kamyun,..\..\DATA\datasetv2_TrainClean\train
..\..\DATA\datasetv2_TrainClean\train\vanet\218299620.jpg,vanet,..\..\DATA\datasetv2_TrainClean\train
..\..\DATA\datasetv2_TrainClean\clean\savari\215184231.jpg,savari,..\..\DATA\datasetv2_TrainClean\clean
..\..\DATA\datasetv2_TrainClean\clean\autobus\210108251.jpg,autobus,..\..\DATA\datasetv2_TrainClean\clean
..\..\DATA\datasetv2_TrainClean\clean\ambulance\216456892.jpg,ambulance,..\..\DATA\datasetv2_TrainClean\clean
..\..\DATA\datasetv2_TrainClean\clean\minibus\206187052.jpg,minibus,..\..\DATA\datasetv2_TrainClean\clean
..\..\DATA\datasetv2_TrainClean\clean\kamyun\219121462.jpg,kamyun,..\..\DATA\datasetv2_TrainClean\clean
..\..\DATA\datasetv2_TrainClean\clean\vanet\218377226.jpg,vanet,..\..\DATA\datasetv2_TrainClean\clean
..\..\DATA\dataset\clean\kamyun\214359092.jpg,kamyun,..\..\DATA\dataset\clean
..\..\DATA\datasetv2_TrainClean\clean\vanet\216044833.jpg,vanet,..\..\DATA\datasetv2_TrainClean\clean
..\..\DATA\datasetv2_TrainClean\train\autobus\218060093.jpg,autobus,..\..\DATA\datasetv2_TrainClean\train
..\..\DATA\datasetv2_TrainClean\train\savari\216809812.jpg,savari,..\..\DATA\datasetv2_TrainClean\train
..\..\DATA\datasetv2_TrainClean\train\savari\217939245.jpg,savari,..\..\DATA\datasetv2_TrainClean\train
..\..\DATA\dataset\clean\savari\218467171.jpg,savari,..\..\DATA\dataset\clean
..\..\DATA\dataset\clean\vanet\195575409.jpg,vanet,..\..\DATA\dataset\clean
..\..\DATA\datasetv2_TrainClean\train\autobus\217431762.jpg,autobus,..\..\DATA\datasetv2_TrainClean\train
..\..\DATA\dataset\clean\minibus\210102226.jpg,minibus,..\..\DATA\dataset\clean
..\..\DATA\datasetv2_TrainClean\clean\kamyun\216428687.jpg,kamyun,..\..\DATA\datasetv2_TrainClean\clean
..\..\DATA\datasetv2_TrainClean\train\savari\195911472.jpg,savari,..\..\DATA\datasetv2_TrainClean\train
..\..\DATA\dataset\train\savari\216129393.jpg,savari,..\..\DATA\dataset\train
..\..\DATA\datasetv2_TrainClean\clean\autobus\217131284.jpg,autobus,..\..\DATA\datasetv2_TrainClean\clean
..\..\DATA\dataset\train\minibus\196752594.jpg,minibus,..\..\DATA\dataset\train
..\..\DATA\datasetv2_TrainClean\clean\autobus\196526860.jpg,autobus,..\..\DATA\datasetv2_TrainClean\clean
..\..\DATA\datasetv2_TrainClean\train\minibus\202222574.jpg,minibus,..\..\DATA\datasetv2_TrainClean\train
..\..\DATA\datasetv2_TrainClean\clean\ambulance\215802717.jpg,ambulance,..\..\DATA\datasetv2_TrainClean\clean
..\..\DATA\datasetv2_TrainClean\clean\savari\219008456.jpg,savari,..\..\DATA\datasetv2_TrainClean\clean
..\..\DATA\dataset\clean\minibus\211051242.jpg,minibus,..\..\DATA\dataset\clean
..\..\DATA\datasetv2_TrainClean\train\taxi\216561625.jpg,taxi,..\..\DATA\datasetv2_TrainClean\train
..\..\DATA\dataset\train\vanet\207379908.jpg,vanet,..\..\DATA\dataset\train
..\..\DATA\datasetv2_TrainClean\train\minibus\217826361.jpg,minibus,..\..\DATA\datasetv2_TrainClean\train
..\..\DATA\dataset\train\kamyun\218812834.jpg,kamyun,..\..\DATA\dataset\train
..\..\DATA\datasetv2_TrainClean\train\kamyun\218065087.jpg,kamyun,..\..\DATA\datasetv2_TrainClean\train
..\..\DATA\datasetv2_TrainClean\train\vanet\196691380.jpg,vanet,..\..\DATA\datasetv2_TrainClean\train
..\..\DATA\datasetv2_TrainClean\clean\vanet\207677276.jpg,vanet,..\..\DATA\datasetv2_TrainClean\clean
..\..\DATA\dataset\clean\kamyun\216929918.jpg,kamyun,..\..\DATA\dataset\clean
..\..\DATA\datasetv2_TrainClean\train\kamyun\198247089.jpg,kamyun,..\..\DATA\datasetv2_TrainClean\train
..\..\DATA\dataset\train\ambulance\214162077.jpg,ambulance,..\..\DATA\dataset\train
..\..\DATA\datasetv2_TrainClean\clean\ambulance\215942342.jpg,ambulance,..\..\DATA\datasetv2_TrainClean\clean
..\..\DATA\datasetv2_TrainClean\clean\kamyun\216631549.jpg,kamyun,..\..\DATA\datasetv2_TrainClean\clean
..\..\DATA\dataset\train\autobus\218182608.jpg,autobus,..\..\DATA\dataset\train
..\..\DATA\dataset\clean\vanet\205492654.jpg,vanet,..\..\DATA\dataset\clean
..\..\DATA\datasetv2_TrainClean\train\ambulance\214641358.jpg,ambulance,..\..\DATA\datasetv2_TrainClean\train
..\..\DATA\datasetv2_TrainClean\train\vanet\212755321.jpg,vanet,..\..\DATA\datasetv2_TrainClean\train
..\..\DATA\datasetv2_TrainClean\clean\vanet\214543167.jpg,vanet,..\..\DATA\datasetv2_TrainClean\clean
..\..\DATA\datasetv2_TrainClean\train\taxi\216061960.jpg,taxi,..\..\DATA\datasetv2_TrainClean\train
..\..\DATA\datasetv2_TrainClean\train\autobus\216449385.jpg,autobus,..\..\DATA\datasetv2_TrainClean\train
..\..\DATA\dataset\clean\vanet\208582339.jpg,vanet,..\..\DATA\dataset\clean
..\..\DATA\datasetv2_TrainClean\train\savari\218953537.jpg,savari,..\..\DATA\datasetv2_TrainClean\train
..\..\DATA\datasetv2_TrainClean\clean\kamyun\219033619.jpg,kamyun,..\..\DATA\datasetv2_TrainClean\clean
..\..\DATA\datasetv2_TrainClean\clean\taxi\199494864.jpg,taxi,..\..\DATA\datasetv2_TrainClean\clean
..\..\DATA\dataset\clean\savari\198098595.jpg,savari,..\..\DATA\dataset\clean
..\..\DATA\datasetv2_TrainClean\train\ambulance\216816417.jpg,ambulance,..\..\DATA\datasetv2_TrainClean\train
..\..\DATA\datasetv2_TrainClean\clean\kamyun\216034688.jpg,kamyun,..\..\DATA\datasetv2_TrainClean\clean
..\..\DATA\datasetv2_TrainClean\clean\vanet\207142000.jpg,vanet,..\..\DATA\datasetv2_TrainClean\clean
..\..\DATA\datasetv2_TrainClean\clean\savari\205668577.jpg,savari,..\..\DATA\datasetv2_TrainClean\clean
..\..\DATA\datasetv2_TrainClean\clean\vanet\199998323.jpg,vanet,..\..\DATA\datasetv2_TrainClean\clean
..\..\DATA\datasetv2_TrainClean\clean\ambulance\214375238.jpg,ambulance,..\..\DATA\datasetv2_TrainClean\clean
..\..\DATA\datasetv2_TrainClean\clean\vanet\199831447.jpg,vanet,..\..\DATA\datasetv2_TrainClean\clean
..\..\DATA\datasetv2_TrainClean\clean\vanet\204195442.jpg,vanet,..\..\DATA\datasetv2_TrainClean\clean
..\..\DATA\datasetv2_TrainClean\train\autobus\215604362.jpg,autobus,..\..\DATA\datasetv2_TrainClean\train
..\..\DATA\datasetv2_TrainClean\clean\minibus\218838942.jpg,minibus,..\..\DATA\datasetv2_TrainClean\clean
..\..\DATA\datasetv2_TrainClean\train\autobus\215821118.jpg,autobus,..\..\DATA\datasetv2_TrainClean\train
..\..\DATA\datasetv2_TrainClean\train\ambulance\218191394.jpg,ambulance,..\..\DATA\datasetv2_TrainClean\train
..\..\DATA\datasetv2_TrainClean\train\kamyun\215175729.jpg,kamyun,..\..\DATA\datasetv2_TrainClean\train
..\..\DATA\datasetv2_TrainClean\train\vanet\218785295.jpg,vanet,..\..\DATA\datasetv2_TrainClean\train
..\..\DATA\dataset\clean\ambulance\215775075.jpg,ambulance,..\..\DATA\dataset\clean
..\..\DATA\datasetv2_TrainClean\clean\vanet\216156094.jpg,vanet,..\..\DATA\datasetv2_TrainClean\clean
..\..\DATA\datasetv2_TrainClean\clean\vanet\199706691.jpg,vanet,..\..\DATA\datasetv2_TrainClean\clean
..\..\DATA\datasetv2_TrainClean\train\minibus\218367789.jpg,minibus,..\..\DATA\datasetv2_TrainClean\train
..\..\DATA\datasetv2_TrainClean\train\ambulance\212007692.jpg,ambulance,..\..\DATA\datasetv2_TrainClean\train
..\..\DATA\datasetv2_TrainClean\train\kamyun\218206459.jpg,kamyun,..\..\DATA\datasetv2_TrainClean\train
..\..\DATA\dataset\train\vanet\218514544.jpg,vanet,..\..\DATA\dataset\train
..\..\DATA\dataset\clean\taxi\217918556.jpg,taxi,..\..\DATA\dataset\clean
..\..\DATA\datasetv2_TrainClean\clean\autobus\216709950.jpg,autobus,..\..\DATA\datasetv2_TrainClean\clean
..\..\DATA\dataset\clean\autobus\215151704.jpg,autobus,..\..\DATA\dataset\clean
..\..\DATA\datasetv2_TrainClean\clean\autobus\216036079.jpg,autobus,..\..\DATA\datasetv2_TrainClean\clean
..\..\DATA\datasetv2_TrainClean\train\vanet\215891603.jpg,vanet,..\..\DATA\datasetv2_TrainClean\train
..\..\DATA\datasetv2_TrainClean\train\taxi\215704125.jpg,taxi,..\..\DATA\datasetv2_TrainClean\train
..\..\DATA\datasetv2_TrainClean\clean\savari\206416762.jpg,savari,..\..\DATA\datasetv2_TrainClean\clean
..\..\DATA\datasetv2_TrainClean\train\taxi\218343681.jpg,taxi,..\..\DATA\datasetv2_TrainClean\train
..\..\DATA\datasetv2_TrainClean\clean\kamyun\213750078.jpg,kamyun,..\..\DATA\datasetv2_TrainClean\clean
..\..\DATA\datasetv2_TrainClean\train\kamyun\218528089.jpg,kamyun,..\..\DATA\datasetv2_TrainClean\train
..\..\DATA\datasetv2_TrainClean\train\taxi\218093052.jpg,taxi,..\..\DATA\datasetv2_TrainClean\train
..\..\DATA\datasetv2_TrainClean\clean\taxi\216207428.jpg,taxi,..\..\DATA\datasetv2_TrainClean\clean
..\..\DATA\datasetv2_TrainClean\clean\vanet\197957684.jpg,vanet,..\..\DATA\datasetv2_TrainClean\clean
..\..\DATA\datasetv2_TrainClean\clean\taxi\216554605.jpg,taxi,..\..\DATA\datasetv2_TrainClean\clean
..\..\DATA\datasetv2_TrainClean\train\kamyun\197524191.jpg,kamyun,..\..\DATA\datasetv2_TrainClean\train
..\..\DATA\dataset\clean\kamyun\216304874.jpg,kamyun,..\..\DATA\dataset\clean
..\..\DATA\datasetv2_TrainClean\train\vanet\218619586.jpg,vanet,..\..\DATA\datasetv2_TrainClean\train
..\..\DATA\datasetv2_TrainClean\clean\autobus\215573481.jpg,autobus,..\..\DATA\datasetv2_TrainClean\clean
..\..\DATA\datasetv2_TrainClean\train\kamyun\216934910.jpg,kamyun,..\..\DATA\datasetv2_TrainClean\train
..\..\DATA\datasetv2_TrainClean\clean\minibus\216930102.jpg,minibus,..\..\DATA\datasetv2_TrainClean\clean
..\..\DATA\datasetv2_TrainClean\clean\vanet\196756713.jpg,vanet,..\..\DATA\datasetv2_TrainClean\clean
..\..\DATA\datasetv2_TrainClean\train\savari\201797319.jpg,savari,..\..\DATA\datasetv2_TrainClean\train
..\..\DATA\datasetv2_TrainClean\train\savari\206027281.jpg,savari,..\..\DATA\datasetv2_TrainClean\train
..\..\DATA\datasetv2_TrainClean\train\taxi\214699680.jpg,taxi,..\..\DATA\datasetv2_TrainClean\train
..\..\DATA\datasetv2_TrainClean\clean\minibus\215772392.jpg,minibus,..\..\DATA\datasetv2_TrainClean\clean
..\..\DATA\datasetv2_TrainClean\train\kamyun\217807697.jpg,kamyun,..\..\DATA\datasetv2_TrainClean\train
..\..\DATA\datasetv2_TrainClean\clean\savari\215996726.jpg,savari,..\..\DATA\datasetv2_TrainClean\clean
..\..\DATA\datasetv2_TrainClean\train\savari\216539135.jpg,savari,..\..\DATA\datasetv2_TrainClean\train
..\..\DATA\datasetv2_TrainClean\train\ambulance\215890423.jpg,ambulance,..\..\DATA\datasetv2_TrainClean\train
..\..\DATA\datasetv2_TrainClean\clean\kamyun\215545975.jpg,kamyun,..\..\DATA\datasetv2_TrainClean\clean
..\..\DATA\datasetv2_TrainClean\clean\autobus\218751068.jpg,autobus,..\..\DATA\datasetv2_TrainClean\clean
..\..\DATA\datasetv2_TrainClean\train\kamyun\215575740.jpg,kamyun,..\..\DATA\datasetv2_TrainClean\train
..\..\DATA\dataset\clean\minibus\213411665.jpg,minibus,..\..\DATA\dataset\clean
..\..\DATA\datasetv2_TrainClean\train\savari\216814138.jpg,savari,..\..\DATA\datasetv2_TrainClean\train
..\..\DATA\datasetv2_TrainClean\train\ambulance\203539792.jpg,ambulance,..\..\DATA\datasetv2_TrainClean\train
..\..\DATA\datasetv2_TrainClean\clean\savari\215808755.jpg,savari,..\..\DATA\datasetv2_TrainClean\clean
..\..\DATA\datasetv2_TrainClean\train\taxi\218787302.jpg,taxi,..\..\DATA\datasetv2_TrainClean\train
..\..\DATA\datasetv2_TrainClean\clean\vanet\208280084.jpg,vanet,..\..\DATA\datasetv2_TrainClean\clean
..\..\DATA\dataset\train\taxi\217144560.jpg,taxi,..\..\DATA\dataset\train
..\..\DATA\datasetv2_TrainClean\clean\kamyun\218365461.jpg,kamyun,..\..\DATA\datasetv2_TrainClean\clean
..\..\DATA\datasetv2_TrainClean\train\kamyun\217939203.jpg,kamyun,..\..\DATA\datasetv2_TrainClean\train
..\..\DATA\datasetv2_TrainClean\clean\savari\207151442.jpg,savari,..\..\DATA\datasetv2_TrainClean\clean
..\..\DATA\datasetv2_TrainClean\train\kamyun\214657348.jpg,kamyun,..\..\DATA\datasetv2_TrainClean\train
..\..\DATA\dataset\clean\ambulance\217696116.jpg,ambulance,..\..\DATA\dataset\clean
..\..\DATA\datasetv2_TrainClean\clean\kamyun\198714516.jpg,kamyun,..\..\DATA\datasetv2_TrainClean\clean
..\..\DATA\datasetv2_TrainClean\train\ambulance\216287989.jpg,ambulance,..\..\DATA\datasetv2_TrainClean\train
..\..\DATA\datasetv2_TrainClean\clean\vanet\197308030.jpg,vanet,..\..\DATA\datasetv2_TrainClean\clean
..\..\DATA\dataset\train\vanet\214596732.jpg,vanet,..\..\DATA\dataset\train
..\..\DATA\datasetv2_TrainClean\train\autobus\218908823.jpg,autobus,..\..\DATA\datasetv2_TrainClean\train
..\..\DATA\datasetv2_TrainClean\clean\taxi\215647683.jpg,taxi,..\..\DATA\datasetv2_TrainClean\clean
..\..\DATA\datasetv2_TrainClean\train\kamyun\218020793.jpg,kamyun,..\..\DATA\datasetv2_TrainClean\train
..\..\DATA\datasetv2_TrainClean\clean\autobus\216939494.jpg,autobus,..\..\DATA\datasetv2_TrainClean\clean
..\..\DATA\datasetv2_TrainClean\train\vanet\217881286.jpg,vanet,..\..\DATA\datasetv2_TrainClean\train
..\..\DATA\datasetv2_TrainClean\clean\autobus\210758346.jpg,autobus,..\..\DATA\datasetv2_TrainClean\clean
..\..\DATA\dataset\clean\taxi\218757953.jpg,taxi,..\..\DATA\dataset\clean
..\..\DATA\datasetv2_TrainClean\clean\minibus\216573266.jpg,minibus,..\..\DATA\datasetv2_TrainClean\clean
..\..\DATA\datasetv2_TrainClean\clean\vanet\214844872.jpg,vanet,..\..\DATA\datasetv2_TrainClean\clean
..\..\DATA\datasetv2_TrainClean\train\kamyun\215946155.jpg,kamyun,..\..\DATA\datasetv2_TrainClean\train
..\..\DATA\datasetv2_TrainClean\clean\minibus\218335519.jpg,minibus,..\..\DATA\datasetv2_TrainClean\clean
..\..\DATA\datasetv2_TrainClean\clean\vanet\207846586.jpg,vanet,..\..\DATA\datasetv2_TrainClean\clean
..\..\DATA\datasetv2_TrainClean\train\ambulance\214491219.jpg,ambulance,..\..\DATA\datasetv2_TrainClean\train
..\..\DATA\dataset\train\kamyun\218777039.jpg,kamyun,..\..\DATA\dataset\train
..\..\DATA\dataset\train\minibus\215607636.jpg,minibus,..\..\DATA\dataset\train
..\..\DATA\datasetv2_TrainClean\clean\autobus\218900005.jpg,autobus,..\..\DATA\datasetv2_TrainClean\clean
..\..\DATA\datasetv2_TrainClean\clean\vanet\208296936.jpg,vanet,..\..\DATA\datasetv2_TrainClean\clean
..\..\DATA\datasetv2_TrainClean\clean\vanet\218153586.jpg,vanet,..\..\DATA\datasetv2_TrainClean\clean
..\..\DATA\dataset\clean\vanet\197678284.jpg,vanet,..\..\DATA\dataset\clean
..\..\DATA\datasetv2_TrainClean\clean\minibus\214524899.jpg,minibus,..\..\DATA\datasetv2_TrainClean\clean
..\..\DATA\datasetv2_TrainClean\clean\kamyun\212082731.jpg,kamyun,..\..\DATA\datasetv2_TrainClean\clean
..\..\DATA\datasetv2_TrainClean\train\taxi\218024619.jpg,taxi,..\..\DATA\datasetv2_TrainClean\train
..\..\DATA\datasetv2_TrainClean\train\taxi\216402445.jpg,taxi,..\..\DATA\datasetv2_TrainClean\train
..\..\DATA\datasetv2_TrainClean\train\kamyun\218683897.jpg,kamyun,..\..\DATA\datasetv2_TrainClean\train
..\..\DATA\datasetv2_TrainClean\clean\savari\218822178.jpg,savari,..\..\DATA\datasetv2_TrainClean\clean
..\..\DATA\datasetv2_TrainClean\train\taxi\217195564.jpg,taxi,..\..\DATA\datasetv2_TrainClean\train
..\..\DATA\datasetv2_TrainClean\train\savari\218224358.jpg,savari,..\..\DATA\datasetv2_TrainClean\train
..\..\DATA\datasetv2_TrainClean\train\taxi\215057971.jpg,taxi,..\..\DATA\datasetv2_TrainClean\train
..\..\DATA\datasetv2_TrainClean\clean\minibus\193746982.jpg,minibus,..\..\DATA\datasetv2_TrainClean\clean
..\..\DATA\datasetv2_TrainClean\train\savari\216182368.jpg,savari,..\..\DATA\datasetv2_TrainClean\train
..\..\DATA\datasetv2_TrainClean\train\taxi\217244427.jpg,taxi,..\..\DATA\datasetv2_TrainClean\train
..\..\DATA\datasetv2_TrainClean\train\ambulance\218737689.jpg,ambulance,..\..\DATA\datasetv2_TrainClean\train
..\..\DATA\datasetv2_TrainClean\clean\ambulance\216999633.jpg,ambulance,..\..\DATA\datasetv2_TrainClean\clean
..\..\DATA\datasetv2_TrainClean\train\taxi\218932282.jpg,taxi,..\..\DATA\datasetv2_TrainClean\train
..\..\DATA\datasetv2_TrainClean\train\savari\219049738.jpg,savari,..\..\DATA\datasetv2_TrainClean\train
..\..\DATA\dataset\clean\vanet\199759650.jpg,vanet,..\..\DATA\dataset\clean
..\..\DATA\datasetv2_TrainClean\train\ambulance\218266352.jpg,ambulance,..\..\DATA\datasetv2_TrainClean\train
..\..\DATA\datasetv2_TrainClean\train\vanet\218101940.jpg,vanet,..\..\DATA\datasetv2_TrainClean\train
..\..\DATA\dataset\train\kamyun\215893105.jpg,kamyun,..\..\DATA\dataset\train
..\..\DATA\datasetv2_TrainClean\train\vanet\214776623.jpg,vanet,..\..\DATA\datasetv2_TrainClean\train
..\..\DATA\dataset\clean\minibus\216983171.jpg,minibus,..\..\DATA\dataset\clean
..\..\DATA\datasetv2_TrainClean\train\autobus\216797653.jpg,autobus,..\..\DATA\datasetv2_TrainClean\train
..\..\DATA\dataset\clean\savari\216370669.jpg,savari,..\..\DATA\dataset\clean
..\..\DATA\datasetv2_TrainClean\train\vanet\199447894.jpg,vanet,..\..\DATA\datasetv2_TrainClean\train
..\..\DATA\datasetv2_TrainClean\train\ambulance\213283576.jpg,ambulance,..\..\DATA\datasetv2_TrainClean\train
..\..\DATA\dataset\clean\taxi\215503531.jpg,taxi,..\..\DATA\dataset\clean
..\..\DATA\datasetv2_TrainClean\clean\autobus\217999361.jpg,autobus,..\..\DATA\datasetv2_TrainClean\clean
..\..\DATA\datasetv2_TrainClean\train\kamyun\204655887.jpg,kamyun,..\..\DATA\datasetv2_TrainClean\train
..\..\DATA\datasetv2_TrainClean\train\kamyun\216026504.jpg,kamyun,..\..\DATA\datasetv2_TrainClean\train
..\..\DATA\dataset\clean\taxi\197838399.jpg,taxi,..\..\DATA\dataset\clean
..\..\DATA\datasetv2_TrainClean\clean\vanet\195165208.jpg,vanet,..\..\DATA\datasetv2_TrainClean\clean
..\..\DATA\dataset\train\ambulance\218078334.jpg,ambulance,..\..\DATA\dataset\train
..\..\DATA\datasetv2_TrainClean\train\savari\197381955.jpg,savari,..\..\DATA\datasetv2_TrainClean\train
..\..\DATA\datasetv2_TrainClean\clean\autobus\218088953.jpg,autobus,..\..\DATA\datasetv2_TrainClean\clean
..\..\DATA\dataset\clean\kamyun\199575055.jpg,kamyun,..\..\DATA\dataset\clean
..\..\DATA\datasetv2_TrainClean\train\taxi\215920981.jpg,taxi,..\..\DATA\datasetv2_TrainClean\train
..\..\DATA\dataset\train\kamyun\218367749.jpg,kamyun,..\..\DATA\dataset\train
..\..\DATA\datasetv2_TrainClean\train\kamyun\198229545.jpg,kamyun,..\..\DATA\datasetv2_TrainClean\train
..\..\DATA\datasetv2_TrainClean\train\autobus\216086152.jpg,autobus,..\..\DATA\datasetv2_TrainClean\train
..\..\DATA\datasetv2_TrainClean\clean\kamyun\215657122.jpg,kamyun,..\..\DATA\datasetv2_TrainClean\clean
..\..\DATA\datasetv2_TrainClean\clean\kamyun\217812444.jpg,kamyun,..\..\DATA\datasetv2_TrainClean\clean
..\..\DATA\datasetv2_TrainClean\train\taxi\215772638.jpg,taxi,..\..\DATA\datasetv2_TrainClean\train
..\..\DATA\datasetv2_TrainClean\clean\savari\197061032.jpg,savari,..\..\DATA\datasetv2_TrainClean\clean
..\..\DATA\dataset\clean\kamyun\218726135.jpg,kamyun,..\..\DATA\dataset\clean
..\..\DATA\datasetv2_TrainClean\train\kamyun\218178501.jpg,kamyun,..\..\DATA\datasetv2_TrainClean\train
..\..\DATA\datasetv2_TrainClean\train\taxi\216017859.jpg,taxi,..\..\DATA\datasetv2_TrainClean\train
..\..\DATA\datasetv2_TrainClean\clean\savari\217304565.jpg,savari,..\..\DATA\datasetv2_TrainClean\clean
..\..\DATA\dataset\train\taxi\218655409.jpg,taxi,..\..\DATA\dataset\train
..\..\DATA\dataset\train\minibus\215533576.jpg,minibus,..\..\DATA\dataset\train
..\..\DATA\datasetv2_TrainClean\clean\autobus\216426389.jpg,autobus,..\..\DATA\datasetv2_TrainClean\clean
..\..\DATA\dataset\train\kamyun\218465748.jpg,kamyun,..\..\DATA\dataset\train
..\..\DATA\datasetv2_TrainClean\train\kamyun\217447379.jpg,kamyun,..\..\DATA\datasetv2_TrainClean\train
..\..\DATA\datasetv2_TrainClean\clean\vanet\197277257.jpg,vanet,..\..\DATA\datasetv2_TrainClean\clean
..\..\DATA\datasetv2_TrainClean\clean\taxi\217551050.jpg,taxi,..\..\DATA\datasetv2_TrainClean\clean
